split,site_id,patch_id,sample_id,patch_key,sample_key,spatial_group_id,patch_row_start,patch_col_start,year,month,n_valid_points,rh95_median,rh95_max,s2_valid_aoi_fraction,source_split,source_index,patch_height_p90,patch_height_bin,patch_height_bin_label,n_gedi_occurrences,n_unique_gedi
val,Agadir,AGADIR_r000000_c002560,AGADIR_r000000_c002560_Y2019_M05_N00000,agadir|AGADIR_r000000_c002560,agadir|AGADIR_r000000_c002560_Y2019_M05_N00000,SG_0002,0,2560,2019,5,57,2.02,2.69,0.998981462619678,test,0,2.222,0,"[0,2.5)",57,57
val,Agadir,AGADIR_r000000_c002560,AGADIR_r000000_c002560_Y2019_M06_N00001,agadir|AGADIR_r000000_c002560,agadir|AGADIR_r000000_c002560_Y2019_M06_N00001,SG_0002,0,2560,2019,6,57,2.02,2.69,0.998981462619678,test,1,2.222,0,"[0,2.5)",57,57
val,Agadir,AGADIR_r000000_c002560,AGADIR_r000000_c002560_Y2019_M07_N00002,agadir|AGADIR_r000000_c002560,agadir|AGADIR_r000000_c002560_Y2019_M07_N00002,SG_0002,0,2560,2019,7,57,2.02,2.69,0.998981462619678,test,2,2.222,0,"[0,2.5)",57,57
val,Agadir,AGADIR_r000000_c002560,AGADIR_r000000_c002560_Y2019_M08_N00003,agadir|AGADIR_r000000_c002560,agadir|AGADIR_r000000_c002560_Y2019_M08_N00003,SG_0002,0,2560,2019,8,57,2.02,2.69,0.998981462619678,test,3,2.222,0,"[0,2.5)",57,57
val,Agadir,AGADIR_r000000_c002560,AGADIR_r000000_c002560_Y2019_M09_N00004,agadir|AGADIR_r000000_c002560,agadir|AGADIR_r000000_c002560_Y2019_M09_N00004,SG_0002,0,2560,2019,9,57,2.02,2.69,0.998981462619678,test,4,2.222,0,"[0,2.5)",57,57
val,Agadir,AGADIR_r000000_c002560,AGADIR_r000000_c002560_Y2020_M05_N00005,agadir|AGADIR_r000000_c002560,agadir|AGADIR_r000000_c002560_Y2020_M05_N00005,SG_0002,0,2560,2020,5,23,2.3,4.95,0.998981462619678,test,5,2.4680000000000004,0,"[0,2.5)",23,23
val,Agadir,AGADIR_r000000_c002560,AGADIR_r000000_c002560_Y2020_M06_N00006,agadir|AGADIR_r000000_c002560,agadir|AGADIR_r000000_c002560_Y2020_M06_N00006,SG_0002,0,2560,2020,6,23,2.3,4.95,0.998981462619678,test,6,2.4680000000000004,0,"[0,2.5)",23,23
val,Agadir,AGADIR_r000000_c002560,AGADIR_r000000_c002560_Y2020_M07_N00007,agadir|AGADIR_r000000_c002560,agadir|AGADIR_r000000_c002560_Y2020_M07_N00007,SG_0002,0,2560,2020,7,23,2.3,4.95,0.998981462619678,test,7,2.4680000000000004,0,"[0,2.5)",23,23
val,Agadir,AGADIR_r000000_c002560,AGADIR_r000000_c002560_Y2020_M08_N00008,agadir|AGADIR_r000000_c002560,agadir|AGADIR_r000000_c002560_Y2020_M08_N00008,SG_0002,0,2560,2020,8,23,2.3,4.95,0.998981462619678,test,8,2.4680000000000004,0,"[0,2.5)",23,23
val,Agadir,AGADIR_r000000_c002560,AGADIR_r000000_c002560_Y2020_M09_N00009,agadir|AGADIR_r000000_c002560,agadir|AGADIR_r000000_c002560_Y2020_M09_N00009,SG_0002,0,2560,2020,9,23,2.3,4.95,0.998981462619678,test,9,2.4680000000000004,0,"[0,2.5)",23,23
val,Agadir,AGADIR_r000000_c002560,AGADIR_r000000_c002560_Y2022_M06_N00010,agadir|AGADIR_r000000_c002560,agadir|AGADIR_r000000_c002560_Y2022_M06_N00010,SG_0002,0,2560,2022,6,1,2.39,2.39,0.998981462619678,test,10,2.39,0,"[0,2.5)",1,1
val,Agadir,AGADIR_r000000_c002560,AGADIR_r000000_c002560_Y2022_M07_N00011,agadir|AGADIR_r000000_c002560,agadir|AGADIR_r000000_c002560_Y2022_M07_N00011,SG_0002,0,2560,2022,7,1,2.39,2.39,0.998981462619678,test,11,2.39,0,"[0,2.5)",1,1
val,Agadir,AGADIR_r000000_c002560,AGADIR_r000000_c002560_Y2022_M08_N00012,agadir|AGADIR_r000000_c002560,agadir|AGADIR_r000000_c002560_Y2022_M08_N00012,SG_0002,0,2560,2022,8,1,2.39,2.39,0.998981462619678,test,12,2.39,0,"[0,2.5)",1,1
val,Agadir,AGADIR_r000000_c002560,AGADIR_r000000_c002560_Y2022_M09_N00013,agadir|AGADIR_r000000_c002560,agadir|AGADIR_r000000_c002560_Y2022_M09_N00013,SG_0002,0,2560,2022,9,1,2.39,2.39,0.998981462619678,test,13,2.39,0,"[0,2.5)",1,1
val,Agadir,AGADIR_r000000_c002560,AGADIR_r000000_c002560_Y2024_M07_N00014,agadir|AGADIR_r000000_c002560,agadir|AGADIR_r000000_c002560_Y2024_M07_N00014,SG_0002,0,2560,2024,7,17,2.24,3.8,0.998981462619678,test,14,2.528,1,"[2.5,5)",17,17
val,Agadir,AGADIR_r000000_c002560,AGADIR_r000000_c002560_Y2024_M08_N00015,agadir|AGADIR_r000000_c002560,agadir|AGADIR_r000000_c002560_Y2024_M08_N00015,SG_0002,0,2560,2024,8,17,2.24,3.8,0.998981462619678,test,15,2.528,1,"[2.5,5)",17,17
val,Agadir,AGADIR_r000000_c002560,AGADIR_r000000_c002560_Y2024_M09_N00016,agadir|AGADIR_r000000_c002560,agadir|AGADIR_r000000_c002560_Y2024_M09_N00016,SG_0002,0,2560,2024,9,17,2.24,3.8,0.998981462619678,test,16,2.528,1,"[2.5,5)",17,17
val,Agadir,AGADIR_r000000_c002560,AGADIR_r000000_c002560_Y2025_M05_N00017,agadir|AGADIR_r000000_c002560,agadir|AGADIR_r000000_c002560_Y2025_M05_N00017,SG_0002,0,2560,2025,5,17,2.24,3.8,0.998981462619678,test,17,2.528,1,"[2.5,5)",17,17
train,Agadir,AGADIR_r000512_c002048,AGADIR_r000512_c002048_Y2019_M05_N00018,agadir|AGADIR_r000512_c002048,agadir|AGADIR_r000512_c002048_Y2019_M05_N00018,SG_0005,512,2048,2019,5,512,1.96,5.13,1.0,test,18,2.21,0,"[0,2.5)",512,512
train,Agadir,AGADIR_r000512_c002048,AGADIR_r000512_c002048_Y2019_M06_N00019,agadir|AGADIR_r000512_c002048,agadir|AGADIR_r000512_c002048_Y2019_M06_N00019,SG_0005,512,2048,2019,6,512,2.02,3.96,1.0,test,19,2.28,0,"[0,2.5)",512,512
train,Agadir,AGADIR_r000512_c002048,AGADIR_r000512_c002048_Y2019_M07_N00020,agadir|AGADIR_r000512_c002048,agadir|AGADIR_r000512_c002048_Y2019_M07_N00020,SG_0005,512,2048,2019,7,512,2.02,3.96,1.0,test,20,2.28,0,"[0,2.5)",512,512
train,Agadir,AGADIR_r000512_c002048,AGADIR_r000512_c002048_Y2019_M08_N00021,agadir|AGADIR_r000512_c002048,agadir|AGADIR_r000512_c002048_Y2019_M08_N00021,SG_0005,512,2048,2019,8,512,2.02,3.96,1.0,test,21,2.28,0,"[0,2.5)",512,512
train,Agadir,AGADIR_r000512_c002048,AGADIR_r000512_c002048_Y2019_M09_N00022,agadir|AGADIR_r000512_c002048,agadir|AGADIR_r000512_c002048_Y2019_M09_N00022,SG_0005,512,2048,2019,9,512,2.02,3.96,1.0,test,22,2.28,0,"[0,2.5)",512,512
train,Agadir,AGADIR_r000512_c002048,AGADIR_r000512_c002048_Y2020_M05_N00023,agadir|AGADIR_r000512_c002048,agadir|AGADIR_r000512_c002048_Y2020_M05_N00023,SG_0005,512,2048,2020,5,512,2.3,4.1,1.0,test,23,2.79,1,"[2.5,5)",512,512
train,Agadir,AGADIR_r000512_c002048,AGADIR_r000512_c002048_Y2020_M06_N00024,agadir|AGADIR_r000512_c002048,agadir|AGADIR_r000512_c002048_Y2020_M06_N00024,SG_0005,512,2048,2020,6,512,2.3,4.1,1.0,test,24,2.79,1,"[2.5,5)",512,512
train,Agadir,AGADIR_r000512_c002048,AGADIR_r000512_c002048_Y2020_M07_N00025,agadir|AGADIR_r000512_c002048,agadir|AGADIR_r000512_c002048_Y2020_M07_N00025,SG_0005,512,2048,2020,7,512,2.3,4.1,1.0,test,25,2.79,1,"[2.5,5)",512,512
train,Agadir,AGADIR_r000512_c002048,AGADIR_r000512_c002048_Y2020_M08_N00026,agadir|AGADIR_r000512_c002048,agadir|AGADIR_r000512_c002048_Y2020_M08_N00026,SG_0005,512,2048,2020,8,512,2.3,4.1,1.0,test,26,2.79,1,"[2.5,5)",512,512
train,Agadir,AGADIR_r000512_c002048,AGADIR_r000512_c002048_Y2020_M09_N00027,agadir|AGADIR_r000512_c002048,agadir|AGADIR_r000512_c002048_Y2020_M09_N00027,SG_0005,512,2048,2020,9,512,2.3,4.1,1.0,test,27,2.79,1,"[2.5,5)",512,512
train,Agadir,AGADIR_r000512_c002048,AGADIR_r000512_c002048_Y2021_M05_N00028,agadir|AGADIR_r000512_c002048,agadir|AGADIR_r000512_c002048_Y2021_M05_N00028,SG_0005,512,2048,2021,5,512,2.05,4.38,1.0,test,28,2.24,0,"[0,2.5)",512,512
train,Agadir,AGADIR_r000512_c002048,AGADIR_r000512_c002048_Y2021_M06_N00029,agadir|AGADIR_r000512_c002048,agadir|AGADIR_r000512_c002048_Y2021_M06_N00029,SG_0005,512,2048,2021,6,512,2.05,4.38,1.0,test,29,2.24,0,"[0,2.5)",512,512
train,Agadir,AGADIR_r000512_c002048,AGADIR_r000512_c002048_Y2021_M07_N00030,agadir|AGADIR_r000512_c002048,agadir|AGADIR_r000512_c002048_Y2021_M07_N00030,SG_0005,512,2048,2021,7,512,2.05,4.38,1.0,test,30,2.24,0,"[0,2.5)",512,512
train,Agadir,AGADIR_r000512_c002048,AGADIR_r000512_c002048_Y2021_M08_N00031,agadir|AGADIR_r000512_c002048,agadir|AGADIR_r000512_c002048_Y2021_M08_N00031,SG_0005,512,2048,2021,8,512,2.05,4.38,1.0,test,31,2.24,0,"[0,2.5)",512,512
train,Agadir,AGADIR_r000512_c002048,AGADIR_r000512_c002048_Y2021_M09_N00032,agadir|AGADIR_r000512_c002048,agadir|AGADIR_r000512_c002048_Y2021_M09_N00032,SG_0005,512,2048,2021,9,512,2.05,4.38,1.0,test,32,2.24,0,"[0,2.5)",512,512
train,Agadir,AGADIR_r000512_c002048,AGADIR_r000512_c002048_Y2022_M05_N00033,agadir|AGADIR_r000512_c002048,agadir|AGADIR_r000512_c002048_Y2022_M05_N00033,SG_0005,512,2048,2022,5,486,2.31,6.52,1.0,test,33,2.72,1,"[2.5,5)",486,486
train,Agadir,AGADIR_r000512_c002048,AGADIR_r000512_c002048_Y2022_M06_N00034,agadir|AGADIR_r000512_c002048,agadir|AGADIR_r000512_c002048_Y2022_M06_N00034,SG_0005,512,2048,2022,6,512,2.31,6.52,1.0,test,34,2.72,1,"[2.5,5)",512,512
train,Agadir,AGADIR_r000512_c002048,AGADIR_r000512_c002048_Y2022_M07_N00035,agadir|AGADIR_r000512_c002048,agadir|AGADIR_r000512_c002048_Y2022_M07_N00035,SG_0005,512,2048,2022,7,512,2.31,6.52,1.0,test,35,2.72,1,"[2.5,5)",512,512
train,Agadir,AGADIR_r000512_c002048,AGADIR_r000512_c002048_Y2022_M08_N00036,agadir|AGADIR_r000512_c002048,agadir|AGADIR_r000512_c002048_Y2022_M08_N00036,SG_0005,512,2048,2022,8,512,2.31,6.52,1.0,test,36,2.68,1,"[2.5,5)",512,512
train,Agadir,AGADIR_r000512_c002048,AGADIR_r000512_c002048_Y2022_M09_N00037,agadir|AGADIR_r000512_c002048,agadir|AGADIR_r000512_c002048_Y2022_M09_N00037,SG_0005,512,2048,2022,9,512,2.28,6.52,1.0,test,37,2.64,1,"[2.5,5)",512,512
train,Agadir,AGADIR_r000512_c002048,AGADIR_r000512_c002048_Y2024_M06_N00038,agadir|AGADIR_r000512_c002048,agadir|AGADIR_r000512_c002048_Y2024_M06_N00038,SG_0005,512,2048,2024,6,2,2.0349998,2.05,1.0,test,38,2.047,0,"[0,2.5)",2,2
train,Agadir,AGADIR_r000512_c002048,AGADIR_r000512_c002048_Y2024_M07_N00039,agadir|AGADIR_r000512_c002048,agadir|AGADIR_r000512_c002048_Y2024_M07_N00039,SG_0005,512,2048,2024,7,95,2.38,3.13,1.0,test,39,2.5,1,"[2.5,5)",95,95
train,Agadir,AGADIR_r000512_c002048,AGADIR_r000512_c002048_Y2024_M08_N00040,agadir|AGADIR_r000512_c002048,agadir|AGADIR_r000512_c002048_Y2024_M08_N00040,SG_0005,512,2048,2024,8,95,2.38,3.13,1.0,test,40,2.5,1,"[2.5,5)",95,95
train,Agadir,AGADIR_r000512_c002048,AGADIR_r000512_c002048_Y2024_M09_N00041,agadir|AGADIR_r000512_c002048,agadir|AGADIR_r000512_c002048_Y2024_M09_N00041,SG_0005,512,2048,2024,9,95,2.38,3.13,1.0,test,41,2.5,1,"[2.5,5)",95,95
train,Agadir,AGADIR_r000512_c002048,AGADIR_r000512_c002048_Y2025_M05_N00042,agadir|AGADIR_r000512_c002048,agadir|AGADIR_r000512_c002048_Y2025_M05_N00042,SG_0005,512,2048,2025,5,93,2.38,3.13,1.0,test,42,2.5,1,"[2.5,5)",93,93
train,Agadir,AGADIR_r000512_c002560,AGADIR_r000512_c002560_Y2019_M05_N00043,agadir|AGADIR_r000512_c002560,agadir|AGADIR_r000512_c002560_Y2019_M05_N00043,SG_0006,512,2560,2019,5,456,2.13,7.97,0.9998551983782218,test,43,3.4,1,"[2.5,5)",456,456
train,Agadir,AGADIR_r000512_c002560,AGADIR_r000512_c002560_Y2019_M06_N00044,agadir|AGADIR_r000512_c002560,agadir|AGADIR_r000512_c002560_Y2019_M06_N00044,SG_0006,512,2560,2019,6,512,2.17,7.97,0.9998551983782218,test,44,3.4760000000000013,1,"[2.5,5)",512,512
train,Agadir,AGADIR_r000512_c002560,AGADIR_r000512_c002560_Y2019_M07_N00045,agadir|AGADIR_r000512_c002560,agadir|AGADIR_r000512_c002560_Y2019_M07_N00045,SG_0006,512,2560,2019,7,512,2.17,7.97,0.9998551983782218,test,45,3.4760000000000013,1,"[2.5,5)",512,512
train,Agadir,AGADIR_r000512_c002560,AGADIR_r000512_c002560_Y2019_M08_N00046,agadir|AGADIR_r000512_c002560,agadir|AGADIR_r000512_c002560_Y2019_M08_N00046,SG_0006,512,2560,2019,8,512,2.24,11.98,0.9998551983782218,test,46,3.397000000000001,1,"[2.5,5)",512,512
train,Agadir,AGADIR_r000512_c002560,AGADIR_r000512_c002560_Y2019_M09_N00047,agadir|AGADIR_r000512_c002560,agadir|AGADIR_r000512_c002560_Y2019_M09_N00047,SG_0006,512,2560,2019,9,512,2.24,14.34,0.9998551983782218,test,47,3.67,1,"[2.5,5)",512,512
train,Agadir,AGADIR_r000512_c002560,AGADIR_r000512_c002560_Y2020_M05_N00048,agadir|AGADIR_r000512_c002560,agadir|AGADIR_r000512_c002560_Y2020_M05_N00048,SG_0006,512,2560,2020,5,174,2.68,7.3,0.9998551983782218,test,48,3.24,1,"[2.5,5)",174,174
train,Agadir,AGADIR_r000512_c002560,AGADIR_r000512_c002560_Y2020_M06_N00049,agadir|AGADIR_r000512_c002560,agadir|AGADIR_r000512_c002560_Y2020_M06_N00049,SG_0006,512,2560,2020,6,174,2.68,7.3,0.9998551983782218,test,49,3.24,1,"[2.5,5)",174,174
train,Agadir,AGADIR_r000512_c002560,AGADIR_r000512_c002560_Y2020_M07_N00050,agadir|AGADIR_r000512_c002560,agadir|AGADIR_r000512_c002560_Y2020_M07_N00050,SG_0006,512,2560,2020,7,174,2.68,7.3,0.9998551983782218,test,50,3.24,1,"[2.5,5)",174,174
train,Agadir,AGADIR_r000512_c002560,AGADIR_r000512_c002560_Y2020_M08_N00051,agadir|AGADIR_r000512_c002560,agadir|AGADIR_r000512_c002560_Y2020_M08_N00051,SG_0006,512,2560,2020,8,174,2.68,7.3,0.9998551983782218,test,51,3.24,1,"[2.5,5)",174,174
train,Agadir,AGADIR_r000512_c002560,AGADIR_r000512_c002560_Y2020_M09_N00052,agadir|AGADIR_r000512_c002560,agadir|AGADIR_r000512_c002560_Y2020_M09_N00052,SG_0006,512,2560,2020,9,174,2.68,7.3,0.9998551983782218,test,52,3.24,1,"[2.5,5)",174,174
train,Agadir,AGADIR_r000512_c002560,AGADIR_r000512_c002560_Y2021_M05_N00053,agadir|AGADIR_r000512_c002560,agadir|AGADIR_r000512_c002560_Y2021_M05_N00053,SG_0006,512,2560,2021,5,106,2.24,8.87,0.9998551983782218,test,53,2.935,1,"[2.5,5)",106,106
train,Agadir,AGADIR_r000512_c002560,AGADIR_r000512_c002560_Y2021_M06_N00054,agadir|AGADIR_r000512_c002560,agadir|AGADIR_r000512_c002560_Y2021_M06_N00054,SG_0006,512,2560,2021,6,106,2.24,8.87,0.9998551983782218,test,54,2.935,1,"[2.5,5)",106,106
train,Agadir,AGADIR_r000512_c002560,AGADIR_r000512_c002560_Y2021_M07_N00055,agadir|AGADIR_r000512_c002560,agadir|AGADIR_r000512_c002560_Y2021_M07_N00055,SG_0006,512,2560,2021,7,106,2.24,8.87,0.9998551983782218,test,55,2.935,1,"[2.5,5)",106,106
train,Agadir,AGADIR_r000512_c002560,AGADIR_r000512_c002560_Y2021_M08_N00056,agadir|AGADIR_r000512_c002560,agadir|AGADIR_r000512_c002560_Y2021_M08_N00056,SG_0006,512,2560,2021,8,106,2.24,8.87,0.9998551983782218,test,56,2.935,1,"[2.5,5)",106,106
train,Agadir,AGADIR_r000512_c002560,AGADIR_r000512_c002560_Y2021_M09_N00057,agadir|AGADIR_r000512_c002560,agadir|AGADIR_r000512_c002560_Y2021_M09_N00057,SG_0006,512,2560,2021,9,106,2.24,8.87,0.9998551983782218,test,57,2.935,1,"[2.5,5)",106,106
train,Agadir,AGADIR_r000512_c002560,AGADIR_r000512_c002560_Y2022_M05_N00058,agadir|AGADIR_r000512_c002560,agadir|AGADIR_r000512_c002560_Y2022_M05_N00058,SG_0006,512,2560,2022,5,125,2.34,8.05,0.9998551983782218,test,58,3.814000000000002,1,"[2.5,5)",125,125
train,Agadir,AGADIR_r000512_c002560,AGADIR_r000512_c002560_Y2022_M06_N00059,agadir|AGADIR_r000512_c002560,agadir|AGADIR_r000512_c002560_Y2022_M06_N00059,SG_0006,512,2560,2022,6,468,2.24,15.63,0.9998551983782218,test,59,3.4,1,"[2.5,5)",468,468
train,Agadir,AGADIR_r000512_c002560,AGADIR_r000512_c002560_Y2022_M07_N00060,agadir|AGADIR_r000512_c002560,agadir|AGADIR_r000512_c002560_Y2022_M07_N00060,SG_0006,512,2560,2022,7,468,2.24,15.63,0.9998551983782218,test,60,3.4,1,"[2.5,5)",468,468
train,Agadir,AGADIR_r000512_c002560,AGADIR_r000512_c002560_Y2022_M08_N00061,agadir|AGADIR_r000512_c002560,agadir|AGADIR_r000512_c002560_Y2022_M08_N00061,SG_0006,512,2560,2022,8,468,2.24,15.63,0.9998551983782218,test,61,3.4,1,"[2.5,5)",468,468
train,Agadir,AGADIR_r000512_c002560,AGADIR_r000512_c002560_Y2022_M09_N00062,agadir|AGADIR_r000512_c002560,agadir|AGADIR_r000512_c002560_Y2022_M09_N00062,SG_0006,512,2560,2022,9,468,2.24,15.63,0.9998551983782218,test,62,3.4,1,"[2.5,5)",468,468
train,Agadir,AGADIR_r000512_c002560,AGADIR_r000512_c002560_Y2024_M07_N00063,agadir|AGADIR_r000512_c002560,agadir|AGADIR_r000512_c002560_Y2024_M07_N00063,SG_0006,512,2560,2024,7,387,2.42,11.68,0.9998551983782218,test,63,3.3880000000000026,1,"[2.5,5)",387,387
train,Agadir,AGADIR_r000512_c002560,AGADIR_r000512_c002560_Y2024_M08_N00064,agadir|AGADIR_r000512_c002560,agadir|AGADIR_r000512_c002560_Y2024_M08_N00064,SG_0006,512,2560,2024,8,387,2.42,11.68,0.9998551983782218,test,0,3.3880000000000026,1,"[2.5,5)",387,387
train,Agadir,AGADIR_r000512_c002560,AGADIR_r000512_c002560_Y2024_M09_N00065,agadir|AGADIR_r000512_c002560,agadir|AGADIR_r000512_c002560_Y2024_M09_N00065,SG_0006,512,2560,2024,9,387,2.42,11.68,0.9998551983782218,test,1,3.3880000000000026,1,"[2.5,5)",387,387
train,Agadir,AGADIR_r000512_c002560,AGADIR_r000512_c002560_Y2025_M05_N00066,agadir|AGADIR_r000512_c002560,agadir|AGADIR_r000512_c002560_Y2025_M05_N00066,SG_0006,512,2560,2025,5,387,2.42,11.68,0.9998551983782218,test,2,3.3880000000000026,1,"[2.5,5)",387,387
val,Agadir,AGADIR_r001536_c001024,AGADIR_r001536_c001024_Y2019_M05_N00067,agadir|AGADIR_r001536_c001024,agadir|AGADIR_r001536_c001024_Y2019_M05_N00067,SG_0019,1536,1024,2019,5,512,4.45,18.27,1.0,test,3,8.346000000000002,3,"[8,10)",512,512
val,Agadir,AGADIR_r001536_c001024,AGADIR_r001536_c001024_Y2019_M06_N00068,agadir|AGADIR_r001536_c001024,agadir|AGADIR_r001536_c001024_Y2019_M06_N00068,SG_0019,1536,1024,2019,6,512,4.45,18.27,1.0,test,4,8.346000000000002,3,"[8,10)",512,512
val,Agadir,AGADIR_r001536_c001024,AGADIR_r001536_c001024_Y2019_M07_N00069,agadir|AGADIR_r001536_c001024,agadir|AGADIR_r001536_c001024_Y2019_M07_N00069,SG_0019,1536,1024,2019,7,512,4.45,18.27,1.0,test,5,8.346000000000002,3,"[8,10)",512,512
val,Agadir,AGADIR_r001536_c001024,AGADIR_r001536_c001024_Y2019_M08_N00070,agadir|AGADIR_r001536_c001024,agadir|AGADIR_r001536_c001024_Y2019_M08_N00070,SG_0019,1536,1024,2019,8,512,4.45,18.27,1.0,test,6,8.346000000000002,3,"[8,10)",512,512
val,Agadir,AGADIR_r001536_c001024,AGADIR_r001536_c001024_Y2019_M09_N00071,agadir|AGADIR_r001536_c001024,agadir|AGADIR_r001536_c001024_Y2019_M09_N00071,SG_0019,1536,1024,2019,9,512,4.49,18.27,1.0,test,7,8.496000000000002,3,"[8,10)",512,512
val,Agadir,AGADIR_r001536_c001024,AGADIR_r001536_c001024_Y2020_M05_N00072,agadir|AGADIR_r001536_c001024,agadir|AGADIR_r001536_c001024_Y2020_M05_N00072,SG_0019,1536,1024,2020,5,235,4.5,17.17,1.0,test,8,8.032,3,"[8,10)",235,235
val,Agadir,AGADIR_r001536_c001024,AGADIR_r001536_c001024_Y2020_M06_N00073,agadir|AGADIR_r001536_c001024,agadir|AGADIR_r001536_c001024_Y2020_M06_N00073,SG_0019,1536,1024,2020,6,235,4.5,17.17,1.0,test,9,8.032,3,"[8,10)",235,235
val,Agadir,AGADIR_r001536_c001024,AGADIR_r001536_c001024_Y2020_M07_N00074,agadir|AGADIR_r001536_c001024,agadir|AGADIR_r001536_c001024_Y2020_M07_N00074,SG_0019,1536,1024,2020,7,235,4.5,17.17,1.0,test,10,8.032,3,"[8,10)",235,235
val,Agadir,AGADIR_r001536_c001024,AGADIR_r001536_c001024_Y2020_M08_N00075,agadir|AGADIR_r001536_c001024,agadir|AGADIR_r001536_c001024_Y2020_M08_N00075,SG_0019,1536,1024,2020,8,235,4.5,17.17,1.0,test,11,8.032,3,"[8,10)",235,235
val,Agadir,AGADIR_r001536_c001024,AGADIR_r001536_c001024_Y2020_M09_N00076,agadir|AGADIR_r001536_c001024,agadir|AGADIR_r001536_c001024_Y2020_M09_N00076,SG_0019,1536,1024,2020,9,235,4.5,17.17,1.0,test,12,8.032,3,"[8,10)",235,235
val,Agadir,AGADIR_r001536_c001024,AGADIR_r001536_c001024_Y2021_M05_N00077,agadir|AGADIR_r001536_c001024,agadir|AGADIR_r001536_c001024_Y2021_M05_N00077,SG_0019,1536,1024,2021,5,221,4.41,12.01,1.0,test,13,7.81,2,"[5,8)",221,221
val,Agadir,AGADIR_r001536_c001024,AGADIR_r001536_c001024_Y2021_M06_N00078,agadir|AGADIR_r001536_c001024,agadir|AGADIR_r001536_c001024_Y2021_M06_N00078,SG_0019,1536,1024,2021,6,221,4.41,12.01,1.0,test,14,7.81,2,"[5,8)",221,221
val,Agadir,AGADIR_r001536_c001024,AGADIR_r001536_c001024_Y2021_M07_N00079,agadir|AGADIR_r001536_c001024,agadir|AGADIR_r001536_c001024_Y2021_M07_N00079,SG_0019,1536,1024,2021,7,221,4.41,12.01,1.0,test,15,7.81,2,"[5,8)",221,221
val,Agadir,AGADIR_r001536_c001024,AGADIR_r001536_c001024_Y2021_M08_N00080,agadir|AGADIR_r001536_c001024,agadir|AGADIR_r001536_c001024_Y2021_M08_N00080,SG_0019,1536,1024,2021,8,490,4.54,17.73,1.0,test,16,7.851,2,"[5,8)",490,490
val,Agadir,AGADIR_r001536_c001024,AGADIR_r001536_c001024_Y2021_M09_N00081,agadir|AGADIR_r001536_c001024,agadir|AGADIR_r001536_c001024_Y2021_M09_N00081,SG_0019,1536,1024,2021,9,490,4.54,17.73,1.0,test,17,7.851,2,"[5,8)",490,490
val,Agadir,AGADIR_r001536_c001024,AGADIR_r001536_c001024_Y2022_M05_N00082,agadir|AGADIR_r001536_c001024,agadir|AGADIR_r001536_c001024_Y2022_M05_N00082,SG_0019,1536,1024,2022,5,269,4.64,17.73,1.0,test,18,7.866000000000001,2,"[5,8)",269,269
val,Agadir,AGADIR_r001536_c001024,AGADIR_r001536_c001024_Y2022_M06_N00083,agadir|AGADIR_r001536_c001024,agadir|AGADIR_r001536_c001024_Y2022_M06_N00083,SG_0019,1536,1024,2022,6,512,4.56,18.61,1.0,test,19,8.413000000000002,3,"[8,10)",512,512
val,Agadir,AGADIR_r001536_c001024,AGADIR_r001536_c001024_Y2022_M07_N00084,agadir|AGADIR_r001536_c001024,agadir|AGADIR_r001536_c001024_Y2022_M07_N00084,SG_0019,1536,1024,2022,7,375,4.45,18.7,1.0,test,20,8.886000000000005,3,"[8,10)",375,375
val,Agadir,AGADIR_r001536_c001024,AGADIR_r001536_c001024_Y2022_M08_N00085,agadir|AGADIR_r001536_c001024,agadir|AGADIR_r001536_c001024_Y2022_M08_N00085,SG_0019,1536,1024,2022,8,375,4.45,18.7,1.0,test,21,8.886000000000005,3,"[8,10)",375,375
val,Agadir,AGADIR_r001536_c001024,AGADIR_r001536_c001024_Y2022_M09_N00086,agadir|AGADIR_r001536_c001024,agadir|AGADIR_r001536_c001024_Y2022_M09_N00086,SG_0019,1536,1024,2022,9,375,4.45,18.7,1.0,test,22,8.886000000000005,3,"[8,10)",375,375
val,Agadir,AGADIR_r001536_c001024,AGADIR_r001536_c001024_Y2024_M05_N00087,agadir|AGADIR_r001536_c001024,agadir|AGADIR_r001536_c001024_Y2024_M05_N00087,SG_0019,1536,1024,2024,5,185,4.44,14.47,1.0,test,23,7.957999999999998,2,"[5,8)",185,185
val,Agadir,AGADIR_r001536_c001024,AGADIR_r001536_c001024_Y2024_M06_N00088,agadir|AGADIR_r001536_c001024,agadir|AGADIR_r001536_c001024_Y2024_M06_N00088,SG_0019,1536,1024,2024,6,197,4.32,14.47,1.0,test,24,7.892000000000001,2,"[5,8)",197,197
val,Agadir,AGADIR_r001536_c001024,AGADIR_r001536_c001024_Y2024_M07_N00089,agadir|AGADIR_r001536_c001024,agadir|AGADIR_r001536_c001024_Y2024_M07_N00089,SG_0019,1536,1024,2024,7,197,4.32,14.47,1.0,test,25,7.892000000000001,2,"[5,8)",197,197
val,Agadir,AGADIR_r001536_c001024,AGADIR_r001536_c001024_Y2024_M08_N00090,agadir|AGADIR_r001536_c001024,agadir|AGADIR_r001536_c001024_Y2024_M08_N00090,SG_0019,1536,1024,2024,8,197,4.32,14.47,1.0,test,26,7.892000000000001,2,"[5,8)",197,197
val,Agadir,AGADIR_r001536_c001024,AGADIR_r001536_c001024_Y2024_M09_N00091,agadir|AGADIR_r001536_c001024,agadir|AGADIR_r001536_c001024_Y2024_M09_N00091,SG_0019,1536,1024,2024,9,197,4.32,14.47,1.0,test,27,7.892000000000001,2,"[5,8)",197,197
train,Agadir,AGADIR_r001536_c001536,AGADIR_r001536_c001536_Y2019_M05_N00092,agadir|AGADIR_r001536_c001536,agadir|AGADIR_r001536_c001536_Y2019_M05_N00092,SG_0020,1536,1536,2019,5,189,4.75,12.62,1.0,test,28,8.554,3,"[8,10)",189,189
train,Agadir,AGADIR_r001536_c001536,AGADIR_r001536_c001536_Y2019_M06_N00093,agadir|AGADIR_r001536_c001536,agadir|AGADIR_r001536_c001536_Y2019_M06_N00093,SG_0020,1536,1536,2019,6,512,4.92,19.54,1.0,test,29,8.946000000000002,3,"[8,10)",512,512
train,Agadir,AGADIR_r001536_c001536,AGADIR_r001536_c001536_Y2019_M07_N00094,agadir|AGADIR_r001536_c001536,agadir|AGADIR_r001536_c001536_Y2019_M07_N00094,SG_0020,1536,1536,2019,7,512,4.92,19.54,1.0,test,30,8.946000000000002,3,"[8,10)",512,512
train,Agadir,AGADIR_r001536_c001536,AGADIR_r001536_c001536_Y2019_M08_N00095,agadir|AGADIR_r001536_c001536,agadir|AGADIR_r001536_c001536_Y2019_M08_N00095,SG_0020,1536,1536,2019,8,512,4.92,19.54,1.0,test,31,8.946000000000002,3,"[8,10)",512,512
train,Agadir,AGADIR_r001536_c001536,AGADIR_r001536_c001536_Y2019_M09_N00096,agadir|AGADIR_r001536_c001536,agadir|AGADIR_r001536_c001536_Y2019_M09_N00096,SG_0020,1536,1536,2019,9,512,4.9,19.54,1.0,test,32,8.91,3,"[8,10)",512,512
train,Agadir,AGADIR_r001536_c001536,AGADIR_r001536_c001536_Y2020_M05_N00097,agadir|AGADIR_r001536_c001536,agadir|AGADIR_r001536_c001536_Y2020_M05_N00097,SG_0020,1536,1536,2020,5,185,5.13,19.82,1.0,test,33,9.372,3,"[8,10)",185,185
train,Agadir,AGADIR_r001536_c001536,AGADIR_r001536_c001536_Y2020_M06_N00098,agadir|AGADIR_r001536_c001536,agadir|AGADIR_r001536_c001536_Y2020_M06_N00098,SG_0020,1536,1536,2020,6,185,5.13,19.82,1.0,test,34,9.372,3,"[8,10)",185,185
train,Agadir,AGADIR_r001536_c001536,AGADIR_r001536_c001536_Y2020_M07_N00099,agadir|AGADIR_r001536_c001536,agadir|AGADIR_r001536_c001536_Y2020_M07_N00099,SG_0020,1536,1536,2020,7,185,5.13,19.82,1.0,test,35,9.372,3,"[8,10)",185,185
train,Agadir,AGADIR_r001536_c001536,AGADIR_r001536_c001536_Y2020_M08_N00100,agadir|AGADIR_r001536_c001536,agadir|AGADIR_r001536_c001536_Y2020_M08_N00100,SG_0020,1536,1536,2020,8,185,5.13,19.82,1.0,test,36,9.372,3,"[8,10)",185,185
train,Agadir,AGADIR_r001536_c001536,AGADIR_r001536_c001536_Y2020_M09_N00101,agadir|AGADIR_r001536_c001536,agadir|AGADIR_r001536_c001536_Y2020_M09_N00101,SG_0020,1536,1536,2020,9,185,5.13,19.82,1.0,test,37,9.372,3,"[8,10)",185,185
train,Agadir,AGADIR_r001536_c001536,AGADIR_r001536_c001536_Y2021_M08_N00102,agadir|AGADIR_r001536_c001536,agadir|AGADIR_r001536_c001536_Y2021_M08_N00102,SG_0020,1536,1536,2021,8,217,4.41,11.9,1.0,test,38,8.04,3,"[8,10)",217,217
train,Agadir,AGADIR_r001536_c001536,AGADIR_r001536_c001536_Y2021_M09_N00103,agadir|AGADIR_r001536_c001536,agadir|AGADIR_r001536_c001536_Y2021_M09_N00103,SG_0020,1536,1536,2021,9,217,4.41,11.9,1.0,test,39,8.04,3,"[8,10)",217,217
train,Agadir,AGADIR_r001536_c001536,AGADIR_r001536_c001536_Y2022_M05_N00104,agadir|AGADIR_r001536_c001536,agadir|AGADIR_r001536_c001536_Y2022_M05_N00104,SG_0020,1536,1536,2022,5,512,4.43,19.73,1.0,test,40,7.923000000000002,2,"[5,8)",512,512
train,Agadir,AGADIR_r001536_c001536,AGADIR_r001536_c001536_Y2022_M06_N00105,agadir|AGADIR_r001536_c001536,agadir|AGADIR_r001536_c001536_Y2022_M06_N00105,SG_0020,1536,1536,2022,6,512,4.49,19.73,1.0,test,41,7.86,2,"[5,8)",512,512
train,Agadir,AGADIR_r001536_c001536,AGADIR_r001536_c001536_Y2022_M07_N00106,agadir|AGADIR_r001536_c001536,agadir|AGADIR_r001536_c001536_Y2022_M07_N00106,SG_0020,1536,1536,2022,7,512,4.6549997,19.73,1.0,test,42,7.994000000000002,2,"[5,8)",512,512
train,Agadir,AGADIR_r001536_c001536,AGADIR_r001536_c001536_Y2022_M08_N00107,agadir|AGADIR_r001536_c001536,agadir|AGADIR_r001536_c001536_Y2022_M08_N00107,SG_0020,1536,1536,2022,8,512,4.54,16.93,1.0,test,43,8.112000000000002,3,"[8,10)",512,512
train,Agadir,AGADIR_r001536_c001536,AGADIR_r001536_c001536_Y2022_M09_N00108,agadir|AGADIR_r001536_c001536,agadir|AGADIR_r001536_c001536_Y2022_M09_N00108,SG_0020,1536,1536,2022,9,512,4.54,16.93,1.0,test,44,8.112000000000002,3,"[8,10)",512,512
train,Agadir,AGADIR_r001536_c001536,AGADIR_r001536_c001536_Y2024_M05_N00109,agadir|AGADIR_r001536_c001536,agadir|AGADIR_r001536_c001536_Y2024_M05_N00109,SG_0020,1536,1536,2024,5,13,4.7,8.32,1.0,test,45,6.634000000000001,2,"[5,8)",13,13
train,Agadir,AGADIR_r001536_c001536,AGADIR_r001536_c001536_Y2024_M06_N00110,agadir|AGADIR_r001536_c001536,agadir|AGADIR_r001536_c001536_Y2024_M06_N00110,SG_0020,1536,1536,2024,6,13,4.7,8.32,1.0,test,46,6.634000000000001,2,"[5,8)",13,13
train,Agadir,AGADIR_r001536_c001536,AGADIR_r001536_c001536_Y2024_M07_N00111,agadir|AGADIR_r001536_c001536,agadir|AGADIR_r001536_c001536_Y2024_M07_N00111,SG_0020,1536,1536,2024,7,13,4.7,8.32,1.0,test,47,6.634000000000001,2,"[5,8)",13,13
train,Agadir,AGADIR_r001536_c001536,AGADIR_r001536_c001536_Y2024_M08_N00112,agadir|AGADIR_r001536_c001536,agadir|AGADIR_r001536_c001536_Y2024_M08_N00112,SG_0020,1536,1536,2024,8,13,4.7,8.32,1.0,test,48,6.634000000000001,2,"[5,8)",13,13
train,Agadir,AGADIR_r001536_c001536,AGADIR_r001536_c001536_Y2024_M09_N00113,agadir|AGADIR_r001536_c001536,agadir|AGADIR_r001536_c001536_Y2024_M09_N00113,SG_0020,1536,1536,2024,9,13,4.7,8.32,1.0,test,49,6.634000000000001,2,"[5,8)",13,13
test,Agadir,AGADIR_r001536_c002560,AGADIR_r001536_c002560_Y2019_M08_N00114,agadir|AGADIR_r001536_c002560,agadir|AGADIR_r001536_c002560_Y2019_M08_N00114,SG_0022,1536,2560,2019,8,192,4.13,19.5,1.0,test,50,8.443,3,"[8,10)",192,192
test,Agadir,AGADIR_r001536_c002560,AGADIR_r001536_c002560_Y2019_M09_N00115,agadir|AGADIR_r001536_c002560,agadir|AGADIR_r001536_c002560_Y2019_M09_N00115,SG_0022,1536,2560,2019,9,192,4.13,19.5,0.9998626708984376,test,51,8.443,3,"[8,10)",192,192
test,Agadir,AGADIR_r001536_c002560,AGADIR_r001536_c002560_Y2020_M05_N00116,agadir|AGADIR_r001536_c002560,agadir|AGADIR_r001536_c002560_Y2020_M05_N00116,SG_0022,1536,2560,2020,5,512,4.255,19.5,1.0,test,52,8.739000000000004,3,"[8,10)",512,512
test,Agadir,AGADIR_r001536_c002560,AGADIR_r001536_c002560_Y2020_M06_N00117,agadir|AGADIR_r001536_c002560,agadir|AGADIR_r001536_c002560_Y2020_M06_N00117,SG_0022,1536,2560,2020,6,512,4.42,19.5,1.0,test,53,8.826,3,"[8,10)",512,512
test,Agadir,AGADIR_r001536_c002560,AGADIR_r001536_c002560_Y2020_M07_N00118,agadir|AGADIR_r001536_c002560,agadir|AGADIR_r001536_c002560_Y2020_M07_N00118,SG_0022,1536,2560,2020,7,432,4.42,18.9,1.0,test,54,8.602000000000002,3,"[8,10)",432,432
test,Agadir,AGADIR_r001536_c002560,AGADIR_r001536_c002560_Y2020_M08_N00119,agadir|AGADIR_r001536_c002560,agadir|AGADIR_r001536_c002560_Y2020_M08_N00119,SG_0022,1536,2560,2020,8,432,4.42,18.9,1.0,test,55,8.602000000000002,3,"[8,10)",432,432
test,Agadir,AGADIR_r001536_c002560,AGADIR_r001536_c002560_Y2020_M09_N00120,agadir|AGADIR_r001536_c002560,agadir|AGADIR_r001536_c002560_Y2020_M09_N00120,SG_0022,1536,2560,2020,9,432,4.42,18.9,1.0,test,56,8.602000000000002,3,"[8,10)",432,432
test,Agadir,AGADIR_r001536_c002560,AGADIR_r001536_c002560_Y2021_M05_N00121,agadir|AGADIR_r001536_c002560,agadir|AGADIR_r001536_c002560_Y2021_M05_N00121,SG_0022,1536,2560,2021,5,42,7.67,19.39,1.0,test,57,15.025,5,"[15,20]",42,42
test,Agadir,AGADIR_r001536_c002560,AGADIR_r001536_c002560_Y2021_M06_N00122,agadir|AGADIR_r001536_c002560,agadir|AGADIR_r001536_c002560_Y2021_M06_N00122,SG_0022,1536,2560,2021,6,42,7.67,19.39,1.0,test,58,15.025,5,"[15,20]",42,42
test,Agadir,AGADIR_r001536_c002560,AGADIR_r001536_c002560_Y2021_M07_N00123,agadir|AGADIR_r001536_c002560,agadir|AGADIR_r001536_c002560_Y2021_M07_N00123,SG_0022,1536,2560,2021,7,42,7.67,19.39,1.0,test,59,15.025,5,"[15,20]",42,42
test,Agadir,AGADIR_r001536_c002560,AGADIR_r001536_c002560_Y2021_M08_N00124,agadir|AGADIR_r001536_c002560,agadir|AGADIR_r001536_c002560_Y2021_M08_N00124,SG_0022,1536,2560,2021,8,42,7.67,19.39,1.0,test,60,15.025,5,"[15,20]",42,42
test,Agadir,AGADIR_r001536_c002560,AGADIR_r001536_c002560_Y2021_M09_N00125,agadir|AGADIR_r001536_c002560,agadir|AGADIR_r001536_c002560_Y2021_M09_N00125,SG_0022,1536,2560,2021,9,42,7.67,19.39,0.9994964599609376,test,61,15.025,5,"[15,20]",42,42
test,Agadir,AGADIR_r001536_c002560,AGADIR_r001536_c002560_Y2022_M05_N00126,agadir|AGADIR_r001536_c002560,agadir|AGADIR_r001536_c002560_Y2022_M05_N00126,SG_0022,1536,2560,2022,5,461,4.52,18.97,1.0,test,62,9.79,3,"[8,10)",461,461
test,Agadir,AGADIR_r001536_c002560,AGADIR_r001536_c002560_Y2022_M06_N00127,agadir|AGADIR_r001536_c002560,agadir|AGADIR_r001536_c002560_Y2022_M06_N00127,SG_0022,1536,2560,2022,6,461,4.52,18.97,1.0,test,63,9.79,3,"[8,10)",461,461
test,Agadir,AGADIR_r001536_c002560,AGADIR_r001536_c002560_Y2022_M07_N00128,agadir|AGADIR_r001536_c002560,agadir|AGADIR_r001536_c002560_Y2022_M07_N00128,SG_0022,1536,2560,2022,7,461,4.52,18.97,1.0,test,0,9.79,3,"[8,10)",461,461
test,Agadir,AGADIR_r001536_c002560,AGADIR_r001536_c002560_Y2022_M08_N00129,agadir|AGADIR_r001536_c002560,agadir|AGADIR_r001536_c002560_Y2022_M08_N00129,SG_0022,1536,2560,2022,8,461,4.52,18.97,1.0,test,1,9.79,3,"[8,10)",461,461
test,Agadir,AGADIR_r001536_c002560,AGADIR_r001536_c002560_Y2022_M09_N00130,agadir|AGADIR_r001536_c002560,agadir|AGADIR_r001536_c002560_Y2022_M09_N00130,SG_0022,1536,2560,2022,9,441,4.55,18.97,0.9997406005859376,test,2,9.86,3,"[8,10)",441,441
test,Agadir,AGADIR_r001536_c002560,AGADIR_r001536_c002560_Y2024_M05_N00131,agadir|AGADIR_r001536_c002560,agadir|AGADIR_r001536_c002560_Y2024_M05_N00131,SG_0022,1536,2560,2024,5,168,3.4850001,17.17,1.0,test,3,8.112,3,"[8,10)",168,168
test,Agadir,AGADIR_r001536_c002560,AGADIR_r001536_c002560_Y2024_M06_N00132,agadir|AGADIR_r001536_c002560,agadir|AGADIR_r001536_c002560_Y2024_M06_N00132,SG_0022,1536,2560,2024,6,168,3.4850001,17.17,1.0,test,4,8.112,3,"[8,10)",168,168
test,Agadir,AGADIR_r001536_c002560,AGADIR_r001536_c002560_Y2024_M07_N00133,agadir|AGADIR_r001536_c002560,agadir|AGADIR_r001536_c002560_Y2024_M07_N00133,SG_0022,1536,2560,2024,7,168,3.4850001,17.17,1.0,test,5,8.112,3,"[8,10)",168,168
test,Agadir,AGADIR_r001536_c002560,AGADIR_r001536_c002560_Y2024_M08_N00134,agadir|AGADIR_r001536_c002560,agadir|AGADIR_r001536_c002560_Y2024_M08_N00134,SG_0022,1536,2560,2024,8,168,3.4850001,17.17,1.0,test,6,8.112,3,"[8,10)",168,168
test,Agadir,AGADIR_r001536_c002560,AGADIR_r001536_c002560_Y2024_M09_N00135,agadir|AGADIR_r001536_c002560,agadir|AGADIR_r001536_c002560_Y2024_M09_N00135,SG_0022,1536,2560,2024,9,168,3.4850001,17.17,0.9995880126953124,test,7,8.112,3,"[8,10)",168,168
train,Agadir,AGADIR_r002048_c004096,AGADIR_r002048_c004096_Y2019_M05_N00136,agadir|AGADIR_r002048_c004096,agadir|AGADIR_r002048_c004096_Y2019_M05_N00136,SG_0035,2048,4096,2019,5,512,3.29,9.21,1.0,test,8,5.089,2,"[5,8)",512,512
train,Agadir,AGADIR_r002048_c004096,AGADIR_r002048_c004096_Y2019_M06_N00137,agadir|AGADIR_r002048_c004096,agadir|AGADIR_r002048_c004096_Y2019_M06_N00137,SG_0035,2048,4096,2019,6,512,3.29,9.21,1.0,test,9,5.089,2,"[5,8)",512,512
train,Agadir,AGADIR_r002048_c004096,AGADIR_r002048_c004096_Y2019_M07_N00138,agadir|AGADIR_r002048_c004096,agadir|AGADIR_r002048_c004096_Y2019_M07_N00138,SG_0035,2048,4096,2019,7,512,3.29,9.21,1.0,test,10,5.089,2,"[5,8)",512,512
train,Agadir,AGADIR_r002048_c004096,AGADIR_r002048_c004096_Y2019_M08_N00139,agadir|AGADIR_r002048_c004096,agadir|AGADIR_r002048_c004096_Y2019_M08_N00139,SG_0035,2048,4096,2019,8,512,3.14,10.32,1.0,test,11,4.9270000000000005,1,"[2.5,5)",512,512
train,Agadir,AGADIR_r002048_c004096,AGADIR_r002048_c004096_Y2019_M09_N00140,agadir|AGADIR_r002048_c004096,agadir|AGADIR_r002048_c004096_Y2019_M09_N00140,SG_0035,2048,4096,2019,9,512,3.25,10.32,1.0,test,12,5.16,2,"[5,8)",512,512
train,Agadir,AGADIR_r002048_c004096,AGADIR_r002048_c004096_Y2020_M05_N00141,agadir|AGADIR_r002048_c004096,agadir|AGADIR_r002048_c004096_Y2020_M05_N00141,SG_0035,2048,4096,2020,5,512,3.29,9.58,1.0,test,13,5.09,2,"[5,8)",512,512
train,Agadir,AGADIR_r002048_c004096,AGADIR_r002048_c004096_Y2020_M06_N00142,agadir|AGADIR_r002048_c004096,agadir|AGADIR_r002048_c004096_Y2020_M06_N00142,SG_0035,2048,4096,2020,6,512,3.29,9.58,1.0,test,14,5.09,2,"[5,8)",512,512
train,Agadir,AGADIR_r002048_c004096,AGADIR_r002048_c004096_Y2020_M07_N00143,agadir|AGADIR_r002048_c004096,agadir|AGADIR_r002048_c004096_Y2020_M07_N00143,SG_0035,2048,4096,2020,7,1,2.23,2.23,1.0,test,15,2.23,0,"[0,2.5)",1,1
train,Agadir,AGADIR_r002048_c004096,AGADIR_r002048_c004096_Y2020_M08_N00144,agadir|AGADIR_r002048_c004096,agadir|AGADIR_r002048_c004096_Y2020_M08_N00144,SG_0035,2048,4096,2020,8,1,2.23,2.23,1.0,test,16,2.23,0,"[0,2.5)",1,1
train,Agadir,AGADIR_r002048_c004096,AGADIR_r002048_c004096_Y2020_M09_N00145,agadir|AGADIR_r002048_c004096,agadir|AGADIR_r002048_c004096_Y2020_M09_N00145,SG_0035,2048,4096,2020,9,1,2.23,2.23,1.0,test,17,2.23,0,"[0,2.5)",1,1
train,Agadir,AGADIR_r002048_c004096,AGADIR_r002048_c004096_Y2021_M05_N00146,agadir|AGADIR_r002048_c004096,agadir|AGADIR_r002048_c004096_Y2021_M05_N00146,SG_0035,2048,4096,2021,5,317,3.36,13.96,1.0,test,18,5.902000000000003,2,"[5,8)",317,317
train,Agadir,AGADIR_r002048_c004096,AGADIR_r002048_c004096_Y2021_M06_N00147,agadir|AGADIR_r002048_c004096,agadir|AGADIR_r002048_c004096_Y2021_M06_N00147,SG_0035,2048,4096,2021,6,317,3.36,13.96,1.0,test,19,5.902000000000003,2,"[5,8)",317,317
train,Agadir,AGADIR_r002048_c004096,AGADIR_r002048_c004096_Y2021_M07_N00148,agadir|AGADIR_r002048_c004096,agadir|AGADIR_r002048_c004096_Y2021_M07_N00148,SG_0035,2048,4096,2021,7,317,3.36,13.96,1.0,test,20,5.902000000000003,2,"[5,8)",317,317
train,Agadir,AGADIR_r002048_c004096,AGADIR_r002048_c004096_Y2021_M08_N00149,agadir|AGADIR_r002048_c004096,agadir|AGADIR_r002048_c004096_Y2021_M08_N00149,SG_0035,2048,4096,2021,8,317,3.36,13.96,1.0,test,21,5.902000000000003,2,"[5,8)",317,317
train,Agadir,AGADIR_r002048_c004096,AGADIR_r002048_c004096_Y2021_M09_N00150,agadir|AGADIR_r002048_c004096,agadir|AGADIR_r002048_c004096_Y2021_M09_N00150,SG_0035,2048,4096,2021,9,317,3.36,13.96,1.0,test,22,5.902000000000003,2,"[5,8)",317,317
train,Agadir,AGADIR_r002048_c004096,AGADIR_r002048_c004096_Y2022_M05_N00151,agadir|AGADIR_r002048_c004096,agadir|AGADIR_r002048_c004096_Y2022_M05_N00151,SG_0035,2048,4096,2022,5,18,3.58,10.63,1.0,test,23,8.477000000000002,3,"[8,10)",18,18
train,Agadir,AGADIR_r002048_c004096,AGADIR_r002048_c004096_Y2022_M06_N00152,agadir|AGADIR_r002048_c004096,agadir|AGADIR_r002048_c004096_Y2022_M06_N00152,SG_0035,2048,4096,2022,6,18,3.58,10.63,1.0,test,24,8.477000000000002,3,"[8,10)",18,18
train,Agadir,AGADIR_r002048_c004096,AGADIR_r002048_c004096_Y2022_M07_N00153,agadir|AGADIR_r002048_c004096,agadir|AGADIR_r002048_c004096_Y2022_M07_N00153,SG_0035,2048,4096,2022,7,96,3.7150002,14.45,1.0,test,25,7.359999999999999,2,"[5,8)",96,96
train,Agadir,AGADIR_r002048_c004096,AGADIR_r002048_c004096_Y2022_M08_N00154,agadir|AGADIR_r002048_c004096,agadir|AGADIR_r002048_c004096_Y2022_M08_N00154,SG_0035,2048,4096,2022,8,96,3.7150002,14.45,1.0,test,26,7.359999999999999,2,"[5,8)",96,96
train,Agadir,AGADIR_r002048_c004096,AGADIR_r002048_c004096_Y2022_M09_N00155,agadir|AGADIR_r002048_c004096,agadir|AGADIR_r002048_c004096_Y2022_M09_N00155,SG_0035,2048,4096,2022,9,96,3.7150002,14.45,1.0,test,27,7.359999999999999,2,"[5,8)",96,96
train,Agadir,AGADIR_r002048_c004096,AGADIR_r002048_c004096_Y2023_M05_N00156,agadir|AGADIR_r002048_c004096,agadir|AGADIR_r002048_c004096_Y2023_M05_N00156,SG_0035,2048,4096,2023,5,78,3.815,14.45,1.0,test,28,6.851999999999999,2,"[5,8)",78,78
train,Agadir,AGADIR_r002048_c004096,AGADIR_r002048_c004096_Y2024_M07_N00157,agadir|AGADIR_r002048_c004096,agadir|AGADIR_r002048_c004096_Y2024_M07_N00157,SG_0035,2048,4096,2024,7,512,3.33,10.05,1.0,test,29,5.36,2,"[5,8)",512,512
train,Agadir,AGADIR_r002048_c004096,AGADIR_r002048_c004096_Y2024_M08_N00158,agadir|AGADIR_r002048_c004096,agadir|AGADIR_r002048_c004096_Y2024_M08_N00158,SG_0035,2048,4096,2024,8,512,3.33,10.05,1.0,test,30,5.36,2,"[5,8)",512,512
train,Agadir,AGADIR_r002048_c004096,AGADIR_r002048_c004096_Y2024_M09_N00159,agadir|AGADIR_r002048_c004096,agadir|AGADIR_r002048_c004096_Y2024_M09_N00159,SG_0035,2048,4096,2024,9,512,3.33,10.05,1.0,test,31,5.36,2,"[5,8)",512,512
train,Agadir,AGADIR_r002048_c004096,AGADIR_r002048_c004096_Y2025_M05_N00160,agadir|AGADIR_r002048_c004096,agadir|AGADIR_r002048_c004096_Y2025_M05_N00160,SG_0035,2048,4096,2025,5,512,3.32,12.11,1.0,test,32,5.3580000000000005,2,"[5,8)",512,512
train,Agadir,AGADIR_r002048_c004096,AGADIR_r002048_c004096_Y2025_M06_N00161,agadir|AGADIR_r002048_c004096,agadir|AGADIR_r002048_c004096_Y2025_M06_N00161,SG_0035,2048,4096,2025,6,29,3.58,12.11,1.0,test,33,6.174,2,"[5,8)",29,29
val,Agadir,AGADIR_r002560_c001024,AGADIR_r002560_c001024_Y2019_M05_N00162,agadir|AGADIR_r002560_c001024,agadir|AGADIR_r002560_c001024_Y2019_M05_N00162,SG_0039,2560,1024,2019,5,324,3.7,19.37,1.0,test,34,7.6949999999999985,2,"[5,8)",324,324
val,Agadir,AGADIR_r002560_c001024,AGADIR_r002560_c001024_Y2019_M06_N00163,agadir|AGADIR_r002560_c001024,agadir|AGADIR_r002560_c001024_Y2019_M06_N00163,SG_0039,2560,1024,2019,6,512,3.66,19.37,1.0,test,35,7.729000000000004,2,"[5,8)",512,512
val,Agadir,AGADIR_r002560_c001024,AGADIR_r002560_c001024_Y2019_M07_N00164,agadir|AGADIR_r002560_c001024,agadir|AGADIR_r002560_c001024_Y2019_M07_N00164,SG_0039,2560,1024,2019,7,512,3.66,19.37,1.0,test,36,7.729000000000004,2,"[5,8)",512,512
val,Agadir,AGADIR_r002560_c001024,AGADIR_r002560_c001024_Y2019_M08_N00165,agadir|AGADIR_r002560_c001024,agadir|AGADIR_r002560_c001024_Y2019_M08_N00165,SG_0039,2560,1024,2019,8,512,3.66,19.37,1.0,test,37,7.729000000000004,2,"[5,8)",512,512
val,Agadir,AGADIR_r002560_c001024,AGADIR_r002560_c001024_Y2019_M09_N00166,agadir|AGADIR_r002560_c001024,agadir|AGADIR_r002560_c001024_Y2019_M09_N00166,SG_0039,2560,1024,2019,9,512,3.66,19.37,0.9999847412109376,test,38,7.729000000000004,2,"[5,8)",512,512
val,Agadir,AGADIR_r002560_c001024,AGADIR_r002560_c001024_Y2020_M05_N00167,agadir|AGADIR_r002560_c001024,agadir|AGADIR_r002560_c001024_Y2020_M05_N00167,SG_0039,2560,1024,2020,5,89,2.76,7.74,1.0,test,39,4.906000000000001,1,"[2.5,5)",89,89
val,Agadir,AGADIR_r002560_c001024,AGADIR_r002560_c001024_Y2020_M06_N00168,agadir|AGADIR_r002560_c001024,agadir|AGADIR_r002560_c001024_Y2020_M06_N00168,SG_0039,2560,1024,2020,6,89,2.76,7.74,1.0,test,40,4.906000000000001,1,"[2.5,5)",89,89
val,Agadir,AGADIR_r002560_c001024,AGADIR_r002560_c001024_Y2022_M05_N00169,agadir|AGADIR_r002560_c001024,agadir|AGADIR_r002560_c001024_Y2022_M05_N00169,SG_0039,2560,1024,2022,5,284,3.665,13.79,1.0,test,41,6.349000000000001,2,"[5,8)",284,284
val,Agadir,AGADIR_r002560_c001024,AGADIR_r002560_c001024_Y2022_M06_N00170,agadir|AGADIR_r002560_c001024,agadir|AGADIR_r002560_c001024_Y2022_M06_N00170,SG_0039,2560,1024,2022,6,380,3.88,17.91,1.0,test,42,6.421,2,"[5,8)",380,380
val,Agadir,AGADIR_r002560_c001024,AGADIR_r002560_c001024_Y2022_M07_N00171,agadir|AGADIR_r002560_c001024,agadir|AGADIR_r002560_c001024_Y2022_M07_N00171,SG_0039,2560,1024,2022,7,380,3.88,17.91,1.0,test,43,6.421,2,"[5,8)",380,380
val,Agadir,AGADIR_r002560_c001024,AGADIR_r002560_c001024_Y2022_M08_N00172,agadir|AGADIR_r002560_c001024,agadir|AGADIR_r002560_c001024_Y2022_M08_N00172,SG_0039,2560,1024,2022,8,380,3.88,17.91,1.0,test,44,6.421,2,"[5,8)",380,380
val,Agadir,AGADIR_r002560_c001024,AGADIR_r002560_c001024_Y2022_M09_N00173,agadir|AGADIR_r002560_c001024,agadir|AGADIR_r002560_c001024_Y2022_M09_N00173,SG_0039,2560,1024,2022,9,380,3.88,17.91,1.0,test,45,6.421,2,"[5,8)",380,380
val,Agadir,AGADIR_r002560_c001024,AGADIR_r002560_c001024_Y2024_M05_N00174,agadir|AGADIR_r002560_c001024,agadir|AGADIR_r002560_c001024_Y2024_M05_N00174,SG_0039,2560,1024,2024,5,4,3.04,4.74,1.0,test,46,4.257000000000001,1,"[2.5,5)",4,4
val,Agadir,AGADIR_r002560_c001024,AGADIR_r002560_c001024_Y2024_M06_N00175,agadir|AGADIR_r002560_c001024,agadir|AGADIR_r002560_c001024_Y2024_M06_N00175,SG_0039,2560,1024,2024,6,4,3.04,4.74,1.0,test,47,4.257000000000001,1,"[2.5,5)",4,4
val,Agadir,AGADIR_r002560_c001024,AGADIR_r002560_c001024_Y2024_M07_N00176,agadir|AGADIR_r002560_c001024,agadir|AGADIR_r002560_c001024_Y2024_M07_N00176,SG_0039,2560,1024,2024,7,4,3.04,4.74,1.0,test,48,4.257000000000001,1,"[2.5,5)",4,4
val,Agadir,AGADIR_r002560_c001024,AGADIR_r002560_c001024_Y2024_M08_N00177,agadir|AGADIR_r002560_c001024,agadir|AGADIR_r002560_c001024_Y2024_M08_N00177,SG_0039,2560,1024,2024,8,4,3.04,4.74,1.0,test,49,4.257000000000001,1,"[2.5,5)",4,4
val,Agadir,AGADIR_r002560_c001024,AGADIR_r002560_c001024_Y2024_M09_N00178,agadir|AGADIR_r002560_c001024,agadir|AGADIR_r002560_c001024_Y2024_M09_N00178,SG_0039,2560,1024,2024,9,4,3.04,4.74,1.0,test,50,4.257000000000001,1,"[2.5,5)",4,4
train,Agadir,AGADIR_r003072_c001536,AGADIR_r003072_c001536_Y2019_M05_N00179,agadir|AGADIR_r003072_c001536,agadir|AGADIR_r003072_c001536_Y2019_M05_N00179,SG_0050,3072,1536,2019,5,350,3.21,13.5,1.0,test,51,5.53,2,"[5,8)",350,350
train,Agadir,AGADIR_r003072_c001536,AGADIR_r003072_c001536_Y2019_M06_N00180,agadir|AGADIR_r003072_c001536,agadir|AGADIR_r003072_c001536_Y2019_M06_N00180,SG_0050,3072,1536,2019,6,512,3.29,19.01,1.0,test,52,5.4590000000000005,2,"[5,8)",512,512
train,Agadir,AGADIR_r003072_c001536,AGADIR_r003072_c001536_Y2019_M07_N00181,agadir|AGADIR_r003072_c001536,agadir|AGADIR_r003072_c001536_Y2019_M07_N00181,SG_0050,3072,1536,2019,7,512,3.29,19.01,1.0,test,53,5.4590000000000005,2,"[5,8)",512,512
train,Agadir,AGADIR_r003072_c001536,AGADIR_r003072_c001536_Y2019_M08_N00182,agadir|AGADIR_r003072_c001536,agadir|AGADIR_r003072_c001536_Y2019_M08_N00182,SG_0050,3072,1536,2019,8,512,3.29,19.01,1.0,test,54,5.4590000000000005,2,"[5,8)",512,512
train,Agadir,AGADIR_r003072_c001536,AGADIR_r003072_c001536_Y2019_M09_N00183,agadir|AGADIR_r003072_c001536,agadir|AGADIR_r003072_c001536_Y2019_M09_N00183,SG_0050,3072,1536,2019,9,512,3.29,19.01,1.0,test,55,5.4590000000000005,2,"[5,8)",512,512
train,Agadir,AGADIR_r003072_c001536,AGADIR_r003072_c001536_Y2020_M05_N00184,agadir|AGADIR_r003072_c001536,agadir|AGADIR_r003072_c001536_Y2020_M05_N00184,SG_0050,3072,1536,2020,5,512,3.51,11.93,1.0,test,56,5.756000000000001,2,"[5,8)",512,512
train,Agadir,AGADIR_r003072_c001536,AGADIR_r003072_c001536_Y2020_M06_N00185,agadir|AGADIR_r003072_c001536,agadir|AGADIR_r003072_c001536_Y2020_M06_N00185,SG_0050,3072,1536,2020,6,512,3.51,11.93,1.0,test,57,5.756000000000001,2,"[5,8)",512,512
train,Agadir,AGADIR_r003072_c001536,AGADIR_r003072_c001536_Y2020_M07_N00186,agadir|AGADIR_r003072_c001536,agadir|AGADIR_r003072_c001536_Y2020_M07_N00186,SG_0050,3072,1536,2020,7,512,3.51,11.93,1.0,test,58,5.756000000000001,2,"[5,8)",512,512
train,Agadir,AGADIR_r003072_c001536,AGADIR_r003072_c001536_Y2020_M08_N00187,agadir|AGADIR_r003072_c001536,agadir|AGADIR_r003072_c001536_Y2020_M08_N00187,SG_0050,3072,1536,2020,8,512,3.33,19.39,1.0,test,59,5.12,2,"[5,8)",512,512
train,Agadir,AGADIR_r003072_c001536,AGADIR_r003072_c001536_Y2020_M09_N00188,agadir|AGADIR_r003072_c001536,agadir|AGADIR_r003072_c001536_Y2020_M09_N00188,SG_0050,3072,1536,2020,9,512,3.33,19.39,1.0,test,60,5.12,2,"[5,8)",512,512
train,Agadir,AGADIR_r003072_c001536,AGADIR_r003072_c001536_Y2022_M05_N00189,agadir|AGADIR_r003072_c001536,agadir|AGADIR_r003072_c001536_Y2022_M05_N00189,SG_0050,3072,1536,2022,5,289,3.25,16.25,1.0,test,61,5.007999999999999,2,"[5,8)",289,289
train,Agadir,AGADIR_r003072_c001536,AGADIR_r003072_c001536_Y2022_M06_N00190,agadir|AGADIR_r003072_c001536,agadir|AGADIR_r003072_c001536_Y2022_M06_N00190,SG_0050,3072,1536,2022,6,289,3.25,16.25,1.0,test,62,5.007999999999999,2,"[5,8)",289,289
train,Agadir,AGADIR_r003072_c001536,AGADIR_r003072_c001536_Y2022_M07_N00191,agadir|AGADIR_r003072_c001536,agadir|AGADIR_r003072_c001536_Y2022_M07_N00191,SG_0050,3072,1536,2022,7,289,3.25,16.25,1.0,test,63,5.007999999999999,2,"[5,8)",289,289
train,Agadir,AGADIR_r003072_c001536,AGADIR_r003072_c001536_Y2022_M08_N00192,agadir|AGADIR_r003072_c001536,agadir|AGADIR_r003072_c001536_Y2022_M08_N00192,SG_0050,3072,1536,2022,8,289,3.25,16.25,1.0,test,0,5.007999999999999,2,"[5,8)",289,289
train,Agadir,AGADIR_r003072_c001536,AGADIR_r003072_c001536_Y2022_M09_N00193,agadir|AGADIR_r003072_c001536,agadir|AGADIR_r003072_c001536_Y2022_M09_N00193,SG_0050,3072,1536,2022,9,289,3.25,16.25,1.0,test,1,5.007999999999999,2,"[5,8)",289,289
train,Agadir,AGADIR_r003072_c001536,AGADIR_r003072_c001536_Y2024_M05_N00194,agadir|AGADIR_r003072_c001536,agadir|AGADIR_r003072_c001536_Y2024_M05_N00194,SG_0050,3072,1536,2024,5,289,3.24,12.46,1.0,test,2,5.0,2,"[5,8)",289,289
train,Agadir,AGADIR_r003072_c001536,AGADIR_r003072_c001536_Y2024_M06_N00195,agadir|AGADIR_r003072_c001536,agadir|AGADIR_r003072_c001536_Y2024_M06_N00195,SG_0050,3072,1536,2024,6,289,3.24,12.46,1.0,test,3,5.0,2,"[5,8)",289,289
train,Agadir,AGADIR_r003072_c001536,AGADIR_r003072_c001536_Y2024_M07_N00196,agadir|AGADIR_r003072_c001536,agadir|AGADIR_r003072_c001536_Y2024_M07_N00196,SG_0050,3072,1536,2024,7,289,3.24,12.46,1.0,test,4,5.0,2,"[5,8)",289,289
train,Agadir,AGADIR_r003072_c001536,AGADIR_r003072_c001536_Y2024_M08_N00197,agadir|AGADIR_r003072_c001536,agadir|AGADIR_r003072_c001536_Y2024_M08_N00197,SG_0050,3072,1536,2024,8,289,3.24,12.46,1.0,test,5,5.0,2,"[5,8)",289,289
train,Agadir,AGADIR_r003072_c001536,AGADIR_r003072_c001536_Y2024_M09_N00198,agadir|AGADIR_r003072_c001536,agadir|AGADIR_r003072_c001536_Y2024_M09_N00198,SG_0050,3072,1536,2024,9,289,3.24,12.46,1.0,test,6,5.0,2,"[5,8)",289,289
test,Agadir,AGADIR_r003584_c001536,AGADIR_r003584_c001536_Y2019_M06_N00199,agadir|AGADIR_r003584_c001536,agadir|AGADIR_r003584_c001536_Y2019_M06_N00199,SG_0058,3584,1536,2019,6,396,3.18,15.27,0.9998883017570992,test,7,4.71,1,"[2.5,5)",396,396
test,Agadir,AGADIR_r003584_c001536,AGADIR_r003584_c001536_Y2019_M07_N00200,agadir|AGADIR_r003584_c001536,agadir|AGADIR_r003584_c001536_Y2019_M07_N00200,SG_0058,3584,1536,2019,7,396,3.18,15.27,0.9998883017570992,test,8,4.71,1,"[2.5,5)",396,396
test,Agadir,AGADIR_r003584_c001536,AGADIR_r003584_c001536_Y2019_M08_N00201,agadir|AGADIR_r003584_c001536,agadir|AGADIR_r003584_c001536_Y2019_M08_N00201,SG_0058,3584,1536,2019,8,396,3.18,15.27,0.9998883017570992,test,9,4.71,1,"[2.5,5)",396,396
test,Agadir,AGADIR_r003584_c001536,AGADIR_r003584_c001536_Y2019_M09_N00202,agadir|AGADIR_r003584_c001536,agadir|AGADIR_r003584_c001536_Y2019_M09_N00202,SG_0058,3584,1536,2019,9,396,3.18,15.27,0.9997336426515444,test,10,4.71,1,"[2.5,5)",396,396
test,Agadir,AGADIR_r003584_c001536,AGADIR_r003584_c001536_Y2020_M05_N00203,agadir|AGADIR_r003584_c001536,agadir|AGADIR_r003584_c001536_Y2020_M05_N00203,SG_0058,3584,1536,2020,5,512,3.44,11.75,0.9998883017570992,test,11,6.1,2,"[5,8)",512,512
test,Agadir,AGADIR_r003584_c001536,AGADIR_r003584_c001536_Y2020_M06_N00204,agadir|AGADIR_r003584_c001536,agadir|AGADIR_r003584_c001536_Y2020_M06_N00204,SG_0058,3584,1536,2020,6,512,3.44,11.75,0.9998883017570992,test,12,6.1,2,"[5,8)",512,512
test,Agadir,AGADIR_r003584_c001536,AGADIR_r003584_c001536_Y2020_M07_N00205,agadir|AGADIR_r003584_c001536,agadir|AGADIR_r003584_c001536_Y2020_M07_N00205,SG_0058,3584,1536,2020,7,512,3.44,11.75,0.9998883017570992,test,13,6.1,2,"[5,8)",512,512
test,Agadir,AGADIR_r003584_c001536,AGADIR_r003584_c001536_Y2020_M08_N00206,agadir|AGADIR_r003584_c001536,agadir|AGADIR_r003584_c001536_Y2020_M08_N00206,SG_0058,3584,1536,2020,8,512,3.4,11.75,0.9998883017570992,test,14,6.1,2,"[5,8)",512,512
test,Agadir,AGADIR_r003584_c001536,AGADIR_r003584_c001536_Y2020_M09_N00207,agadir|AGADIR_r003584_c001536,agadir|AGADIR_r003584_c001536_Y2020_M09_N00207,SG_0058,3584,1536,2020,9,512,3.4,11.75,0.9998883017570992,test,15,6.1,2,"[5,8)",512,512
test,Agadir,AGADIR_r003584_c001536,AGADIR_r003584_c001536_Y2022_M05_N00208,agadir|AGADIR_r003584_c001536,agadir|AGADIR_r003584_c001536_Y2022_M05_N00208,SG_0058,3584,1536,2022,5,490,3.32,14.05,0.9998883017570992,test,16,5.075000000000001,2,"[5,8)",490,490
test,Agadir,AGADIR_r003584_c001536,AGADIR_r003584_c001536_Y2022_M06_N00209,agadir|AGADIR_r003584_c001536,agadir|AGADIR_r003584_c001536_Y2022_M06_N00209,SG_0058,3584,1536,2022,6,490,3.32,14.05,0.9998883017570992,test,17,5.075000000000001,2,"[5,8)",490,490
test,Agadir,AGADIR_r003584_c001536,AGADIR_r003584_c001536_Y2022_M07_N00210,agadir|AGADIR_r003584_c001536,agadir|AGADIR_r003584_c001536_Y2022_M07_N00210,SG_0058,3584,1536,2022,7,490,3.32,14.05,0.9998883017570992,test,18,5.075000000000001,2,"[5,8)",490,490
test,Agadir,AGADIR_r003584_c001536,AGADIR_r003584_c001536_Y2022_M08_N00211,agadir|AGADIR_r003584_c001536,agadir|AGADIR_r003584_c001536_Y2022_M08_N00211,SG_0058,3584,1536,2022,8,512,3.3049998,14.05,0.9998883017570992,test,19,5.062000000000003,2,"[5,8)",512,512
test,Agadir,AGADIR_r003584_c001536,AGADIR_r003584_c001536_Y2022_M09_N00212,agadir|AGADIR_r003584_c001536,agadir|AGADIR_r003584_c001536_Y2022_M09_N00212,SG_0058,3584,1536,2022,9,512,3.355,14.05,0.9996133522361128,test,20,5.5,2,"[5,8)",512,512
test,Agadir,AGADIR_r003584_c001536,AGADIR_r003584_c001536_Y2023_M05_N00213,agadir|AGADIR_r003584_c001536,agadir|AGADIR_r003584_c001536_Y2023_M05_N00213,SG_0058,3584,1536,2023,5,189,3.4,11.42,0.9998883017570992,test,21,5.554000000000001,2,"[5,8)",189,189
test,Agadir,AGADIR_r003584_c001536,AGADIR_r003584_c001536_Y2023_M06_N00214,agadir|AGADIR_r003584_c001536,agadir|AGADIR_r003584_c001536_Y2023_M06_N00214,SG_0058,3584,1536,2023,6,189,3.4,11.42,0.9998883017570992,test,22,5.554000000000001,2,"[5,8)",189,189
test,Agadir,AGADIR_r003584_c001536,AGADIR_r003584_c001536_Y2024_M08_N00215,agadir|AGADIR_r003584_c001536,agadir|AGADIR_r003584_c001536_Y2024_M08_N00215,SG_0058,3584,1536,2024,8,51,3.54,9.9,0.9998883017570992,test,23,5.79,2,"[5,8)",51,51
test,Agadir,AGADIR_r003584_c001536,AGADIR_r003584_c001536_Y2024_M09_N00216,agadir|AGADIR_r003584_c001536,agadir|AGADIR_r003584_c001536_Y2024_M09_N00216,SG_0058,3584,1536,2024,9,51,3.54,9.9,0.9998883017570992,test,24,5.79,2,"[5,8)",51,51
test,Agadir,AGADIR_r003584_c001536,AGADIR_r003584_c001536_Y2025_M05_N00217,agadir|AGADIR_r003584_c001536,agadir|AGADIR_r003584_c001536_Y2025_M05_N00217,SG_0058,3584,1536,2025,5,51,3.54,9.9,0.9998883017570992,test,25,5.79,2,"[5,8)",51,51
test,Agadir,AGADIR_r003584_c001536,AGADIR_r003584_c001536_Y2025_M06_N00218,agadir|AGADIR_r003584_c001536,agadir|AGADIR_r003584_c001536_Y2025_M06_N00218,SG_0058,3584,1536,2025,6,51,3.54,9.9,0.9997723074279332,test,26,5.79,2,"[5,8)",51,51
train,Agadir,AGADIR_r000000_c001536,AGADIR_r000000_c001536_Y2019_M05_N00219,agadir|AGADIR_r000000_c001536,agadir|AGADIR_r000000_c001536_Y2019_M05_N00219,SG_0000,0,1536,2019,5,105,2.02,7.3,0.9996639348644664,train,0,5.31,2,"[5,8)",105,105
train,Agadir,AGADIR_r000000_c001536,AGADIR_r000000_c001536_Y2019_M06_N00220,agadir|AGADIR_r000000_c001536,agadir|AGADIR_r000000_c001536_Y2019_M06_N00220,SG_0000,0,1536,2019,6,105,2.02,7.3,0.9996333834885088,train,1,5.31,2,"[5,8)",105,105
train,Agadir,AGADIR_r000000_c001536,AGADIR_r000000_c001536_Y2019_M07_N00221,agadir|AGADIR_r000000_c001536,agadir|AGADIR_r000000_c001536_Y2019_M07_N00221,SG_0000,0,1536,2019,7,105,2.02,7.3,0.9996639348644664,train,2,5.31,2,"[5,8)",105,105
train,Agadir,AGADIR_r000000_c001536,AGADIR_r000000_c001536_Y2019_M08_N00222,agadir|AGADIR_r000000_c001536,agadir|AGADIR_r000000_c001536_Y2019_M08_N00222,SG_0000,0,1536,2019,8,105,2.02,7.3,0.9996639348644664,train,3,5.31,2,"[5,8)",105,105
train,Agadir,AGADIR_r000000_c001536,AGADIR_r000000_c001536_Y2019_M09_N00223,agadir|AGADIR_r000000_c001536,agadir|AGADIR_r000000_c001536_Y2019_M09_N00223,SG_0000,0,1536,2019,9,105,2.02,7.3,0.9996639348644664,train,4,5.31,2,"[5,8)",105,105
train,Agadir,AGADIR_r000000_c001536,AGADIR_r000000_c001536_Y2020_M05_N00224,agadir|AGADIR_r000000_c001536,agadir|AGADIR_r000000_c001536_Y2020_M05_N00224,SG_0000,0,1536,2020,5,97,2.34,6.14,0.9996639348644664,train,5,3.76,1,"[2.5,5)",97,97
train,Agadir,AGADIR_r000000_c001536,AGADIR_r000000_c001536_Y2020_M06_N00225,agadir|AGADIR_r000000_c001536,agadir|AGADIR_r000000_c001536_Y2020_M06_N00225,SG_0000,0,1536,2020,6,97,2.34,6.14,0.9996639348644664,train,6,3.76,1,"[2.5,5)",97,97
train,Agadir,AGADIR_r000000_c001536,AGADIR_r000000_c001536_Y2020_M07_N00226,agadir|AGADIR_r000000_c001536,agadir|AGADIR_r000000_c001536_Y2020_M07_N00226,SG_0000,0,1536,2020,7,97,2.34,6.14,0.999595194268562,train,7,3.76,1,"[2.5,5)",97,97
train,Agadir,AGADIR_r000000_c001536,AGADIR_r000000_c001536_Y2020_M08_N00227,agadir|AGADIR_r000000_c001536,agadir|AGADIR_r000000_c001536_Y2020_M08_N00227,SG_0000,0,1536,2020,8,97,2.34,6.14,0.9996639348644664,train,8,3.76,1,"[2.5,5)",97,97
train,Agadir,AGADIR_r000000_c001536,AGADIR_r000000_c001536_Y2020_M09_N00228,agadir|AGADIR_r000000_c001536,agadir|AGADIR_r000000_c001536_Y2020_M09_N00228,SG_0000,0,1536,2020,9,97,2.34,6.14,0.9996639348644664,train,9,3.76,1,"[2.5,5)",97,97
train,Agadir,AGADIR_r000000_c001536,AGADIR_r000000_c001536_Y2021_M05_N00229,agadir|AGADIR_r000000_c001536,agadir|AGADIR_r000000_c001536_Y2021_M05_N00229,SG_0000,0,1536,2021,5,279,2.13,7.71,0.9996639348644664,train,10,3.5580000000000007,1,"[2.5,5)",279,279
train,Agadir,AGADIR_r000000_c001536,AGADIR_r000000_c001536_Y2021_M06_N00230,agadir|AGADIR_r000000_c001536,agadir|AGADIR_r000000_c001536_Y2021_M06_N00230,SG_0000,0,1536,2021,6,279,2.13,7.71,0.9996639348644664,train,11,3.5580000000000007,1,"[2.5,5)",279,279
train,Agadir,AGADIR_r000000_c001536,AGADIR_r000000_c001536_Y2021_M07_N00231,agadir|AGADIR_r000000_c001536,agadir|AGADIR_r000000_c001536_Y2021_M07_N00231,SG_0000,0,1536,2021,7,279,2.13,7.71,0.9996639348644664,train,12,3.5580000000000007,1,"[2.5,5)",279,279
train,Agadir,AGADIR_r000000_c001536,AGADIR_r000000_c001536_Y2021_M08_N00232,agadir|AGADIR_r000000_c001536,agadir|AGADIR_r000000_c001536_Y2021_M08_N00232,SG_0000,0,1536,2021,8,279,2.13,7.71,0.9996639348644664,train,13,3.5580000000000007,1,"[2.5,5)",279,279
train,Agadir,AGADIR_r000000_c001536,AGADIR_r000000_c001536_Y2021_M09_N00233,agadir|AGADIR_r000000_c001536,agadir|AGADIR_r000000_c001536_Y2021_M09_N00233,SG_0000,0,1536,2021,9,279,2.13,7.71,0.9996639348644664,train,14,3.5580000000000007,1,"[2.5,5)",279,279
train,Agadir,AGADIR_r000000_c001536,AGADIR_r000000_c001536_Y2022_M05_N00234,agadir|AGADIR_r000000_c001536,agadir|AGADIR_r000000_c001536_Y2022_M05_N00234,SG_0000,0,1536,2022,5,324,2.38,7.99,0.9996639348644664,train,15,3.13,1,"[2.5,5)",324,324
train,Agadir,AGADIR_r000000_c001536,AGADIR_r000000_c001536_Y2022_M06_N00235,agadir|AGADIR_r000000_c001536,agadir|AGADIR_r000000_c001536_Y2022_M06_N00235,SG_0000,0,1536,2022,6,324,2.38,7.99,0.9996639348644664,train,16,3.13,1,"[2.5,5)",324,324
train,Agadir,AGADIR_r000000_c001536,AGADIR_r000000_c001536_Y2022_M07_N00236,agadir|AGADIR_r000000_c001536,agadir|AGADIR_r000000_c001536_Y2022_M07_N00236,SG_0000,0,1536,2022,7,512,2.34,8.91,0.9996639348644664,train,17,4.184000000000003,1,"[2.5,5)",512,512
train,Agadir,AGADIR_r000000_c001536,AGADIR_r000000_c001536_Y2022_M08_N00237,agadir|AGADIR_r000000_c001536,agadir|AGADIR_r000000_c001536_Y2022_M08_N00237,SG_0000,0,1536,2022,8,512,2.34,8.91,0.9996639348644664,train,18,4.184000000000003,1,"[2.5,5)",512,512
train,Agadir,AGADIR_r000000_c001536,AGADIR_r000000_c001536_Y2022_M09_N00238,agadir|AGADIR_r000000_c001536,agadir|AGADIR_r000000_c001536_Y2022_M09_N00238,SG_0000,0,1536,2022,9,512,2.3449998,8.91,0.9996639348644664,train,19,4.34,1,"[2.5,5)",512,512
train,Agadir,AGADIR_r000000_c001536,AGADIR_r000000_c001536_Y2023_M05_N00239,agadir|AGADIR_r000000_c001536,agadir|AGADIR_r000000_c001536_Y2023_M05_N00239,SG_0000,0,1536,2023,5,216,2.24,8.91,0.9996639348644664,train,20,5.61,2,"[5,8)",216,216
train,Agadir,AGADIR_r000000_c001536,AGADIR_r000000_c001536_Y2024_M06_N00240,agadir|AGADIR_r000000_c001536,agadir|AGADIR_r000000_c001536_Y2024_M06_N00240,SG_0000,0,1536,2024,6,151,2.02,5.54,0.9996486591764876,train,21,2.32,0,"[0,2.5)",151,151
train,Agadir,AGADIR_r000000_c001536,AGADIR_r000000_c001536_Y2024_M07_N00241,agadir|AGADIR_r000000_c001536,agadir|AGADIR_r000000_c001536_Y2024_M07_N00241,SG_0000,0,1536,2024,7,196,2.05,6.38,0.9996639348644664,train,22,2.93,1,"[2.5,5)",196,196
train,Agadir,AGADIR_r000000_c001536,AGADIR_r000000_c001536_Y2024_M08_N00242,agadir|AGADIR_r000000_c001536,agadir|AGADIR_r000000_c001536_Y2024_M08_N00242,SG_0000,0,1536,2024,8,196,2.05,6.38,0.9996639348644664,train,23,2.93,1,"[2.5,5)",196,196
train,Agadir,AGADIR_r000000_c001536,AGADIR_r000000_c001536_Y2024_M09_N00243,agadir|AGADIR_r000000_c001536,agadir|AGADIR_r000000_c001536_Y2024_M09_N00243,SG_0000,0,1536,2024,9,196,2.05,6.38,0.9996639348644664,train,24,2.93,1,"[2.5,5)",196,196
train,Agadir,AGADIR_r000000_c001536,AGADIR_r000000_c001536_Y2025_M05_N00244,agadir|AGADIR_r000000_c001536,agadir|AGADIR_r000000_c001536_Y2025_M05_N00244,SG_0000,0,1536,2025,5,45,2.46,6.38,0.9996639348644664,train,25,4.148,1,"[2.5,5)",45,45
train,Agadir,AGADIR_r000000_c002048,AGADIR_r000000_c002048_Y2019_M05_N00245,agadir|AGADIR_r000000_c002048,agadir|AGADIR_r000000_c002048_Y2019_M05_N00245,SG_0001,0,2048,2019,5,366,1.94,7.37,0.9997444555991604,train,26,2.225,0,"[0,2.5)",366,366
train,Agadir,AGADIR_r000000_c002048,AGADIR_r000000_c002048_Y2019_M06_N00246,agadir|AGADIR_r000000_c002048,agadir|AGADIR_r000000_c002048_Y2019_M06_N00246,SG_0001,0,2048,2019,6,366,1.94,7.37,0.9997444555991604,train,27,2.225,0,"[0,2.5)",366,366
train,Agadir,AGADIR_r000000_c002048,AGADIR_r000000_c002048_Y2019_M07_N00247,agadir|AGADIR_r000000_c002048,agadir|AGADIR_r000000_c002048_Y2019_M07_N00247,SG_0001,0,2048,2019,7,366,1.94,7.37,0.9997444555991604,train,28,2.225,0,"[0,2.5)",366,366
train,Agadir,AGADIR_r000000_c002048,AGADIR_r000000_c002048_Y2019_M08_N00248,agadir|AGADIR_r000000_c002048,agadir|AGADIR_r000000_c002048_Y2019_M08_N00248,SG_0001,0,2048,2019,8,366,1.94,7.37,0.9997444555991604,train,29,2.225,0,"[0,2.5)",366,366
train,Agadir,AGADIR_r000000_c002048,AGADIR_r000000_c002048_Y2019_M09_N00249,agadir|AGADIR_r000000_c002048,agadir|AGADIR_r000000_c002048_Y2019_M09_N00249,SG_0001,0,2048,2019,9,366,1.94,7.37,0.9997444555991604,train,30,2.225,0,"[0,2.5)",366,366
train,Agadir,AGADIR_r000000_c002048,AGADIR_r000000_c002048_Y2020_M05_N00250,agadir|AGADIR_r000000_c002048,agadir|AGADIR_r000000_c002048_Y2020_M05_N00250,SG_0001,0,2048,2020,5,18,2.51,2.94,0.9997444555991604,train,31,2.68,1,"[2.5,5)",18,18
train,Agadir,AGADIR_r000000_c002048,AGADIR_r000000_c002048_Y2020_M06_N00251,agadir|AGADIR_r000000_c002048,agadir|AGADIR_r000000_c002048_Y2020_M06_N00251,SG_0001,0,2048,2020,6,18,2.51,2.94,0.9997444555991604,train,32,2.68,1,"[2.5,5)",18,18
train,Agadir,AGADIR_r000000_c002048,AGADIR_r000000_c002048_Y2020_M07_N00252,agadir|AGADIR_r000000_c002048,agadir|AGADIR_r000000_c002048_Y2020_M07_N00252,SG_0001,0,2048,2020,7,18,2.51,2.94,0.9997444555991604,train,33,2.68,1,"[2.5,5)",18,18
train,Agadir,AGADIR_r000000_c002048,AGADIR_r000000_c002048_Y2020_M08_N00253,agadir|AGADIR_r000000_c002048,agadir|AGADIR_r000000_c002048_Y2020_M08_N00253,SG_0001,0,2048,2020,8,18,2.51,2.94,0.9997444555991604,train,34,2.68,1,"[2.5,5)",18,18
train,Agadir,AGADIR_r000000_c002048,AGADIR_r000000_c002048_Y2020_M09_N00254,agadir|AGADIR_r000000_c002048,agadir|AGADIR_r000000_c002048_Y2020_M09_N00254,SG_0001,0,2048,2020,9,18,2.51,2.94,0.9997444555991604,train,35,2.68,1,"[2.5,5)",18,18
train,Agadir,AGADIR_r000000_c002048,AGADIR_r000000_c002048_Y2021_M05_N00255,agadir|AGADIR_r000000_c002048,agadir|AGADIR_r000000_c002048_Y2021_M05_N00255,SG_0001,0,2048,2021,5,512,2.09,5.95,0.9997444555991604,train,36,2.24,0,"[0,2.5)",512,512
train,Agadir,AGADIR_r000000_c002048,AGADIR_r000000_c002048_Y2021_M06_N00256,agadir|AGADIR_r000000_c002048,agadir|AGADIR_r000000_c002048_Y2021_M06_N00256,SG_0001,0,2048,2021,6,512,2.09,5.95,0.9997444555991604,train,37,2.24,0,"[0,2.5)",512,512
train,Agadir,AGADIR_r000000_c002048,AGADIR_r000000_c002048_Y2021_M07_N00257,agadir|AGADIR_r000000_c002048,agadir|AGADIR_r000000_c002048_Y2021_M07_N00257,SG_0001,0,2048,2021,7,512,2.09,5.95,0.9997444555991604,train,38,2.24,0,"[0,2.5)",512,512
train,Agadir,AGADIR_r000000_c002048,AGADIR_r000000_c002048_Y2021_M08_N00258,agadir|AGADIR_r000000_c002048,agadir|AGADIR_r000000_c002048_Y2021_M08_N00258,SG_0001,0,2048,2021,8,512,2.09,5.95,0.9997444555991604,train,39,2.24,0,"[0,2.5)",512,512
train,Agadir,AGADIR_r000000_c002048,AGADIR_r000000_c002048_Y2021_M09_N00259,agadir|AGADIR_r000000_c002048,agadir|AGADIR_r000000_c002048_Y2021_M09_N00259,SG_0001,0,2048,2021,9,512,2.09,5.95,0.9997444555991604,train,40,2.24,0,"[0,2.5)",512,512
train,Agadir,AGADIR_r000000_c002048,AGADIR_r000000_c002048_Y2022_M05_N00260,agadir|AGADIR_r000000_c002048,agadir|AGADIR_r000000_c002048_Y2022_M05_N00260,SG_0001,0,2048,2022,5,43,2.38,3.58,0.9997444555991604,train,41,3.2260000000000004,1,"[2.5,5)",43,43
train,Agadir,AGADIR_r000000_c002048,AGADIR_r000000_c002048_Y2022_M06_N00261,agadir|AGADIR_r000000_c002048,agadir|AGADIR_r000000_c002048_Y2022_M06_N00261,SG_0001,0,2048,2022,6,43,2.38,3.58,0.9997444555991604,train,42,3.2260000000000004,1,"[2.5,5)",43,43
train,Agadir,AGADIR_r000000_c002048,AGADIR_r000000_c002048_Y2022_M07_N00262,agadir|AGADIR_r000000_c002048,agadir|AGADIR_r000000_c002048_Y2022_M07_N00262,SG_0001,0,2048,2022,7,57,2.64,6.85,0.9997444555991604,train,43,5.433999999999999,2,"[5,8)",57,57
train,Agadir,AGADIR_r000000_c002048,AGADIR_r000000_c002048_Y2022_M08_N00263,agadir|AGADIR_r000000_c002048,agadir|AGADIR_r000000_c002048_Y2022_M08_N00263,SG_0001,0,2048,2022,8,57,2.64,6.85,0.9997444555991604,train,44,5.433999999999999,2,"[5,8)",57,57
train,Agadir,AGADIR_r000000_c002048,AGADIR_r000000_c002048_Y2022_M09_N00264,agadir|AGADIR_r000000_c002048,agadir|AGADIR_r000000_c002048_Y2022_M09_N00264,SG_0001,0,2048,2022,9,57,2.64,6.85,0.9997444555991604,train,45,5.433999999999999,2,"[5,8)",57,57
train,Agadir,AGADIR_r000000_c002048,AGADIR_r000000_c002048_Y2023_M05_N00265,agadir|AGADIR_r000000_c002048,agadir|AGADIR_r000000_c002048_Y2023_M05_N00265,SG_0001,0,2048,2023,5,14,4.9399996,6.85,0.9997444555991604,train,46,6.636,2,"[5,8)",14,14
train,Agadir,AGADIR_r000000_c002048,AGADIR_r000000_c002048_Y2024_M06_N00266,agadir|AGADIR_r000000_c002048,agadir|AGADIR_r000000_c002048_Y2024_M06_N00266,SG_0001,0,2048,2024,6,211,2.02,4.15,0.9997079492561832,train,47,2.2,0,"[0,2.5)",211,211
train,Agadir,AGADIR_r000000_c002048,AGADIR_r000000_c002048_Y2024_M07_N00267,agadir|AGADIR_r000000_c002048,agadir|AGADIR_r000000_c002048_Y2024_M07_N00267,SG_0001,0,2048,2024,7,512,2.2,7.46,0.9997444555991604,train,48,2.53,1,"[2.5,5)",512,512
train,Agadir,AGADIR_r000000_c002048,AGADIR_r000000_c002048_Y2024_M08_N00268,agadir|AGADIR_r000000_c002048,agadir|AGADIR_r000000_c002048_Y2024_M08_N00268,SG_0001,0,2048,2024,8,512,2.2,7.46,0.9997444555991604,train,49,2.53,1,"[2.5,5)",512,512
train,Agadir,AGADIR_r000000_c002048,AGADIR_r000000_c002048_Y2024_M09_N00269,agadir|AGADIR_r000000_c002048,agadir|AGADIR_r000000_c002048_Y2024_M09_N00269,SG_0001,0,2048,2024,9,512,2.2,7.46,0.9997444555991604,train,50,2.53,1,"[2.5,5)",512,512
train,Agadir,AGADIR_r000000_c002048,AGADIR_r000000_c002048_Y2025_M05_N00270,agadir|AGADIR_r000000_c002048,agadir|AGADIR_r000000_c002048_Y2025_M05_N00270,SG_0001,0,2048,2025,5,325,2.31,7.46,0.9997444555991604,train,51,2.65,1,"[2.5,5)",325,325
train,Agadir,AGADIR_r000512_c001024,AGADIR_r000512_c001024_Y2021_M05_N00271,agadir|AGADIR_r000512_c001024,agadir|AGADIR_r000512_c001024_Y2021_M05_N00271,SG_0003,512,1024,2021,5,9,2.05,2.99,0.9996196453192602,train,52,2.454,0,"[0,2.5)",9,9
train,Agadir,AGADIR_r000512_c001024,AGADIR_r000512_c001024_Y2021_M06_N00272,agadir|AGADIR_r000512_c001024,agadir|AGADIR_r000512_c001024_Y2021_M06_N00272,SG_0003,512,1024,2021,6,9,2.05,2.99,0.9996196453192602,train,53,2.454,0,"[0,2.5)",9,9
train,Agadir,AGADIR_r000512_c001024,AGADIR_r000512_c001024_Y2021_M07_N00273,agadir|AGADIR_r000512_c001024,agadir|AGADIR_r000512_c001024_Y2021_M07_N00273,SG_0003,512,1024,2021,7,9,2.05,2.99,0.9996196453192602,train,54,2.454,0,"[0,2.5)",9,9
train,Agadir,AGADIR_r000512_c001024,AGADIR_r000512_c001024_Y2021_M08_N00274,agadir|AGADIR_r000512_c001024,agadir|AGADIR_r000512_c001024_Y2021_M08_N00274,SG_0003,512,1024,2021,8,10,2.07,3.14,0.9996196453192602,train,55,3.0050000000000003,1,"[2.5,5)",10,10
train,Agadir,AGADIR_r000512_c001024,AGADIR_r000512_c001024_Y2021_M09_N00275,agadir|AGADIR_r000512_c001024,agadir|AGADIR_r000512_c001024_Y2021_M09_N00275,SG_0003,512,1024,2021,9,10,2.07,3.14,0.9996196453192602,train,56,3.0050000000000003,1,"[2.5,5)",10,10
train,Agadir,AGADIR_r000512_c001024,AGADIR_r000512_c001024_Y2022_M05_N00276,agadir|AGADIR_r000512_c001024,agadir|AGADIR_r000512_c001024_Y2022_M05_N00276,SG_0003,512,1024,2022,5,184,2.13,3.48,0.9996196453192602,train,57,2.35,0,"[0,2.5)",184,184
train,Agadir,AGADIR_r000512_c001024,AGADIR_r000512_c001024_Y2022_M06_N00277,agadir|AGADIR_r000512_c001024,agadir|AGADIR_r000512_c001024_Y2022_M06_N00277,SG_0003,512,1024,2022,6,184,2.13,3.48,0.9996196453192602,train,58,2.35,0,"[0,2.5)",184,184
train,Agadir,AGADIR_r000512_c001024,AGADIR_r000512_c001024_Y2022_M07_N00278,agadir|AGADIR_r000512_c001024,agadir|AGADIR_r000512_c001024_Y2022_M07_N00278,SG_0003,512,1024,2022,7,347,2.05,5.01,0.9996196453192602,train,59,2.35,0,"[0,2.5)",347,347
train,Agadir,AGADIR_r000512_c001024,AGADIR_r000512_c001024_Y2022_M08_N00279,agadir|AGADIR_r000512_c001024,agadir|AGADIR_r000512_c001024_Y2022_M08_N00279,SG_0003,512,1024,2022,8,347,2.05,5.01,0.9996196453192602,train,60,2.35,0,"[0,2.5)",347,347
train,Agadir,AGADIR_r000512_c001024,AGADIR_r000512_c001024_Y2022_M09_N00280,agadir|AGADIR_r000512_c001024,agadir|AGADIR_r000512_c001024_Y2022_M09_N00280,SG_0003,512,1024,2022,9,164,2.02,5.01,0.9996196453192602,train,61,2.28,0,"[0,2.5)",164,164
train,Agadir,AGADIR_r000512_c001024,AGADIR_r000512_c001024_Y2023_M05_N00281,agadir|AGADIR_r000512_c001024,agadir|AGADIR_r000512_c001024_Y2023_M05_N00281,SG_0003,512,1024,2023,5,164,2.02,5.01,0.9996196453192602,train,62,2.28,0,"[0,2.5)",164,164
train,Agadir,AGADIR_r000512_c001024,AGADIR_r000512_c001024_Y2024_M06_N00282,agadir|AGADIR_r000512_c001024,agadir|AGADIR_r000512_c001024_Y2024_M06_N00282,SG_0003,512,1024,2024,6,113,2.02,2.76,0.9996196453192602,train,63,2.194,0,"[0,2.5)",113,113
train,Agadir,AGADIR_r000512_c001024,AGADIR_r000512_c001024_Y2024_M07_N00283,agadir|AGADIR_r000512_c001024,agadir|AGADIR_r000512_c001024_Y2024_M07_N00283,SG_0003,512,1024,2024,7,113,2.02,2.76,0.9996196453192602,train,0,2.194,0,"[0,2.5)",113,113
train,Agadir,AGADIR_r000512_c001024,AGADIR_r000512_c001024_Y2024_M08_N00284,agadir|AGADIR_r000512_c001024,agadir|AGADIR_r000512_c001024_Y2024_M08_N00284,SG_0003,512,1024,2024,8,113,2.02,2.76,0.9996196453192602,train,1,2.194,0,"[0,2.5)",113,113
train,Agadir,AGADIR_r000512_c001024,AGADIR_r000512_c001024_Y2024_M09_N00285,agadir|AGADIR_r000512_c001024,agadir|AGADIR_r000512_c001024_Y2024_M09_N00285,SG_0003,512,1024,2024,9,113,2.02,2.76,0.9996196453192602,train,2,2.194,0,"[0,2.5)",113,113
train,Agadir,AGADIR_r000512_c001536,AGADIR_r000512_c001536_Y2019_M05_N00286,agadir|AGADIR_r000512_c001536,agadir|AGADIR_r000512_c001536_Y2019_M05_N00286,SG_0004,512,1536,2019,5,40,2.02,2.62,0.999988539995416,train,3,2.284,0,"[0,2.5)",40,40
train,Agadir,AGADIR_r000512_c001536,AGADIR_r000512_c001536_Y2019_M06_N00287,agadir|AGADIR_r000512_c001536,agadir|AGADIR_r000512_c001536_Y2019_M06_N00287,SG_0004,512,1536,2019,6,40,2.02,2.62,0.999988539995416,train,4,2.284,0,"[0,2.5)",40,40
train,Agadir,AGADIR_r000512_c001536,AGADIR_r000512_c001536_Y2019_M07_N00288,agadir|AGADIR_r000512_c001536,agadir|AGADIR_r000512_c001536_Y2019_M07_N00288,SG_0004,512,1536,2019,7,40,2.02,2.62,0.999988539995416,train,5,2.284,0,"[0,2.5)",40,40
train,Agadir,AGADIR_r000512_c001536,AGADIR_r000512_c001536_Y2019_M08_N00289,agadir|AGADIR_r000512_c001536,agadir|AGADIR_r000512_c001536_Y2019_M08_N00289,SG_0004,512,1536,2019,8,40,2.02,2.62,0.999988539995416,train,6,2.284,0,"[0,2.5)",40,40
train,Agadir,AGADIR_r000512_c001536,AGADIR_r000512_c001536_Y2019_M09_N00290,agadir|AGADIR_r000512_c001536,agadir|AGADIR_r000512_c001536_Y2019_M09_N00290,SG_0004,512,1536,2019,9,40,2.02,2.62,0.999988539995416,train,7,2.284,0,"[0,2.5)",40,40
train,Agadir,AGADIR_r000512_c001536,AGADIR_r000512_c001536_Y2020_M05_N00291,agadir|AGADIR_r000512_c001536,agadir|AGADIR_r000512_c001536_Y2020_M05_N00291,SG_0004,512,1536,2020,5,365,2.57,4.88,0.999988539995416,train,8,3.148000000000001,1,"[2.5,5)",365,365
train,Agadir,AGADIR_r000512_c001536,AGADIR_r000512_c001536_Y2020_M06_N00292,agadir|AGADIR_r000512_c001536,agadir|AGADIR_r000512_c001536_Y2020_M06_N00292,SG_0004,512,1536,2020,6,365,2.57,4.88,0.999988539995416,train,9,3.148000000000001,1,"[2.5,5)",365,365
train,Agadir,AGADIR_r000512_c001536,AGADIR_r000512_c001536_Y2020_M07_N00293,agadir|AGADIR_r000512_c001536,agadir|AGADIR_r000512_c001536_Y2020_M07_N00293,SG_0004,512,1536,2020,7,365,2.57,4.88,0.999988539995416,train,10,3.148000000000001,1,"[2.5,5)",365,365
train,Agadir,AGADIR_r000512_c001536,AGADIR_r000512_c001536_Y2020_M08_N00294,agadir|AGADIR_r000512_c001536,agadir|AGADIR_r000512_c001536_Y2020_M08_N00294,SG_0004,512,1536,2020,8,365,2.57,4.88,0.999988539995416,train,11,3.148000000000001,1,"[2.5,5)",365,365
train,Agadir,AGADIR_r000512_c001536,AGADIR_r000512_c001536_Y2020_M09_N00295,agadir|AGADIR_r000512_c001536,agadir|AGADIR_r000512_c001536_Y2020_M09_N00295,SG_0004,512,1536,2020,9,365,2.57,4.88,0.999988539995416,train,12,3.148000000000001,1,"[2.5,5)",365,365
train,Agadir,AGADIR_r000512_c001536,AGADIR_r000512_c001536_Y2021_M05_N00296,agadir|AGADIR_r000512_c001536,agadir|AGADIR_r000512_c001536_Y2021_M05_N00296,SG_0004,512,1536,2021,5,512,2.09,5.05,0.999988539995416,train,13,2.28,0,"[0,2.5)",512,512
train,Agadir,AGADIR_r000512_c001536,AGADIR_r000512_c001536_Y2021_M06_N00297,agadir|AGADIR_r000512_c001536,agadir|AGADIR_r000512_c001536_Y2021_M06_N00297,SG_0004,512,1536,2021,6,512,2.09,5.05,0.999988539995416,train,14,2.28,0,"[0,2.5)",512,512
train,Agadir,AGADIR_r000512_c001536,AGADIR_r000512_c001536_Y2021_M07_N00298,agadir|AGADIR_r000512_c001536,agadir|AGADIR_r000512_c001536_Y2021_M07_N00298,SG_0004,512,1536,2021,7,512,2.09,5.05,0.999988539995416,train,15,2.28,0,"[0,2.5)",512,512
train,Agadir,AGADIR_r000512_c001536,AGADIR_r000512_c001536_Y2021_M08_N00299,agadir|AGADIR_r000512_c001536,agadir|AGADIR_r000512_c001536_Y2021_M08_N00299,SG_0004,512,1536,2021,8,512,2.09,5.05,0.999988539995416,train,16,2.28,0,"[0,2.5)",512,512
train,Agadir,AGADIR_r000512_c001536,AGADIR_r000512_c001536_Y2021_M09_N00300,agadir|AGADIR_r000512_c001536,agadir|AGADIR_r000512_c001536_Y2021_M09_N00300,SG_0004,512,1536,2021,9,512,2.05,5.05,0.999988539995416,train,17,2.28,0,"[0,2.5)",512,512
train,Agadir,AGADIR_r000512_c001536,AGADIR_r000512_c001536_Y2022_M05_N00301,agadir|AGADIR_r000512_c001536,agadir|AGADIR_r000512_c001536_Y2022_M05_N00301,SG_0004,512,1536,2022,5,370,2.35,7.17,0.999988539995416,train,18,2.7510000000000003,1,"[2.5,5)",370,370
train,Agadir,AGADIR_r000512_c001536,AGADIR_r000512_c001536_Y2022_M06_N00302,agadir|AGADIR_r000512_c001536,agadir|AGADIR_r000512_c001536_Y2022_M06_N00302,SG_0004,512,1536,2022,6,370,2.35,7.17,0.999988539995416,train,19,2.7510000000000003,1,"[2.5,5)",370,370
train,Agadir,AGADIR_r000512_c001536,AGADIR_r000512_c001536_Y2022_M07_N00303,agadir|AGADIR_r000512_c001536,agadir|AGADIR_r000512_c001536_Y2022_M07_N00303,SG_0004,512,1536,2022,7,407,2.35,7.17,0.999988539995416,train,20,2.772000000000001,1,"[2.5,5)",407,407
train,Agadir,AGADIR_r000512_c001536,AGADIR_r000512_c001536_Y2022_M08_N00304,agadir|AGADIR_r000512_c001536,agadir|AGADIR_r000512_c001536_Y2022_M08_N00304,SG_0004,512,1536,2022,8,407,2.35,7.17,0.999988539995416,train,21,2.772000000000001,1,"[2.5,5)",407,407
train,Agadir,AGADIR_r000512_c001536,AGADIR_r000512_c001536_Y2022_M09_N00305,agadir|AGADIR_r000512_c001536,agadir|AGADIR_r000512_c001536_Y2022_M09_N00305,SG_0004,512,1536,2022,9,372,2.35,7.17,0.999988539995416,train,22,2.7990000000000004,1,"[2.5,5)",372,372
train,Agadir,AGADIR_r000512_c001536,AGADIR_r000512_c001536_Y2023_M05_N00306,agadir|AGADIR_r000512_c001536,agadir|AGADIR_r000512_c001536_Y2023_M05_N00306,SG_0004,512,1536,2023,5,44,2.02,5.72,0.999965619986248,train,23,3.405000000000002,1,"[2.5,5)",44,44
train,Agadir,AGADIR_r000512_c001536,AGADIR_r000512_c001536_Y2024_M06_N00307,agadir|AGADIR_r000512_c001536,agadir|AGADIR_r000512_c001536_Y2024_M06_N00307,SG_0004,512,1536,2024,6,392,2.02,6.81,0.999572159828864,train,24,2.2,0,"[0,2.5)",392,392
train,Agadir,AGADIR_r000512_c001536,AGADIR_r000512_c001536_Y2024_M07_N00308,agadir|AGADIR_r000512_c001536,agadir|AGADIR_r000512_c001536_Y2024_M07_N00308,SG_0004,512,1536,2024,7,392,2.02,6.81,0.999946519978608,train,25,2.2,0,"[0,2.5)",392,392
train,Agadir,AGADIR_r000512_c001536,AGADIR_r000512_c001536_Y2024_M08_N00309,agadir|AGADIR_r000512_c001536,agadir|AGADIR_r000512_c001536_Y2024_M08_N00309,SG_0004,512,1536,2024,8,392,2.02,6.81,0.999984719993888,train,26,2.2,0,"[0,2.5)",392,392
train,Agadir,AGADIR_r000512_c001536,AGADIR_r000512_c001536_Y2024_M09_N00310,agadir|AGADIR_r000512_c001536,agadir|AGADIR_r000512_c001536_Y2024_M09_N00310,SG_0004,512,1536,2024,9,392,2.02,6.81,0.999812819925128,train,27,2.2,0,"[0,2.5)",392,392
train,Agadir,AGADIR_r000512_c003072,AGADIR_r000512_c003072_Y2019_M05_N00311,agadir|AGADIR_r000512_c003072,agadir|AGADIR_r000512_c003072_Y2019_M05_N00311,SG_0007,512,3072,2019,5,22,3.87,10.07,0.998915828898088,train,28,7.709,2,"[5,8)",22,22
train,Agadir,AGADIR_r000512_c003072,AGADIR_r000512_c003072_Y2019_M06_N00312,agadir|AGADIR_r000512_c003072,agadir|AGADIR_r000512_c003072_Y2019_M06_N00312,SG_0007,512,3072,2019,6,35,4.15,14.71,0.998915828898088,train,29,9.394,3,"[8,10)",35,35
train,Agadir,AGADIR_r000512_c003072,AGADIR_r000512_c003072_Y2019_M07_N00313,agadir|AGADIR_r000512_c003072,agadir|AGADIR_r000512_c003072_Y2019_M07_N00313,SG_0007,512,3072,2019,7,35,4.15,14.71,0.998915828898088,train,30,9.394,3,"[8,10)",35,35
train,Agadir,AGADIR_r000512_c003072,AGADIR_r000512_c003072_Y2019_M08_N00314,agadir|AGADIR_r000512_c003072,agadir|AGADIR_r000512_c003072_Y2019_M08_N00314,SG_0007,512,3072,2019,8,78,4.0550003,14.71,0.998915828898088,train,31,7.743,2,"[5,8)",78,78
train,Agadir,AGADIR_r000512_c003072,AGADIR_r000512_c003072_Y2019_M09_N00315,agadir|AGADIR_r000512_c003072,agadir|AGADIR_r000512_c003072_Y2019_M09_N00315,SG_0007,512,3072,2019,9,78,4.0550003,14.71,0.998915828898088,train,32,7.743,2,"[5,8)",78,78
train,Agadir,AGADIR_r000512_c003072,AGADIR_r000512_c003072_Y2020_M05_N00316,agadir|AGADIR_r000512_c003072,agadir|AGADIR_r000512_c003072_Y2020_M05_N00316,SG_0007,512,3072,2020,5,43,3.96,11.11,0.998915828898088,train,33,6.748,2,"[5,8)",43,43
train,Agadir,AGADIR_r000512_c003072,AGADIR_r000512_c003072_Y2020_M06_N00317,agadir|AGADIR_r000512_c003072,agadir|AGADIR_r000512_c003072_Y2020_M06_N00317,SG_0007,512,3072,2020,6,43,3.96,11.11,0.998915828898088,train,34,6.748,2,"[5,8)",43,43
train,Agadir,AGADIR_r000512_c003072,AGADIR_r000512_c003072_Y2021_M05_N00318,agadir|AGADIR_r000512_c003072,agadir|AGADIR_r000512_c003072_Y2021_M05_N00318,SG_0007,512,3072,2021,5,36,4.0950003,9.13,0.998915828898088,train,35,6.415,2,"[5,8)",36,36
train,Agadir,AGADIR_r000512_c003072,AGADIR_r000512_c003072_Y2021_M06_N00319,agadir|AGADIR_r000512_c003072,agadir|AGADIR_r000512_c003072_Y2021_M06_N00319,SG_0007,512,3072,2021,6,36,4.0950003,9.13,0.998915828898088,train,36,6.415,2,"[5,8)",36,36
train,Agadir,AGADIR_r000512_c003072,AGADIR_r000512_c003072_Y2021_M07_N00320,agadir|AGADIR_r000512_c003072,agadir|AGADIR_r000512_c003072_Y2021_M07_N00320,SG_0007,512,3072,2021,7,36,4.0950003,9.13,0.998915828898088,train,37,6.415,2,"[5,8)",36,36
train,Agadir,AGADIR_r000512_c003072,AGADIR_r000512_c003072_Y2021_M08_N00321,agadir|AGADIR_r000512_c003072,agadir|AGADIR_r000512_c003072_Y2021_M08_N00321,SG_0007,512,3072,2021,8,36,4.0950003,9.13,0.998915828898088,train,38,6.415,2,"[5,8)",36,36
train,Agadir,AGADIR_r000512_c003072,AGADIR_r000512_c003072_Y2021_M09_N00322,agadir|AGADIR_r000512_c003072,agadir|AGADIR_r000512_c003072_Y2021_M09_N00322,SG_0007,512,3072,2021,9,36,4.0950003,9.13,0.998915828898088,train,39,6.415,2,"[5,8)",36,36
train,Agadir,AGADIR_r000512_c003072,AGADIR_r000512_c003072_Y2022_M05_N00323,agadir|AGADIR_r000512_c003072,agadir|AGADIR_r000512_c003072_Y2022_M05_N00323,SG_0007,512,3072,2022,5,31,4.62,12.48,0.998915828898088,train,40,8.09,3,"[8,10)",31,31
train,Agadir,AGADIR_r000512_c003072,AGADIR_r000512_c003072_Y2022_M06_N00324,agadir|AGADIR_r000512_c003072,agadir|AGADIR_r000512_c003072_Y2022_M06_N00324,SG_0007,512,3072,2022,6,31,4.62,12.48,0.998915828898088,train,41,8.09,3,"[8,10)",31,31
train,Agadir,AGADIR_r000512_c003072,AGADIR_r000512_c003072_Y2022_M07_N00325,agadir|AGADIR_r000512_c003072,agadir|AGADIR_r000512_c003072_Y2022_M07_N00325,SG_0007,512,3072,2022,7,31,4.62,12.48,0.998915828898088,train,42,8.09,3,"[8,10)",31,31
train,Agadir,AGADIR_r000512_c003072,AGADIR_r000512_c003072_Y2022_M08_N00326,agadir|AGADIR_r000512_c003072,agadir|AGADIR_r000512_c003072_Y2022_M08_N00326,SG_0007,512,3072,2022,8,31,4.62,12.48,0.998915828898088,train,43,8.09,3,"[8,10)",31,31
train,Agadir,AGADIR_r000512_c003072,AGADIR_r000512_c003072_Y2022_M09_N00327,agadir|AGADIR_r000512_c003072,agadir|AGADIR_r000512_c003072_Y2022_M09_N00327,SG_0007,512,3072,2022,9,31,4.62,12.48,0.998915828898088,train,44,8.09,3,"[8,10)",31,31
train,Agadir,AGADIR_r000512_c003072,AGADIR_r000512_c003072_Y2024_M05_N00328,agadir|AGADIR_r000512_c003072,agadir|AGADIR_r000512_c003072_Y2024_M05_N00328,SG_0007,512,3072,2024,5,2,5.075,6.2,0.998915828898088,train,45,5.975,2,"[5,8)",2,2
train,Agadir,AGADIR_r000512_c003072,AGADIR_r000512_c003072_Y2024_M06_N00329,agadir|AGADIR_r000512_c003072,agadir|AGADIR_r000512_c003072_Y2024_M06_N00329,SG_0007,512,3072,2024,6,2,5.075,6.2,0.998915828898088,train,46,5.975,2,"[5,8)",2,2
train,Agadir,AGADIR_r000512_c003072,AGADIR_r000512_c003072_Y2024_M07_N00330,agadir|AGADIR_r000512_c003072,agadir|AGADIR_r000512_c003072_Y2024_M07_N00330,SG_0007,512,3072,2024,7,41,3.95,8.66,0.998915828898088,train,47,6.42,2,"[5,8)",41,41
train,Agadir,AGADIR_r000512_c003072,AGADIR_r000512_c003072_Y2024_M08_N00331,agadir|AGADIR_r000512_c003072,agadir|AGADIR_r000512_c003072_Y2024_M08_N00331,SG_0007,512,3072,2024,8,41,3.95,8.66,0.998915828898088,train,48,6.42,2,"[5,8)",41,41
train,Agadir,AGADIR_r000512_c003072,AGADIR_r000512_c003072_Y2024_M09_N00332,agadir|AGADIR_r000512_c003072,agadir|AGADIR_r000512_c003072_Y2024_M09_N00332,SG_0007,512,3072,2024,9,41,3.95,8.66,0.998915828898088,train,49,6.42,2,"[5,8)",41,41
train,Agadir,AGADIR_r000512_c003072,AGADIR_r000512_c003072_Y2025_M05_N00333,agadir|AGADIR_r000512_c003072,agadir|AGADIR_r000512_c003072_Y2025_M05_N00333,SG_0007,512,3072,2025,5,39,3.84,8.66,0.998915828898088,train,50,6.524000000000002,2,"[5,8)",39,39
train,Agadir,AGADIR_r001024_c000512,AGADIR_r001024_c000512_Y2019_M05_N00334,agadir|AGADIR_r001024_c000512,agadir|AGADIR_r001024_c000512_Y2019_M05_N00334,SG_0008,1024,512,2019,5,54,2.1100001,7.9,0.999546768582488,train,51,3.691,1,"[2.5,5)",54,54
train,Agadir,AGADIR_r001024_c000512,AGADIR_r001024_c000512_Y2019_M06_N00335,agadir|AGADIR_r001024_c000512,agadir|AGADIR_r001024_c000512_Y2019_M06_N00335,SG_0008,1024,512,2019,6,54,2.1100001,7.9,0.999546768582488,train,52,3.691,1,"[2.5,5)",54,54
train,Agadir,AGADIR_r001024_c000512,AGADIR_r001024_c000512_Y2019_M07_N00336,agadir|AGADIR_r001024_c000512,agadir|AGADIR_r001024_c000512_Y2019_M07_N00336,SG_0008,1024,512,2019,7,54,2.1100001,7.9,0.999546768582488,train,53,3.691,1,"[2.5,5)",54,54
train,Agadir,AGADIR_r001024_c000512,AGADIR_r001024_c000512_Y2019_M08_N00337,agadir|AGADIR_r001024_c000512,agadir|AGADIR_r001024_c000512_Y2019_M08_N00337,SG_0008,1024,512,2019,8,54,2.1100001,7.9,0.999546768582488,train,54,3.691,1,"[2.5,5)",54,54
train,Agadir,AGADIR_r001024_c000512,AGADIR_r001024_c000512_Y2019_M09_N00338,agadir|AGADIR_r001024_c000512,agadir|AGADIR_r001024_c000512_Y2019_M09_N00338,SG_0008,1024,512,2019,9,54,2.1100001,7.9,0.999546768582488,train,55,3.691,1,"[2.5,5)",54,54
train,Agadir,AGADIR_r001024_c000512,AGADIR_r001024_c000512_Y2021_M05_N00339,agadir|AGADIR_r001024_c000512,agadir|AGADIR_r001024_c000512_Y2021_M05_N00339,SG_0008,1024,512,2021,5,4,5.125,10.82,0.999546768582488,train,56,9.875,3,"[8,10)",4,4
train,Agadir,AGADIR_r001024_c000512,AGADIR_r001024_c000512_Y2021_M06_N00340,agadir|AGADIR_r001024_c000512,agadir|AGADIR_r001024_c000512_Y2021_M06_N00340,SG_0008,1024,512,2021,6,4,5.125,10.82,0.999546768582488,train,57,9.875,3,"[8,10)",4,4
train,Agadir,AGADIR_r001024_c000512,AGADIR_r001024_c000512_Y2021_M07_N00341,agadir|AGADIR_r001024_c000512,agadir|AGADIR_r001024_c000512_Y2021_M07_N00341,SG_0008,1024,512,2021,7,4,5.125,10.82,0.999546768582488,train,58,9.875,3,"[8,10)",4,4
train,Agadir,AGADIR_r001024_c000512,AGADIR_r001024_c000512_Y2021_M08_N00342,agadir|AGADIR_r001024_c000512,agadir|AGADIR_r001024_c000512_Y2021_M08_N00342,SG_0008,1024,512,2021,8,106,3.4,17.92,0.999546768582488,train,59,8.12,3,"[8,10)",106,106
train,Agadir,AGADIR_r001024_c000512,AGADIR_r001024_c000512_Y2021_M09_N00343,agadir|AGADIR_r001024_c000512,agadir|AGADIR_r001024_c000512_Y2021_M09_N00343,SG_0008,1024,512,2021,9,106,3.4,17.92,0.999546768582488,train,60,8.12,3,"[8,10)",106,106
train,Agadir,AGADIR_r001024_c000512,AGADIR_r001024_c000512_Y2022_M05_N00344,agadir|AGADIR_r001024_c000512,agadir|AGADIR_r001024_c000512_Y2022_M05_N00344,SG_0008,1024,512,2022,5,102,3.4,17.92,0.999546768582488,train,61,7.966,2,"[5,8)",102,102
train,Agadir,AGADIR_r001024_c000512,AGADIR_r001024_c000512_Y2022_M06_N00345,agadir|AGADIR_r001024_c000512,agadir|AGADIR_r001024_c000512_Y2022_M06_N00345,SG_0008,1024,512,2022,6,205,2.77,17.92,0.999546768582488,train,62,6.827999999999999,2,"[5,8)",205,205
train,Agadir,AGADIR_r001024_c000512,AGADIR_r001024_c000512_Y2022_M07_N00346,agadir|AGADIR_r001024_c000512,agadir|AGADIR_r001024_c000512_Y2022_M07_N00346,SG_0008,1024,512,2022,7,177,2.39,10.75,0.999546768582488,train,63,5.816,2,"[5,8)",177,177
train,Agadir,AGADIR_r001024_c000512,AGADIR_r001024_c000512_Y2022_M08_N00347,agadir|AGADIR_r001024_c000512,agadir|AGADIR_r001024_c000512_Y2022_M08_N00347,SG_0008,1024,512,2022,8,177,2.39,10.75,0.999546768582488,train,0,5.816,2,"[5,8)",177,177
train,Agadir,AGADIR_r001024_c000512,AGADIR_r001024_c000512_Y2022_M09_N00348,agadir|AGADIR_r001024_c000512,agadir|AGADIR_r001024_c000512_Y2022_M09_N00348,SG_0008,1024,512,2022,9,177,2.39,10.75,0.999546768582488,train,1,5.816,2,"[5,8)",177,177
train,Agadir,AGADIR_r001024_c000512,AGADIR_r001024_c000512_Y2023_M05_N00349,agadir|AGADIR_r001024_c000512,agadir|AGADIR_r001024_c000512_Y2023_M05_N00349,SG_0008,1024,512,2023,5,74,2.655,9.65,0.999546768582488,train,2,5.905,2,"[5,8)",74,74
train,Agadir,AGADIR_r001024_c000512,AGADIR_r001024_c000512_Y2024_M05_N00350,agadir|AGADIR_r001024_c000512,agadir|AGADIR_r001024_c000512_Y2024_M05_N00350,SG_0008,1024,512,2024,5,86,2.625,6.71,0.999546768582488,train,3,4.585,1,"[2.5,5)",86,86
train,Agadir,AGADIR_r001024_c000512,AGADIR_r001024_c000512_Y2024_M06_N00351,agadir|AGADIR_r001024_c000512,agadir|AGADIR_r001024_c000512_Y2024_M06_N00351,SG_0008,1024,512,2024,6,143,2.99,9.95,0.999546768582488,train,4,5.792,2,"[5,8)",143,143
train,Agadir,AGADIR_r001024_c000512,AGADIR_r001024_c000512_Y2024_M07_N00352,agadir|AGADIR_r001024_c000512,agadir|AGADIR_r001024_c000512_Y2024_M07_N00352,SG_0008,1024,512,2024,7,143,2.99,9.95,0.999546768582488,train,5,5.792,2,"[5,8)",143,143
train,Agadir,AGADIR_r001024_c000512,AGADIR_r001024_c000512_Y2024_M08_N00353,agadir|AGADIR_r001024_c000512,agadir|AGADIR_r001024_c000512_Y2024_M08_N00353,SG_0008,1024,512,2024,8,143,2.99,9.95,0.999546768582488,train,6,5.792,2,"[5,8)",143,143
train,Agadir,AGADIR_r001024_c000512,AGADIR_r001024_c000512_Y2024_M09_N00354,agadir|AGADIR_r001024_c000512,agadir|AGADIR_r001024_c000512_Y2024_M09_N00354,SG_0008,1024,512,2024,9,143,2.99,9.95,0.999546768582488,train,7,5.792,2,"[5,8)",143,143
test,Agadir,AGADIR_r001024_c001024,AGADIR_r001024_c001024_Y2019_M05_N00355,agadir|AGADIR_r001024_c001024,agadir|AGADIR_r001024_c001024_Y2019_M05_N00355,SG_0009,1024,1024,2019,5,20,4.17,10.14,0.9999845466767628,train,8,9.303,3,"[8,10)",20,20
test,Agadir,AGADIR_r001024_c001024,AGADIR_r001024_c001024_Y2019_M06_N00356,agadir|AGADIR_r001024_c001024,agadir|AGADIR_r001024_c001024_Y2019_M06_N00356,SG_0009,1024,1024,2019,6,20,4.17,10.14,0.9999845466767628,train,9,9.303,3,"[8,10)",20,20
test,Agadir,AGADIR_r001024_c001024,AGADIR_r001024_c001024_Y2019_M07_N00357,agadir|AGADIR_r001024_c001024,agadir|AGADIR_r001024_c001024_Y2019_M07_N00357,SG_0009,1024,1024,2019,7,20,4.17,10.14,0.9999845466767628,train,10,9.303,3,"[8,10)",20,20
test,Agadir,AGADIR_r001024_c001024,AGADIR_r001024_c001024_Y2019_M08_N00358,agadir|AGADIR_r001024_c001024,agadir|AGADIR_r001024_c001024_Y2019_M08_N00358,SG_0009,1024,1024,2019,8,20,4.17,10.14,0.9999845466767628,train,11,9.303,3,"[8,10)",20,20
test,Agadir,AGADIR_r001024_c001024,AGADIR_r001024_c001024_Y2019_M09_N00359,agadir|AGADIR_r001024_c001024,agadir|AGADIR_r001024_c001024_Y2019_M09_N00359,SG_0009,1024,1024,2019,9,20,4.17,10.14,0.9999845466767628,train,12,9.303,3,"[8,10)",20,20
test,Agadir,AGADIR_r001024_c001024,AGADIR_r001024_c001024_Y2020_M05_N00360,agadir|AGADIR_r001024_c001024,agadir|AGADIR_r001024_c001024_Y2020_M05_N00360,SG_0009,1024,1024,2020,5,22,3.83,10.35,0.9999845466767628,train,13,7.520000000000003,2,"[5,8)",22,22
test,Agadir,AGADIR_r001024_c001024,AGADIR_r001024_c001024_Y2020_M06_N00361,agadir|AGADIR_r001024_c001024,agadir|AGADIR_r001024_c001024_Y2020_M06_N00361,SG_0009,1024,1024,2020,6,22,3.83,10.35,0.9999845466767628,train,14,7.520000000000003,2,"[5,8)",22,22
test,Agadir,AGADIR_r001024_c001024,AGADIR_r001024_c001024_Y2020_M07_N00362,agadir|AGADIR_r001024_c001024,agadir|AGADIR_r001024_c001024_Y2020_M07_N00362,SG_0009,1024,1024,2020,7,22,3.83,10.35,0.9999845466767628,train,15,7.520000000000003,2,"[5,8)",22,22
test,Agadir,AGADIR_r001024_c001024,AGADIR_r001024_c001024_Y2020_M08_N00363,agadir|AGADIR_r001024_c001024,agadir|AGADIR_r001024_c001024_Y2020_M08_N00363,SG_0009,1024,1024,2020,8,22,3.83,10.35,0.9999845466767628,train,16,7.520000000000003,2,"[5,8)",22,22
test,Agadir,AGADIR_r001024_c001024,AGADIR_r001024_c001024_Y2020_M09_N00364,agadir|AGADIR_r001024_c001024,agadir|AGADIR_r001024_c001024_Y2020_M09_N00364,SG_0009,1024,1024,2020,9,22,3.83,10.35,0.9999845466767628,train,17,7.520000000000003,2,"[5,8)",22,22
test,Agadir,AGADIR_r001024_c001024,AGADIR_r001024_c001024_Y2021_M05_N00365,agadir|AGADIR_r001024_c001024,agadir|AGADIR_r001024_c001024_Y2021_M05_N00365,SG_0009,1024,1024,2021,5,512,2.65,13.05,0.9999845466767628,train,18,5.349,2,"[5,8)",512,512
test,Agadir,AGADIR_r001024_c001024,AGADIR_r001024_c001024_Y2021_M06_N00366,agadir|AGADIR_r001024_c001024,agadir|AGADIR_r001024_c001024_Y2021_M06_N00366,SG_0009,1024,1024,2021,6,512,2.65,13.05,0.9999845466767628,train,19,5.349,2,"[5,8)",512,512
test,Agadir,AGADIR_r001024_c001024,AGADIR_r001024_c001024_Y2021_M07_N00367,agadir|AGADIR_r001024_c001024,agadir|AGADIR_r001024_c001024_Y2021_M07_N00367,SG_0009,1024,1024,2021,7,512,2.65,13.05,0.9999845466767628,train,20,5.349,2,"[5,8)",512,512
test,Agadir,AGADIR_r001024_c001024,AGADIR_r001024_c001024_Y2021_M08_N00368,agadir|AGADIR_r001024_c001024,agadir|AGADIR_r001024_c001024_Y2021_M08_N00368,SG_0009,1024,1024,2021,8,512,2.65,13.05,0.9999845466767628,train,21,5.349,2,"[5,8)",512,512
test,Agadir,AGADIR_r001024_c001024,AGADIR_r001024_c001024_Y2021_M09_N00369,agadir|AGADIR_r001024_c001024,agadir|AGADIR_r001024_c001024_Y2021_M09_N00369,SG_0009,1024,1024,2021,9,512,2.65,13.05,0.9999845466767628,train,22,5.349,2,"[5,8)",512,512
test,Agadir,AGADIR_r001024_c001024,AGADIR_r001024_c001024_Y2022_M05_N00370,agadir|AGADIR_r001024_c001024,agadir|AGADIR_r001024_c001024_Y2022_M05_N00370,SG_0009,1024,1024,2022,5,388,2.2,13.66,0.9999845466767628,train,23,4.872000000000001,1,"[2.5,5)",388,388
test,Agadir,AGADIR_r001024_c001024,AGADIR_r001024_c001024_Y2022_M06_N00371,agadir|AGADIR_r001024_c001024,agadir|AGADIR_r001024_c001024_Y2022_M06_N00371,SG_0009,1024,1024,2022,6,427,2.28,13.66,0.9999845466767628,train,24,5.12,2,"[5,8)",427,427
test,Agadir,AGADIR_r001024_c001024,AGADIR_r001024_c001024_Y2022_M07_N00372,agadir|AGADIR_r001024_c001024,agadir|AGADIR_r001024_c001024_Y2022_M07_N00372,SG_0009,1024,1024,2022,7,324,2.05,13.66,0.9999845466767628,train,25,3.893999999999999,1,"[2.5,5)",324,324
test,Agadir,AGADIR_r001024_c001024,AGADIR_r001024_c001024_Y2022_M08_N00373,agadir|AGADIR_r001024_c001024,agadir|AGADIR_r001024_c001024_Y2022_M08_N00373,SG_0009,1024,1024,2022,8,324,2.05,13.66,0.9999845466767628,train,26,3.893999999999999,1,"[2.5,5)",324,324
test,Agadir,AGADIR_r001024_c001024,AGADIR_r001024_c001024_Y2022_M09_N00374,agadir|AGADIR_r001024_c001024,agadir|AGADIR_r001024_c001024_Y2022_M09_N00374,SG_0009,1024,1024,2022,9,79,2.32,11.72,0.9999845466767628,train,27,4.988000000000002,1,"[2.5,5)",79,79
test,Agadir,AGADIR_r001024_c001024,AGADIR_r001024_c001024_Y2023_M05_N00375,agadir|AGADIR_r001024_c001024,agadir|AGADIR_r001024_c001024_Y2023_M05_N00375,SG_0009,1024,1024,2023,5,40,2.02,5.84,0.9999845466767628,train,28,2.388000000000001,0,"[0,2.5)",40,40
test,Agadir,AGADIR_r001024_c001024,AGADIR_r001024_c001024_Y2024_M05_N00376,agadir|AGADIR_r001024_c001024,agadir|AGADIR_r001024_c001024_Y2024_M05_N00376,SG_0009,1024,1024,2024,5,4,2.31,2.53,0.9999845466767628,train,29,2.476,0,"[0,2.5)",4,4
test,Agadir,AGADIR_r001024_c001024,AGADIR_r001024_c001024_Y2024_M06_N00377,agadir|AGADIR_r001024_c001024,agadir|AGADIR_r001024_c001024_Y2024_M06_N00377,SG_0009,1024,1024,2024,6,361,2.09,8.53,0.9999845466767628,train,30,4.56,1,"[2.5,5)",361,361
test,Agadir,AGADIR_r001024_c001024,AGADIR_r001024_c001024_Y2024_M07_N00378,agadir|AGADIR_r001024_c001024,agadir|AGADIR_r001024_c001024_Y2024_M07_N00378,SG_0009,1024,1024,2024,7,361,2.09,8.53,0.9999845466767628,train,31,4.56,1,"[2.5,5)",361,361
test,Agadir,AGADIR_r001024_c001024,AGADIR_r001024_c001024_Y2024_M08_N00379,agadir|AGADIR_r001024_c001024,agadir|AGADIR_r001024_c001024_Y2024_M08_N00379,SG_0009,1024,1024,2024,8,361,2.09,8.53,0.9999845466767628,train,32,4.56,1,"[2.5,5)",361,361
test,Agadir,AGADIR_r001024_c001024,AGADIR_r001024_c001024_Y2024_M09_N00380,agadir|AGADIR_r001024_c001024,agadir|AGADIR_r001024_c001024_Y2024_M09_N00380,SG_0009,1024,1024,2024,9,361,2.09,8.53,0.9999845466767628,train,33,4.56,1,"[2.5,5)",361,361
train,Agadir,AGADIR_r001024_c002048,AGADIR_r001024_c002048_Y2019_M05_N00381,agadir|AGADIR_r001024_c002048,agadir|AGADIR_r001024_c002048_Y2019_M05_N00381,SG_0011,1024,2048,2019,5,202,2.32,13.22,1.0,train,34,5.100000000000001,2,"[5,8)",202,202
train,Agadir,AGADIR_r001024_c002048,AGADIR_r001024_c002048_Y2019_M06_N00382,agadir|AGADIR_r001024_c002048,agadir|AGADIR_r001024_c002048_Y2019_M06_N00382,SG_0011,1024,2048,2019,6,512,2.5,13.22,1.0,train,35,5.532000000000003,2,"[5,8)",512,512
train,Agadir,AGADIR_r001024_c002048,AGADIR_r001024_c002048_Y2019_M07_N00383,agadir|AGADIR_r001024_c002048,agadir|AGADIR_r001024_c002048_Y2019_M07_N00383,SG_0011,1024,2048,2019,7,512,2.5,13.22,1.0,train,36,5.532000000000003,2,"[5,8)",512,512
train,Agadir,AGADIR_r001024_c002048,AGADIR_r001024_c002048_Y2019_M08_N00384,agadir|AGADIR_r001024_c002048,agadir|AGADIR_r001024_c002048_Y2019_M08_N00384,SG_0011,1024,2048,2019,8,512,2.5,13.22,1.0,train,37,5.532000000000003,2,"[5,8)",512,512
train,Agadir,AGADIR_r001024_c002048,AGADIR_r001024_c002048_Y2019_M09_N00385,agadir|AGADIR_r001024_c002048,agadir|AGADIR_r001024_c002048_Y2019_M09_N00385,SG_0011,1024,2048,2019,9,512,2.8,17.78,1.0,train,38,6.6560000000000015,2,"[5,8)",512,512
train,Agadir,AGADIR_r001024_c002048,AGADIR_r001024_c002048_Y2020_M05_N00386,agadir|AGADIR_r001024_c002048,agadir|AGADIR_r001024_c002048_Y2020_M05_N00386,SG_0011,1024,2048,2020,5,512,2.75,12.7,1.0,train,39,4.865000000000005,1,"[2.5,5)",512,512
train,Agadir,AGADIR_r001024_c002048,AGADIR_r001024_c002048_Y2020_M06_N00387,agadir|AGADIR_r001024_c002048,agadir|AGADIR_r001024_c002048_Y2020_M06_N00387,SG_0011,1024,2048,2020,6,512,2.75,12.7,1.0,train,40,4.865000000000005,1,"[2.5,5)",512,512
train,Agadir,AGADIR_r001024_c002048,AGADIR_r001024_c002048_Y2020_M07_N00388,agadir|AGADIR_r001024_c002048,agadir|AGADIR_r001024_c002048_Y2020_M07_N00388,SG_0011,1024,2048,2020,7,512,2.75,12.7,1.0,train,41,4.865000000000005,1,"[2.5,5)",512,512
train,Agadir,AGADIR_r001024_c002048,AGADIR_r001024_c002048_Y2020_M08_N00389,agadir|AGADIR_r001024_c002048,agadir|AGADIR_r001024_c002048_Y2020_M08_N00389,SG_0011,1024,2048,2020,8,512,2.75,12.7,1.0,train,42,4.865000000000005,1,"[2.5,5)",512,512
train,Agadir,AGADIR_r001024_c002048,AGADIR_r001024_c002048_Y2020_M09_N00390,agadir|AGADIR_r001024_c002048,agadir|AGADIR_r001024_c002048_Y2020_M09_N00390,SG_0011,1024,2048,2020,9,512,2.75,12.7,1.0,train,43,4.865000000000005,1,"[2.5,5)",512,512
train,Agadir,AGADIR_r001024_c002048,AGADIR_r001024_c002048_Y2021_M05_N00391,agadir|AGADIR_r001024_c002048,agadir|AGADIR_r001024_c002048_Y2021_M05_N00391,SG_0011,1024,2048,2021,5,36,2.05,2.84,1.0,train,44,2.205,0,"[0,2.5)",36,36
train,Agadir,AGADIR_r001024_c002048,AGADIR_r001024_c002048_Y2021_M06_N00392,agadir|AGADIR_r001024_c002048,agadir|AGADIR_r001024_c002048_Y2021_M06_N00392,SG_0011,1024,2048,2021,6,36,2.05,2.84,1.0,train,45,2.205,0,"[0,2.5)",36,36
train,Agadir,AGADIR_r001024_c002048,AGADIR_r001024_c002048_Y2021_M07_N00393,agadir|AGADIR_r001024_c002048,agadir|AGADIR_r001024_c002048_Y2021_M07_N00393,SG_0011,1024,2048,2021,7,36,2.05,2.84,1.0,train,46,2.205,0,"[0,2.5)",36,36
train,Agadir,AGADIR_r001024_c002048,AGADIR_r001024_c002048_Y2021_M08_N00394,agadir|AGADIR_r001024_c002048,agadir|AGADIR_r001024_c002048_Y2021_M08_N00394,SG_0011,1024,2048,2021,8,36,2.05,2.84,1.0,train,47,2.205,0,"[0,2.5)",36,36
train,Agadir,AGADIR_r001024_c002048,AGADIR_r001024_c002048_Y2021_M09_N00395,agadir|AGADIR_r001024_c002048,agadir|AGADIR_r001024_c002048_Y2021_M09_N00395,SG_0011,1024,2048,2021,9,36,2.05,2.84,1.0,train,48,2.205,0,"[0,2.5)",36,36
train,Agadir,AGADIR_r001024_c002048,AGADIR_r001024_c002048_Y2022_M05_N00396,agadir|AGADIR_r001024_c002048,agadir|AGADIR_r001024_c002048_Y2022_M05_N00396,SG_0011,1024,2048,2022,5,384,2.745,12.09,1.0,train,49,6.396999999999999,2,"[5,8)",384,384
train,Agadir,AGADIR_r001024_c002048,AGADIR_r001024_c002048_Y2022_M06_N00397,agadir|AGADIR_r001024_c002048,agadir|AGADIR_r001024_c002048_Y2022_M06_N00397,SG_0011,1024,2048,2022,6,512,2.68,12.09,1.0,train,50,6.06,2,"[5,8)",512,512
train,Agadir,AGADIR_r001024_c002048,AGADIR_r001024_c002048_Y2022_M07_N00398,agadir|AGADIR_r001024_c002048,agadir|AGADIR_r001024_c002048_Y2022_M07_N00398,SG_0011,1024,2048,2022,7,512,2.68,12.09,1.0,train,51,6.06,2,"[5,8)",512,512
train,Agadir,AGADIR_r001024_c002048,AGADIR_r001024_c002048_Y2022_M08_N00399,agadir|AGADIR_r001024_c002048,agadir|AGADIR_r001024_c002048_Y2022_M08_N00399,SG_0011,1024,2048,2022,8,512,2.58,10.82,1.0,train,52,5.05,2,"[5,8)",512,512
train,Agadir,AGADIR_r001024_c002048,AGADIR_r001024_c002048_Y2022_M09_N00400,agadir|AGADIR_r001024_c002048,agadir|AGADIR_r001024_c002048_Y2022_M09_N00400,SG_0011,1024,2048,2022,9,512,2.56,13.39,1.0,train,53,6.426000000000001,2,"[5,8)",512,512
train,Agadir,AGADIR_r001024_c002560,AGADIR_r001024_c002560_Y2019_M05_N00401,agadir|AGADIR_r001024_c002560,agadir|AGADIR_r001024_c002560_Y2019_M05_N00401,SG_0012,1024,2560,2019,5,183,3.74,13.07,1.0,train,54,6.868000000000001,2,"[5,8)",183,183
train,Agadir,AGADIR_r001024_c002560,AGADIR_r001024_c002560_Y2019_M06_N00402,agadir|AGADIR_r001024_c002560,agadir|AGADIR_r001024_c002560_Y2019_M06_N00402,SG_0012,1024,2560,2019,6,393,3.59,19.28,1.0,train,55,7.262000000000002,2,"[5,8)",393,393
train,Agadir,AGADIR_r001024_c002560,AGADIR_r001024_c002560_Y2019_M07_N00403,agadir|AGADIR_r001024_c002560,agadir|AGADIR_r001024_c002560_Y2019_M07_N00403,SG_0012,1024,2560,2019,7,393,3.59,19.28,1.0,train,56,7.262000000000002,2,"[5,8)",393,393
train,Agadir,AGADIR_r001024_c002560,AGADIR_r001024_c002560_Y2019_M08_N00404,agadir|AGADIR_r001024_c002560,agadir|AGADIR_r001024_c002560_Y2019_M08_N00404,SG_0012,1024,2560,2019,8,512,3.74,19.28,1.0,train,57,7.809000000000004,2,"[5,8)",512,512
train,Agadir,AGADIR_r001024_c002560,AGADIR_r001024_c002560_Y2019_M09_N00405,agadir|AGADIR_r001024_c002560,agadir|AGADIR_r001024_c002560_Y2019_M09_N00405,SG_0012,1024,2560,2019,9,512,3.92,19.28,1.0,train,58,7.659000000000003,2,"[5,8)",512,512
train,Agadir,AGADIR_r001024_c002560,AGADIR_r001024_c002560_Y2020_M05_N00406,agadir|AGADIR_r001024_c002560,agadir|AGADIR_r001024_c002560_Y2020_M05_N00406,SG_0012,1024,2560,2020,5,459,4.11,18.74,1.0,train,59,7.415999999999999,2,"[5,8)",459,459
train,Agadir,AGADIR_r001024_c002560,AGADIR_r001024_c002560_Y2020_M06_N00407,agadir|AGADIR_r001024_c002560,agadir|AGADIR_r001024_c002560_Y2020_M06_N00407,SG_0012,1024,2560,2020,6,459,4.11,18.74,1.0,train,60,7.415999999999999,2,"[5,8)",459,459
train,Agadir,AGADIR_r001024_c002560,AGADIR_r001024_c002560_Y2020_M07_N00408,agadir|AGADIR_r001024_c002560,agadir|AGADIR_r001024_c002560_Y2020_M07_N00408,SG_0012,1024,2560,2020,7,123,3.72,13.89,1.0,train,61,7.335999999999999,2,"[5,8)",123,123
train,Agadir,AGADIR_r001024_c002560,AGADIR_r001024_c002560_Y2020_M08_N00409,agadir|AGADIR_r001024_c002560,agadir|AGADIR_r001024_c002560_Y2020_M08_N00409,SG_0012,1024,2560,2020,8,123,3.72,13.89,1.0,train,62,7.335999999999999,2,"[5,8)",123,123
train,Agadir,AGADIR_r001024_c002560,AGADIR_r001024_c002560_Y2020_M09_N00410,agadir|AGADIR_r001024_c002560,agadir|AGADIR_r001024_c002560_Y2020_M09_N00410,SG_0012,1024,2560,2020,9,123,3.72,13.89,1.0,train,63,7.335999999999999,2,"[5,8)",123,123
train,Agadir,AGADIR_r001024_c002560,AGADIR_r001024_c002560_Y2021_M05_N00411,agadir|AGADIR_r001024_c002560,agadir|AGADIR_r001024_c002560_Y2021_M05_N00411,SG_0012,1024,2560,2021,5,308,3.66,13.51,1.0,train,0,7.572,2,"[5,8)",308,308
train,Agadir,AGADIR_r001024_c002560,AGADIR_r001024_c002560_Y2021_M06_N00412,agadir|AGADIR_r001024_c002560,agadir|AGADIR_r001024_c002560_Y2021_M06_N00412,SG_0012,1024,2560,2021,6,308,3.66,13.51,1.0,train,1,7.572,2,"[5,8)",308,308
train,Agadir,AGADIR_r001024_c002560,AGADIR_r001024_c002560_Y2021_M07_N00413,agadir|AGADIR_r001024_c002560,agadir|AGADIR_r001024_c002560_Y2021_M07_N00413,SG_0012,1024,2560,2021,7,308,3.66,13.51,1.0,train,2,7.572,2,"[5,8)",308,308
train,Agadir,AGADIR_r001024_c002560,AGADIR_r001024_c002560_Y2021_M08_N00414,agadir|AGADIR_r001024_c002560,agadir|AGADIR_r001024_c002560_Y2021_M08_N00414,SG_0012,1024,2560,2021,8,308,3.66,13.51,1.0,train,3,7.572,2,"[5,8)",308,308
train,Agadir,AGADIR_r001024_c002560,AGADIR_r001024_c002560_Y2021_M09_N00415,agadir|AGADIR_r001024_c002560,agadir|AGADIR_r001024_c002560_Y2021_M09_N00415,SG_0012,1024,2560,2021,9,308,3.66,13.51,1.0,train,4,7.572,2,"[5,8)",308,308
train,Agadir,AGADIR_r001024_c002560,AGADIR_r001024_c002560_Y2022_M05_N00416,agadir|AGADIR_r001024_c002560,agadir|AGADIR_r001024_c002560_Y2022_M05_N00416,SG_0012,1024,2560,2022,5,500,4.3500004,18.47,1.0,train,5,8.203,3,"[8,10)",500,500
train,Agadir,AGADIR_r001024_c002560,AGADIR_r001024_c002560_Y2022_M06_N00417,agadir|AGADIR_r001024_c002560,agadir|AGADIR_r001024_c002560_Y2022_M06_N00417,SG_0012,1024,2560,2022,6,512,4.36,18.47,1.0,train,6,8.163000000000006,3,"[8,10)",512,512
train,Agadir,AGADIR_r001024_c002560,AGADIR_r001024_c002560_Y2022_M07_N00418,agadir|AGADIR_r001024_c002560,agadir|AGADIR_r001024_c002560_Y2022_M07_N00418,SG_0012,1024,2560,2022,7,512,4.36,18.47,1.0,train,7,8.163000000000006,3,"[8,10)",512,512
train,Agadir,AGADIR_r001024_c002560,AGADIR_r001024_c002560_Y2022_M08_N00419,agadir|AGADIR_r001024_c002560,agadir|AGADIR_r001024_c002560_Y2022_M08_N00419,SG_0012,1024,2560,2022,8,512,4.1,15.33,1.0,train,8,7.487000000000001,2,"[5,8)",512,512
train,Agadir,AGADIR_r001024_c002560,AGADIR_r001024_c002560_Y2022_M09_N00420,agadir|AGADIR_r001024_c002560,agadir|AGADIR_r001024_c002560_Y2022_M09_N00420,SG_0012,1024,2560,2022,9,512,4.1,15.33,1.0,train,9,7.487000000000001,2,"[5,8)",512,512
train,Agadir,AGADIR_r001024_c002560,AGADIR_r001024_c002560_Y2024_M05_N00421,agadir|AGADIR_r001024_c002560,agadir|AGADIR_r001024_c002560_Y2024_M05_N00421,SG_0012,1024,2560,2024,5,2,4.1949997,4.85,1.0,train,10,4.718999999999999,1,"[2.5,5)",2,2
train,Agadir,AGADIR_r001024_c002560,AGADIR_r001024_c002560_Y2024_M06_N00422,agadir|AGADIR_r001024_c002560,agadir|AGADIR_r001024_c002560_Y2024_M06_N00422,SG_0012,1024,2560,2024,6,2,4.1949997,4.85,1.0,train,11,4.718999999999999,1,"[2.5,5)",2,2
train,Agadir,AGADIR_r001024_c002560,AGADIR_r001024_c002560_Y2024_M07_N00423,agadir|AGADIR_r001024_c002560,agadir|AGADIR_r001024_c002560_Y2024_M07_N00423,SG_0012,1024,2560,2024,7,73,4.96,16.42,1.0,train,12,8.51,3,"[8,10)",73,73
train,Agadir,AGADIR_r001024_c002560,AGADIR_r001024_c002560_Y2024_M08_N00424,agadir|AGADIR_r001024_c002560,agadir|AGADIR_r001024_c002560_Y2024_M08_N00424,SG_0012,1024,2560,2024,8,73,4.96,16.42,1.0,train,13,8.51,3,"[8,10)",73,73
train,Agadir,AGADIR_r001024_c002560,AGADIR_r001024_c002560_Y2024_M09_N00425,agadir|AGADIR_r001024_c002560,agadir|AGADIR_r001024_c002560_Y2024_M09_N00425,SG_0012,1024,2560,2024,9,73,4.96,16.42,1.0,train,14,8.51,3,"[8,10)",73,73
train,Agadir,AGADIR_r001024_c002560,AGADIR_r001024_c002560_Y2025_M05_N00426,agadir|AGADIR_r001024_c002560,agadir|AGADIR_r001024_c002560_Y2025_M05_N00426,SG_0012,1024,2560,2025,5,71,5.07,16.42,1.0,train,15,8.54,3,"[8,10)",71,71
train,Agadir,AGADIR_r001024_c003584,AGADIR_r001024_c003584_Y2019_M05_N00427,agadir|AGADIR_r001024_c003584,agadir|AGADIR_r001024_c003584_Y2019_M05_N00427,SG_0014,1024,3584,2019,5,25,3.52,8.68,0.9998626493688114,train,16,6.072000000000001,2,"[5,8)",25,25
train,Agadir,AGADIR_r001024_c003584,AGADIR_r001024_c003584_Y2019_M06_N00428,agadir|AGADIR_r001024_c003584,agadir|AGADIR_r001024_c003584_Y2019_M06_N00428,SG_0014,1024,3584,2019,6,25,3.52,8.68,0.9998626493688114,train,17,6.072000000000001,2,"[5,8)",25,25
train,Agadir,AGADIR_r001024_c003584,AGADIR_r001024_c003584_Y2019_M07_N00429,agadir|AGADIR_r001024_c003584,agadir|AGADIR_r001024_c003584_Y2019_M07_N00429,SG_0014,1024,3584,2019,7,25,3.52,8.68,0.9998626493688114,train,18,6.072000000000001,2,"[5,8)",25,25
train,Agadir,AGADIR_r001024_c003584,AGADIR_r001024_c003584_Y2019_M08_N00430,agadir|AGADIR_r001024_c003584,agadir|AGADIR_r001024_c003584_Y2019_M08_N00430,SG_0014,1024,3584,2019,8,29,3.37,8.68,0.9998626493688114,train,19,6.587999999999999,2,"[5,8)",29,29
train,Agadir,AGADIR_r001024_c003584,AGADIR_r001024_c003584_Y2019_M09_N00431,agadir|AGADIR_r001024_c003584,agadir|AGADIR_r001024_c003584_Y2019_M09_N00431,SG_0014,1024,3584,2019,9,29,3.37,8.68,0.9998626493688114,train,20,6.587999999999999,2,"[5,8)",29,29
train,Agadir,AGADIR_r001024_c003584,AGADIR_r001024_c003584_Y2020_M05_N00432,agadir|AGADIR_r001024_c003584,agadir|AGADIR_r001024_c003584_Y2020_M05_N00432,SG_0014,1024,3584,2020,5,512,4.15,18.72,0.9998626493688114,train,21,8.637000000000002,3,"[8,10)",512,512
train,Agadir,AGADIR_r001024_c003584,AGADIR_r001024_c003584_Y2020_M06_N00433,agadir|AGADIR_r001024_c003584,agadir|AGADIR_r001024_c003584_Y2020_M06_N00433,SG_0014,1024,3584,2020,6,512,4.15,18.72,0.9998626493688114,train,22,8.637000000000002,3,"[8,10)",512,512
train,Agadir,AGADIR_r001024_c003584,AGADIR_r001024_c003584_Y2020_M07_N00434,agadir|AGADIR_r001024_c003584,agadir|AGADIR_r001024_c003584_Y2020_M07_N00434,SG_0014,1024,3584,2020,7,512,4.15,18.72,0.9998626493688114,train,23,8.637000000000002,3,"[8,10)",512,512
train,Agadir,AGADIR_r001024_c003584,AGADIR_r001024_c003584_Y2020_M08_N00435,agadir|AGADIR_r001024_c003584,agadir|AGADIR_r001024_c003584_Y2020_M08_N00435,SG_0014,1024,3584,2020,8,512,4.17,18.72,0.9998626493688114,train,24,8.562000000000003,3,"[8,10)",512,512
train,Agadir,AGADIR_r001024_c003584,AGADIR_r001024_c003584_Y2020_M09_N00436,agadir|AGADIR_r001024_c003584,agadir|AGADIR_r001024_c003584_Y2020_M09_N00436,SG_0014,1024,3584,2020,9,512,4.17,18.72,0.9998626493688114,train,25,8.562000000000003,3,"[8,10)",512,512
train,Agadir,AGADIR_r001024_c003584,AGADIR_r001024_c003584_Y2021_M05_N00437,agadir|AGADIR_r001024_c003584,agadir|AGADIR_r001024_c003584_Y2021_M05_N00437,SG_0014,1024,3584,2021,5,290,3.85,17.63,0.9998626493688114,train,26,7.053000000000005,2,"[5,8)",290,290
train,Agadir,AGADIR_r001024_c003584,AGADIR_r001024_c003584_Y2021_M06_N00438,agadir|AGADIR_r001024_c003584,agadir|AGADIR_r001024_c003584_Y2021_M06_N00438,SG_0014,1024,3584,2021,6,290,3.85,17.63,0.9998626493688114,train,27,7.053000000000005,2,"[5,8)",290,290
train,Agadir,AGADIR_r001024_c003584,AGADIR_r001024_c003584_Y2021_M07_N00439,agadir|AGADIR_r001024_c003584,agadir|AGADIR_r001024_c003584_Y2021_M07_N00439,SG_0014,1024,3584,2021,7,290,3.85,17.63,0.9998626493688114,train,28,7.053000000000005,2,"[5,8)",290,290
train,Agadir,AGADIR_r001024_c003584,AGADIR_r001024_c003584_Y2021_M08_N00440,agadir|AGADIR_r001024_c003584,agadir|AGADIR_r001024_c003584_Y2021_M08_N00440,SG_0014,1024,3584,2021,8,290,3.85,17.63,0.9998626493688114,train,29,7.053000000000005,2,"[5,8)",290,290
train,Agadir,AGADIR_r001024_c003584,AGADIR_r001024_c003584_Y2021_M09_N00441,agadir|AGADIR_r001024_c003584,agadir|AGADIR_r001024_c003584_Y2021_M09_N00441,SG_0014,1024,3584,2021,9,290,3.85,17.63,0.9998626493688114,train,30,7.053000000000005,2,"[5,8)",290,290
train,Agadir,AGADIR_r001024_c003584,AGADIR_r001024_c003584_Y2022_M05_N00442,agadir|AGADIR_r001024_c003584,agadir|AGADIR_r001024_c003584_Y2022_M05_N00442,SG_0014,1024,3584,2022,5,99,3.85,11.05,0.9998626493688114,train,31,6.814,2,"[5,8)",99,99
train,Agadir,AGADIR_r001024_c003584,AGADIR_r001024_c003584_Y2022_M06_N00443,agadir|AGADIR_r001024_c003584,agadir|AGADIR_r001024_c003584_Y2022_M06_N00443,SG_0014,1024,3584,2022,6,99,3.85,11.05,0.9998626493688114,train,32,6.814,2,"[5,8)",99,99
train,Agadir,AGADIR_r001024_c003584,AGADIR_r001024_c003584_Y2022_M07_N00444,agadir|AGADIR_r001024_c003584,agadir|AGADIR_r001024_c003584_Y2022_M07_N00444,SG_0014,1024,3584,2022,7,99,3.85,11.05,0.9998626493688114,train,33,6.814,2,"[5,8)",99,99
train,Agadir,AGADIR_r001024_c003584,AGADIR_r001024_c003584_Y2022_M08_N00445,agadir|AGADIR_r001024_c003584,agadir|AGADIR_r001024_c003584_Y2022_M08_N00445,SG_0014,1024,3584,2022,8,99,3.85,11.05,0.9998626493688114,train,34,6.814,2,"[5,8)",99,99
train,Agadir,AGADIR_r001024_c003584,AGADIR_r001024_c003584_Y2022_M09_N00446,agadir|AGADIR_r001024_c003584,agadir|AGADIR_r001024_c003584_Y2022_M09_N00446,SG_0014,1024,3584,2022,9,99,3.85,11.05,0.9998626493688114,train,35,6.814,2,"[5,8)",99,99
train,Agadir,AGADIR_r001024_c003584,AGADIR_r001024_c003584_Y2024_M05_N00447,agadir|AGADIR_r001024_c003584,agadir|AGADIR_r001024_c003584_Y2024_M05_N00447,SG_0014,1024,3584,2024,5,137,3.77,14.82,0.9998626493688114,train,36,6.466,2,"[5,8)",137,137
train,Agadir,AGADIR_r001024_c003584,AGADIR_r001024_c003584_Y2024_M06_N00448,agadir|AGADIR_r001024_c003584,agadir|AGADIR_r001024_c003584_Y2024_M06_N00448,SG_0014,1024,3584,2024,6,137,3.77,14.82,0.9998626493688114,train,37,6.466,2,"[5,8)",137,137
train,Agadir,AGADIR_r001024_c003584,AGADIR_r001024_c003584_Y2024_M07_N00449,agadir|AGADIR_r001024_c003584,agadir|AGADIR_r001024_c003584_Y2024_M07_N00449,SG_0014,1024,3584,2024,7,191,3.73,14.82,0.9998626493688114,train,38,6.53,2,"[5,8)",191,191
train,Agadir,AGADIR_r001024_c003584,AGADIR_r001024_c003584_Y2024_M08_N00450,agadir|AGADIR_r001024_c003584,agadir|AGADIR_r001024_c003584_Y2024_M08_N00450,SG_0014,1024,3584,2024,8,222,3.77,14.82,0.9998626493688114,train,39,6.526000000000001,2,"[5,8)",222,222
train,Agadir,AGADIR_r001024_c003584,AGADIR_r001024_c003584_Y2024_M09_N00451,agadir|AGADIR_r001024_c003584,agadir|AGADIR_r001024_c003584_Y2024_M09_N00451,SG_0014,1024,3584,2024,9,222,3.77,14.82,0.9998626493688114,train,40,6.526000000000001,2,"[5,8)",222,222
train,Agadir,AGADIR_r001024_c003584,AGADIR_r001024_c003584_Y2025_M05_N00452,agadir|AGADIR_r001024_c003584,agadir|AGADIR_r001024_c003584_Y2025_M05_N00452,SG_0014,1024,3584,2025,5,85,3.81,9.15,0.9998626493688114,train,41,6.892000000000002,2,"[5,8)",85,85
train,Agadir,AGADIR_r001024_c003584,AGADIR_r001024_c003584_Y2025_M06_N00453,agadir|AGADIR_r001024_c003584,agadir|AGADIR_r001024_c003584_Y2025_M06_N00453,SG_0014,1024,3584,2025,6,31,4.33,8.21,0.9998626493688114,train,42,6.27,2,"[5,8)",31,31
val,Agadir,AGADIR_r001024_c004096,AGADIR_r001024_c004096_Y2019_M05_N00454,agadir|AGADIR_r001024_c004096,agadir|AGADIR_r001024_c004096_Y2019_M05_N00454,SG_0015,1024,4096,2019,5,57,4.71,17.04,0.9998278811649838,train,43,9.51,3,"[8,10)",57,57
val,Agadir,AGADIR_r001024_c004096,AGADIR_r001024_c004096_Y2019_M06_N00455,agadir|AGADIR_r001024_c004096,agadir|AGADIR_r001024_c004096_Y2019_M06_N00455,SG_0015,1024,4096,2019,6,57,4.71,17.04,0.9998278811649838,train,44,9.51,3,"[8,10)",57,57
val,Agadir,AGADIR_r001024_c004096,AGADIR_r001024_c004096_Y2019_M07_N00456,agadir|AGADIR_r001024_c004096,agadir|AGADIR_r001024_c004096_Y2019_M07_N00456,SG_0015,1024,4096,2019,7,57,4.71,17.04,0.9998278811649838,train,45,9.51,3,"[8,10)",57,57
val,Agadir,AGADIR_r001024_c004096,AGADIR_r001024_c004096_Y2019_M08_N00457,agadir|AGADIR_r001024_c004096,agadir|AGADIR_r001024_c004096_Y2019_M08_N00457,SG_0015,1024,4096,2019,8,57,4.71,17.04,0.9998278811649838,train,46,9.51,3,"[8,10)",57,57
val,Agadir,AGADIR_r001024_c004096,AGADIR_r001024_c004096_Y2019_M09_N00458,agadir|AGADIR_r001024_c004096,agadir|AGADIR_r001024_c004096_Y2019_M09_N00458,SG_0015,1024,4096,2019,9,57,4.71,17.04,0.999598389384962,train,47,9.51,3,"[8,10)",57,57
val,Agadir,AGADIR_r001024_c004096,AGADIR_r001024_c004096_Y2020_M05_N00459,agadir|AGADIR_r001024_c004096,agadir|AGADIR_r001024_c004096_Y2020_M05_N00459,SG_0015,1024,4096,2020,5,95,3.7,19.02,0.9998278811649838,train,48,7.978000000000001,2,"[5,8)",95,95
val,Agadir,AGADIR_r001024_c004096,AGADIR_r001024_c004096_Y2020_M06_N00460,agadir|AGADIR_r001024_c004096,agadir|AGADIR_r001024_c004096_Y2020_M06_N00460,SG_0015,1024,4096,2020,6,95,3.7,19.02,0.9998278811649838,train,49,7.978000000000001,2,"[5,8)",95,95
val,Agadir,AGADIR_r001024_c004096,AGADIR_r001024_c004096_Y2020_M07_N00461,agadir|AGADIR_r001024_c004096,agadir|AGADIR_r001024_c004096_Y2020_M07_N00461,SG_0015,1024,4096,2020,7,95,3.7,19.02,0.9998278811649838,train,50,7.978000000000001,2,"[5,8)",95,95
val,Agadir,AGADIR_r001024_c004096,AGADIR_r001024_c004096_Y2020_M08_N00462,agadir|AGADIR_r001024_c004096,agadir|AGADIR_r001024_c004096_Y2020_M08_N00462,SG_0015,1024,4096,2020,8,95,3.7,19.02,0.9998278811649838,train,51,7.978000000000001,2,"[5,8)",95,95
val,Agadir,AGADIR_r001024_c004096,AGADIR_r001024_c004096_Y2020_M09_N00463,agadir|AGADIR_r001024_c004096,agadir|AGADIR_r001024_c004096_Y2020_M09_N00463,SG_0015,1024,4096,2020,9,95,3.7,19.02,0.9998278811649838,train,52,7.978000000000001,2,"[5,8)",95,95
val,Agadir,AGADIR_r001024_c004096,AGADIR_r001024_c004096_Y2021_M05_N00464,agadir|AGADIR_r001024_c004096,agadir|AGADIR_r001024_c004096_Y2021_M05_N00464,SG_0015,1024,4096,2021,5,34,3.5349998,13.48,0.9998278811649838,train,53,8.815,3,"[8,10)",34,34
val,Agadir,AGADIR_r001024_c004096,AGADIR_r001024_c004096_Y2021_M06_N00465,agadir|AGADIR_r001024_c004096,agadir|AGADIR_r001024_c004096_Y2021_M06_N00465,SG_0015,1024,4096,2021,6,34,3.5349998,13.48,0.9998278811649838,train,54,8.815,3,"[8,10)",34,34
val,Agadir,AGADIR_r001024_c004096,AGADIR_r001024_c004096_Y2021_M07_N00466,agadir|AGADIR_r001024_c004096,agadir|AGADIR_r001024_c004096_Y2021_M07_N00466,SG_0015,1024,4096,2021,7,34,3.5349998,13.48,0.9998278811649838,train,55,8.815,3,"[8,10)",34,34
val,Agadir,AGADIR_r001024_c004096,AGADIR_r001024_c004096_Y2021_M08_N00467,agadir|AGADIR_r001024_c004096,agadir|AGADIR_r001024_c004096_Y2021_M08_N00467,SG_0015,1024,4096,2021,8,34,3.5349998,13.48,0.9998278811649838,train,56,8.815,3,"[8,10)",34,34
val,Agadir,AGADIR_r001024_c004096,AGADIR_r001024_c004096_Y2021_M09_N00468,agadir|AGADIR_r001024_c004096,agadir|AGADIR_r001024_c004096_Y2021_M09_N00468,SG_0015,1024,4096,2021,9,34,3.5349998,13.48,0.9998278811649838,train,57,8.815,3,"[8,10)",34,34
val,Agadir,AGADIR_r001024_c004096,AGADIR_r001024_c004096_Y2022_M05_N00469,agadir|AGADIR_r001024_c004096,agadir|AGADIR_r001024_c004096_Y2022_M05_N00469,SG_0015,1024,4096,2022,5,178,4.02,19.31,0.9998278811649838,train,58,7.863000000000001,2,"[5,8)",178,178
val,Agadir,AGADIR_r001024_c004096,AGADIR_r001024_c004096_Y2022_M06_N00470,agadir|AGADIR_r001024_c004096,agadir|AGADIR_r001024_c004096_Y2022_M06_N00470,SG_0015,1024,4096,2022,6,178,4.02,19.31,0.9998278811649838,train,59,7.863000000000001,2,"[5,8)",178,178
val,Agadir,AGADIR_r001024_c004096,AGADIR_r001024_c004096_Y2022_M07_N00471,agadir|AGADIR_r001024_c004096,agadir|AGADIR_r001024_c004096_Y2022_M07_N00471,SG_0015,1024,4096,2022,7,178,4.02,19.31,0.9998278811649838,train,60,7.863000000000001,2,"[5,8)",178,178
val,Agadir,AGADIR_r001024_c004096,AGADIR_r001024_c004096_Y2022_M08_N00472,agadir|AGADIR_r001024_c004096,agadir|AGADIR_r001024_c004096_Y2022_M08_N00472,SG_0015,1024,4096,2022,8,178,4.02,19.31,0.9998278811649838,train,61,7.863000000000001,2,"[5,8)",178,178
val,Agadir,AGADIR_r001024_c004096,AGADIR_r001024_c004096_Y2022_M09_N00473,agadir|AGADIR_r001024_c004096,agadir|AGADIR_r001024_c004096_Y2022_M09_N00473,SG_0015,1024,4096,2022,9,178,4.02,19.31,0.999452349161312,train,62,7.863000000000001,2,"[5,8)",178,178
val,Agadir,AGADIR_r001024_c004096,AGADIR_r001024_c004096_Y2023_M05_N00474,agadir|AGADIR_r001024_c004096,agadir|AGADIR_r001024_c004096_Y2023_M05_N00474,SG_0015,1024,4096,2023,5,5,6.21,11.08,0.9998278811649838,train,63,9.536,3,"[8,10)",5,5
val,Agadir,AGADIR_r001024_c004096,AGADIR_r001024_c004096_Y2023_M06_N00475,agadir|AGADIR_r001024_c004096,agadir|AGADIR_r001024_c004096_Y2023_M06_N00475,SG_0015,1024,4096,2023,6,5,6.21,11.08,0.9998278811649838,train,0,9.536,3,"[8,10)",5,5
val,Agadir,AGADIR_r001024_c004096,AGADIR_r001024_c004096_Y2023_M07_N00476,agadir|AGADIR_r001024_c004096,agadir|AGADIR_r001024_c004096_Y2023_M07_N00476,SG_0015,1024,4096,2023,7,5,6.21,11.08,0.9998278811649838,train,1,9.536,3,"[8,10)",5,5
val,Agadir,AGADIR_r001024_c004096,AGADIR_r001024_c004096_Y2023_M08_N00477,agadir|AGADIR_r001024_c004096,agadir|AGADIR_r001024_c004096_Y2023_M08_N00477,SG_0015,1024,4096,2023,8,5,6.21,11.08,0.9998278811649838,train,2,9.536,3,"[8,10)",5,5
val,Agadir,AGADIR_r001024_c004096,AGADIR_r001024_c004096_Y2024_M06_N00478,agadir|AGADIR_r001024_c004096,agadir|AGADIR_r001024_c004096_Y2024_M06_N00478,SG_0015,1024,4096,2024,6,2,3.795,5.46,0.9998278811649838,train,3,5.127000000000001,2,"[5,8)",2,2
val,Agadir,AGADIR_r001024_c004096,AGADIR_r001024_c004096_Y2024_M07_N00479,agadir|AGADIR_r001024_c004096,agadir|AGADIR_r001024_c004096_Y2024_M07_N00479,SG_0015,1024,4096,2024,7,2,3.795,5.46,0.9998278811649838,train,4,5.127000000000001,2,"[5,8)",2,2
val,Agadir,AGADIR_r001024_c004096,AGADIR_r001024_c004096_Y2024_M08_N00480,agadir|AGADIR_r001024_c004096,agadir|AGADIR_r001024_c004096_Y2024_M08_N00480,SG_0015,1024,4096,2024,8,190,3.955,19.91,0.9998278811649838,train,5,7.968999999999999,2,"[5,8)",190,190
val,Agadir,AGADIR_r001024_c004096,AGADIR_r001024_c004096_Y2024_M09_N00481,agadir|AGADIR_r001024_c004096,agadir|AGADIR_r001024_c004096_Y2024_M09_N00481,SG_0015,1024,4096,2024,9,190,3.955,19.91,0.9998278811649838,train,6,7.968999999999999,2,"[5,8)",190,190
val,Agadir,AGADIR_r001024_c004096,AGADIR_r001024_c004096_Y2025_M05_N00482,agadir|AGADIR_r001024_c004096,agadir|AGADIR_r001024_c004096_Y2025_M05_N00482,SG_0015,1024,4096,2025,5,188,3.955,19.91,0.9998278811649838,train,7,8.007000000000003,3,"[8,10)",188,188
val,Agadir,AGADIR_r001024_c004096,AGADIR_r001024_c004096_Y2025_M06_N00483,agadir|AGADIR_r001024_c004096,agadir|AGADIR_r001024_c004096_Y2025_M06_N00483,SG_0015,1024,4096,2025,6,188,3.955,19.91,0.9998278811649838,train,8,8.007000000000003,3,"[8,10)",188,188
train,Agadir,AGADIR_r001024_c004608,AGADIR_r001024_c004608_Y2019_M05_N00484,agadir|AGADIR_r001024_c004608,agadir|AGADIR_r001024_c004608_Y2019_M05_N00484,SG_0016,1024,4608,2019,5,205,3.92,20.0,0.9997025532188564,train,9,7.644,2,"[5,8)",205,205
train,Agadir,AGADIR_r001024_c004608,AGADIR_r001024_c004608_Y2019_M06_N00485,agadir|AGADIR_r001024_c004608,agadir|AGADIR_r001024_c004608_Y2019_M06_N00485,SG_0016,1024,4608,2019,6,205,3.92,20.0,0.9997025532188564,train,10,7.644,2,"[5,8)",205,205
train,Agadir,AGADIR_r001024_c004608,AGADIR_r001024_c004608_Y2019_M07_N00486,agadir|AGADIR_r001024_c004608,agadir|AGADIR_r001024_c004608_Y2019_M07_N00486,SG_0016,1024,4608,2019,7,205,3.92,20.0,0.9997025532188564,train,11,7.644,2,"[5,8)",205,205
train,Agadir,AGADIR_r001024_c004608,AGADIR_r001024_c004608_Y2019_M08_N00487,agadir|AGADIR_r001024_c004608,agadir|AGADIR_r001024_c004608_Y2019_M08_N00487,SG_0016,1024,4608,2019,8,229,3.89,20.0,0.9997025532188564,train,12,8.446000000000003,3,"[8,10)",229,229
train,Agadir,AGADIR_r001024_c004608,AGADIR_r001024_c004608_Y2019_M09_N00488,agadir|AGADIR_r001024_c004608,agadir|AGADIR_r001024_c004608_Y2019_M09_N00488,SG_0016,1024,4608,2019,9,229,3.89,20.0,0.9997025532188564,train,13,8.446000000000003,3,"[8,10)",229,229
train,Agadir,AGADIR_r001024_c004608,AGADIR_r001024_c004608_Y2020_M05_N00489,agadir|AGADIR_r001024_c004608,agadir|AGADIR_r001024_c004608_Y2020_M05_N00489,SG_0016,1024,4608,2020,5,24,3.815,15.12,0.9997025532188564,train,14,11.7,4,"[10,15)",24,24
train,Agadir,AGADIR_r001024_c004608,AGADIR_r001024_c004608_Y2020_M06_N00490,agadir|AGADIR_r001024_c004608,agadir|AGADIR_r001024_c004608_Y2020_M06_N00490,SG_0016,1024,4608,2020,6,24,3.815,15.12,0.9997025532188564,train,15,11.7,4,"[10,15)",24,24
train,Agadir,AGADIR_r001024_c004608,AGADIR_r001024_c004608_Y2021_M05_N00491,agadir|AGADIR_r001024_c004608,agadir|AGADIR_r001024_c004608_Y2021_M05_N00491,SG_0016,1024,4608,2021,5,106,4.3,18.49,0.9997025532188564,train,16,11.3,4,"[10,15)",106,106
train,Agadir,AGADIR_r001024_c004608,AGADIR_r001024_c004608_Y2021_M06_N00492,agadir|AGADIR_r001024_c004608,agadir|AGADIR_r001024_c004608_Y2021_M06_N00492,SG_0016,1024,4608,2021,6,106,4.3,18.49,0.9997025532188564,train,17,11.3,4,"[10,15)",106,106
train,Agadir,AGADIR_r001024_c004608,AGADIR_r001024_c004608_Y2021_M07_N00493,agadir|AGADIR_r001024_c004608,agadir|AGADIR_r001024_c004608_Y2021_M07_N00493,SG_0016,1024,4608,2021,7,106,4.3,18.49,0.9997025532188564,train,18,11.3,4,"[10,15)",106,106
train,Agadir,AGADIR_r001024_c004608,AGADIR_r001024_c004608_Y2021_M08_N00494,agadir|AGADIR_r001024_c004608,agadir|AGADIR_r001024_c004608_Y2021_M08_N00494,SG_0016,1024,4608,2021,8,108,4.3,18.49,0.9997025532188564,train,19,11.272,4,"[10,15)",108,108
train,Agadir,AGADIR_r001024_c004608,AGADIR_r001024_c004608_Y2021_M09_N00495,agadir|AGADIR_r001024_c004608,agadir|AGADIR_r001024_c004608_Y2021_M09_N00495,SG_0016,1024,4608,2021,9,108,4.3,18.49,0.9997025532188564,train,20,11.272,4,"[10,15)",108,108
train,Agadir,AGADIR_r001024_c004608,AGADIR_r001024_c004608_Y2022_M05_N00496,agadir|AGADIR_r001024_c004608,agadir|AGADIR_r001024_c004608_Y2022_M05_N00496,SG_0016,1024,4608,2022,5,2,3.01,4.04,0.9997025532188564,train,21,3.834,1,"[2.5,5)",2,2
train,Agadir,AGADIR_r001024_c004608,AGADIR_r001024_c004608_Y2022_M06_N00497,agadir|AGADIR_r001024_c004608,agadir|AGADIR_r001024_c004608_Y2022_M06_N00497,SG_0016,1024,4608,2022,6,2,3.01,4.04,0.9997025532188564,train,22,3.834,1,"[2.5,5)",2,2
train,Agadir,AGADIR_r001024_c004608,AGADIR_r001024_c004608_Y2022_M07_N00498,agadir|AGADIR_r001024_c004608,agadir|AGADIR_r001024_c004608_Y2022_M07_N00498,SG_0016,1024,4608,2022,7,1,5.98,5.98,0.9997025532188564,train,23,5.98,2,"[5,8)",1,1
train,Agadir,AGADIR_r001024_c004608,AGADIR_r001024_c004608_Y2022_M08_N00499,agadir|AGADIR_r001024_c004608,agadir|AGADIR_r001024_c004608_Y2022_M08_N00499,SG_0016,1024,4608,2022,8,1,5.98,5.98,0.9997025532188564,train,24,5.98,2,"[5,8)",1,1
train,Agadir,AGADIR_r001024_c004608,AGADIR_r001024_c004608_Y2022_M09_N00500,agadir|AGADIR_r001024_c004608,agadir|AGADIR_r001024_c004608_Y2022_M09_N00500,SG_0016,1024,4608,2022,9,1,5.98,5.98,0.9997025532188564,train,25,5.98,2,"[5,8)",1,1
train,Agadir,AGADIR_r001024_c004608,AGADIR_r001024_c004608_Y2023_M05_N00501,agadir|AGADIR_r001024_c004608,agadir|AGADIR_r001024_c004608_Y2023_M05_N00501,SG_0016,1024,4608,2023,5,1,5.98,5.98,0.9997025532188564,train,26,5.98,2,"[5,8)",1,1
train,Agadir,AGADIR_r001024_c004608,AGADIR_r001024_c004608_Y2024_M06_N00502,agadir|AGADIR_r001024_c004608,agadir|AGADIR_r001024_c004608_Y2024_M06_N00502,SG_0016,1024,4608,2024,6,16,3.885,7.51,0.9997025532188564,train,27,6.895,2,"[5,8)",16,16
train,Agadir,AGADIR_r001024_c004608,AGADIR_r001024_c004608_Y2024_M07_N00503,agadir|AGADIR_r001024_c004608,agadir|AGADIR_r001024_c004608_Y2024_M07_N00503,SG_0016,1024,4608,2024,7,18,4.465,8.86,0.9997025532188564,train,28,7.356,2,"[5,8)",18,18
train,Agadir,AGADIR_r001024_c004608,AGADIR_r001024_c004608_Y2024_M08_N00504,agadir|AGADIR_r001024_c004608,agadir|AGADIR_r001024_c004608_Y2024_M08_N00504,SG_0016,1024,4608,2024,8,147,4.22,11.61,0.9997025532188564,train,29,7.170000000000001,2,"[5,8)",147,147
train,Agadir,AGADIR_r001024_c004608,AGADIR_r001024_c004608_Y2024_M09_N00505,agadir|AGADIR_r001024_c004608,agadir|AGADIR_r001024_c004608_Y2024_M09_N00505,SG_0016,1024,4608,2024,9,147,4.22,11.61,0.9997025532188564,train,30,7.170000000000001,2,"[5,8)",147,147
train,Agadir,AGADIR_r001024_c004608,AGADIR_r001024_c004608_Y2025_M05_N00506,agadir|AGADIR_r001024_c004608,agadir|AGADIR_r001024_c004608_Y2025_M05_N00506,SG_0016,1024,4608,2025,5,131,4.33,11.61,0.9997025532188564,train,31,7.09,2,"[5,8)",131,131
train,Agadir,AGADIR_r001024_c004608,AGADIR_r001024_c004608_Y2025_M06_N00507,agadir|AGADIR_r001024_c004608,agadir|AGADIR_r001024_c004608_Y2025_M06_N00507,SG_0016,1024,4608,2025,6,129,4.22,11.61,0.9997025532188564,train,32,7.09,2,"[5,8)",129,129
train,Agadir,AGADIR_r001536_c000000,AGADIR_r001536_c000000_Y2019_M05_N00508,agadir|AGADIR_r001536_c000000,agadir|AGADIR_r001536_c000000_Y2019_M05_N00508,SG_0017,1536,0,2019,5,21,2.17,2.35,0.9990732159406858,train,33,2.28,0,"[0,2.5)",21,21
train,Agadir,AGADIR_r001536_c000000,AGADIR_r001536_c000000_Y2019_M06_N00509,agadir|AGADIR_r001536_c000000,agadir|AGADIR_r001536_c000000_Y2019_M06_N00509,SG_0017,1536,0,2019,6,60,2.13,2.43,0.9990732159406858,train,34,2.28,0,"[0,2.5)",60,60
train,Agadir,AGADIR_r001536_c000000,AGADIR_r001536_c000000_Y2019_M07_N00510,agadir|AGADIR_r001536_c000000,agadir|AGADIR_r001536_c000000_Y2019_M07_N00510,SG_0017,1536,0,2019,7,60,2.13,2.43,0.9990732159406858,train,35,2.28,0,"[0,2.5)",60,60
train,Agadir,AGADIR_r001536_c000000,AGADIR_r001536_c000000_Y2019_M08_N00511,agadir|AGADIR_r001536_c000000,agadir|AGADIR_r001536_c000000_Y2019_M08_N00511,SG_0017,1536,0,2019,8,60,2.13,2.43,0.9990732159406858,train,36,2.28,0,"[0,2.5)",60,60
train,Agadir,AGADIR_r001536_c000000,AGADIR_r001536_c000000_Y2019_M09_N00512,agadir|AGADIR_r001536_c000000,agadir|AGADIR_r001536_c000000_Y2019_M09_N00512,SG_0017,1536,0,2019,9,60,2.13,2.43,0.9990732159406858,train,37,2.28,0,"[0,2.5)",60,60
train,Agadir,AGADIR_r001536_c000000,AGADIR_r001536_c000000_Y2021_M05_N00513,agadir|AGADIR_r001536_c000000,agadir|AGADIR_r001536_c000000_Y2021_M05_N00513,SG_0017,1536,0,2021,5,14,2.13,2.35,0.9990732159406858,train,38,2.228,0,"[0,2.5)",14,14
train,Agadir,AGADIR_r001536_c000000,AGADIR_r001536_c000000_Y2021_M06_N00514,agadir|AGADIR_r001536_c000000,agadir|AGADIR_r001536_c000000_Y2021_M06_N00514,SG_0017,1536,0,2021,6,14,2.13,2.35,0.9990732159406858,train,39,2.228,0,"[0,2.5)",14,14
train,Agadir,AGADIR_r001536_c000000,AGADIR_r001536_c000000_Y2021_M07_N00515,agadir|AGADIR_r001536_c000000,agadir|AGADIR_r001536_c000000_Y2021_M07_N00515,SG_0017,1536,0,2021,7,14,2.13,2.35,0.9990732159406858,train,40,2.228,0,"[0,2.5)",14,14
train,Agadir,AGADIR_r001536_c000000,AGADIR_r001536_c000000_Y2021_M08_N00516,agadir|AGADIR_r001536_c000000,agadir|AGADIR_r001536_c000000_Y2021_M08_N00516,SG_0017,1536,0,2021,8,54,2.05,2.95,0.9990732159406858,train,41,2.1790000000000003,0,"[0,2.5)",54,54
train,Agadir,AGADIR_r001536_c000000,AGADIR_r001536_c000000_Y2021_M09_N00517,agadir|AGADIR_r001536_c000000,agadir|AGADIR_r001536_c000000_Y2021_M09_N00517,SG_0017,1536,0,2021,9,54,2.05,2.95,0.9990732159406858,train,42,2.1790000000000003,0,"[0,2.5)",54,54
train,Agadir,AGADIR_r001536_c000000,AGADIR_r001536_c000000_Y2022_M05_N00518,agadir|AGADIR_r001536_c000000,agadir|AGADIR_r001536_c000000_Y2022_M05_N00518,SG_0017,1536,0,2022,5,40,2.02,2.95,0.9990732159406858,train,43,2.09,0,"[0,2.5)",40,40
train,Agadir,AGADIR_r001536_c000000,AGADIR_r001536_c000000_Y2022_M06_N00519,agadir|AGADIR_r001536_c000000,agadir|AGADIR_r001536_c000000_Y2022_M06_N00519,SG_0017,1536,0,2022,6,40,2.02,2.95,0.9990732159406858,train,44,2.09,0,"[0,2.5)",40,40
train,Agadir,AGADIR_r001536_c000000,AGADIR_r001536_c000000_Y2024_M06_N00520,agadir|AGADIR_r001536_c000000,agadir|AGADIR_r001536_c000000_Y2024_M06_N00520,SG_0017,1536,0,2024,6,41,2.05,2.65,0.9990732159406858,train,45,2.2,0,"[0,2.5)",41,41
train,Agadir,AGADIR_r001536_c000000,AGADIR_r001536_c000000_Y2024_M07_N00521,agadir|AGADIR_r001536_c000000,agadir|AGADIR_r001536_c000000_Y2024_M07_N00521,SG_0017,1536,0,2024,7,41,2.05,2.65,0.9990732159406858,train,46,2.2,0,"[0,2.5)",41,41
train,Agadir,AGADIR_r001536_c000000,AGADIR_r001536_c000000_Y2024_M08_N00522,agadir|AGADIR_r001536_c000000,agadir|AGADIR_r001536_c000000_Y2024_M08_N00522,SG_0017,1536,0,2024,8,41,2.05,2.65,0.9990732159406858,train,47,2.2,0,"[0,2.5)",41,41
train,Agadir,AGADIR_r001536_c000000,AGADIR_r001536_c000000_Y2024_M09_N00523,agadir|AGADIR_r001536_c000000,agadir|AGADIR_r001536_c000000_Y2024_M09_N00523,SG_0017,1536,0,2024,9,41,2.05,2.65,0.9990732159406858,train,48,2.2,0,"[0,2.5)",41,41
val,Agadir,AGADIR_r001536_c000512,AGADIR_r001536_c000512_Y2019_M05_N00524,agadir|AGADIR_r001536_c000512,agadir|AGADIR_r001536_c000512_Y2019_M05_N00524,SG_0018,1536,512,2019,5,512,2.16,8.53,0.9999426062501794,train,49,3.1630000000000025,1,"[2.5,5)",512,512
val,Agadir,AGADIR_r001536_c000512,AGADIR_r001536_c000512_Y2019_M06_N00525,agadir|AGADIR_r001536_c000512,agadir|AGADIR_r001536_c000512_Y2019_M06_N00525,SG_0018,1536,512,2019,6,512,2.16,8.53,0.9999426062501794,train,50,3.1630000000000025,1,"[2.5,5)",512,512
val,Agadir,AGADIR_r001536_c000512,AGADIR_r001536_c000512_Y2019_M07_N00526,agadir|AGADIR_r001536_c000512,agadir|AGADIR_r001536_c000512_Y2019_M07_N00526,SG_0018,1536,512,2019,7,512,2.16,8.53,0.9999426062501794,train,51,3.1630000000000025,1,"[2.5,5)",512,512
val,Agadir,AGADIR_r001536_c000512,AGADIR_r001536_c000512_Y2019_M08_N00527,agadir|AGADIR_r001536_c000512,agadir|AGADIR_r001536_c000512_Y2019_M08_N00527,SG_0018,1536,512,2019,8,512,2.16,8.53,0.9999426062501794,train,52,3.1630000000000025,1,"[2.5,5)",512,512
val,Agadir,AGADIR_r001536_c000512,AGADIR_r001536_c000512_Y2019_M09_N00528,agadir|AGADIR_r001536_c000512,agadir|AGADIR_r001536_c000512_Y2019_M09_N00528,SG_0018,1536,512,2019,9,512,2.16,7.32,0.9999426062501794,train,53,2.84,1,"[2.5,5)",512,512
val,Agadir,AGADIR_r001536_c000512,AGADIR_r001536_c000512_Y2020_M05_N00529,agadir|AGADIR_r001536_c000512,agadir|AGADIR_r001536_c000512_Y2020_M05_N00529,SG_0018,1536,512,2020,5,4,4.835,6.36,0.9999426062501794,train,54,6.102,2,"[5,8)",4,4
val,Agadir,AGADIR_r001536_c000512,AGADIR_r001536_c000512_Y2020_M06_N00530,agadir|AGADIR_r001536_c000512,agadir|AGADIR_r001536_c000512_Y2020_M06_N00530,SG_0018,1536,512,2020,6,4,4.835,6.36,0.9999426062501794,train,55,6.102,2,"[5,8)",4,4
val,Agadir,AGADIR_r001536_c000512,AGADIR_r001536_c000512_Y2020_M07_N00531,agadir|AGADIR_r001536_c000512,agadir|AGADIR_r001536_c000512_Y2020_M07_N00531,SG_0018,1536,512,2020,7,4,4.835,6.36,0.9999426062501794,train,56,6.102,2,"[5,8)",4,4
val,Agadir,AGADIR_r001536_c000512,AGADIR_r001536_c000512_Y2020_M08_N00532,agadir|AGADIR_r001536_c000512,agadir|AGADIR_r001536_c000512_Y2020_M08_N00532,SG_0018,1536,512,2020,8,4,4.835,6.36,0.9999426062501794,train,57,6.102,2,"[5,8)",4,4
val,Agadir,AGADIR_r001536_c000512,AGADIR_r001536_c000512_Y2020_M09_N00533,agadir|AGADIR_r001536_c000512,agadir|AGADIR_r001536_c000512_Y2020_M09_N00533,SG_0018,1536,512,2020,9,4,4.835,6.36,0.9999426062501794,train,58,6.102,2,"[5,8)",4,4
val,Agadir,AGADIR_r001536_c000512,AGADIR_r001536_c000512_Y2021_M05_N00534,agadir|AGADIR_r001536_c000512,agadir|AGADIR_r001536_c000512_Y2021_M05_N00534,SG_0018,1536,512,2021,5,512,2.28,12.64,0.9999426062501794,train,59,3.8060000000000014,1,"[2.5,5)",512,512
val,Agadir,AGADIR_r001536_c000512,AGADIR_r001536_c000512_Y2021_M06_N00535,agadir|AGADIR_r001536_c000512,agadir|AGADIR_r001536_c000512_Y2021_M06_N00535,SG_0018,1536,512,2021,6,512,2.28,12.64,0.9999426062501794,train,60,3.8060000000000014,1,"[2.5,5)",512,512
val,Agadir,AGADIR_r001536_c000512,AGADIR_r001536_c000512_Y2021_M07_N00536,agadir|AGADIR_r001536_c000512,agadir|AGADIR_r001536_c000512_Y2021_M07_N00536,SG_0018,1536,512,2021,7,512,2.28,12.64,0.9999426062501794,train,61,3.8060000000000014,1,"[2.5,5)",512,512
val,Agadir,AGADIR_r001536_c000512,AGADIR_r001536_c000512_Y2021_M08_N00537,agadir|AGADIR_r001536_c000512,agadir|AGADIR_r001536_c000512_Y2021_M08_N00537,SG_0018,1536,512,2021,8,512,2.28,12.64,0.9999426062501794,train,62,3.8060000000000014,1,"[2.5,5)",512,512
val,Agadir,AGADIR_r001536_c000512,AGADIR_r001536_c000512_Y2021_M09_N00538,agadir|AGADIR_r001536_c000512,agadir|AGADIR_r001536_c000512_Y2021_M09_N00538,SG_0018,1536,512,2021,9,512,2.28,12.64,0.9999426062501794,train,63,3.8060000000000014,1,"[2.5,5)",512,512
val,Agadir,AGADIR_r001536_c000512,AGADIR_r001536_c000512_Y2022_M05_N00539,agadir|AGADIR_r001536_c000512,agadir|AGADIR_r001536_c000512_Y2022_M05_N00539,SG_0018,1536,512,2022,5,150,2.05,7.63,0.9999426062501794,train,0,2.17,0,"[0,2.5)",150,150
val,Agadir,AGADIR_r001536_c000512,AGADIR_r001536_c000512_Y2022_M06_N00540,agadir|AGADIR_r001536_c000512,agadir|AGADIR_r001536_c000512_Y2022_M06_N00540,SG_0018,1536,512,2022,6,307,2.09,8.16,0.9999426062501794,train,1,3.4960000000000013,1,"[2.5,5)",307,307
val,Agadir,AGADIR_r001536_c000512,AGADIR_r001536_c000512_Y2022_M07_N00541,agadir|AGADIR_r001536_c000512,agadir|AGADIR_r001536_c000512_Y2022_M07_N00541,SG_0018,1536,512,2022,7,181,2.17,8.16,0.9999426062501794,train,2,4.56,1,"[2.5,5)",181,181
val,Agadir,AGADIR_r001536_c000512,AGADIR_r001536_c000512_Y2022_M08_N00542,agadir|AGADIR_r001536_c000512,agadir|AGADIR_r001536_c000512_Y2022_M08_N00542,SG_0018,1536,512,2022,8,181,2.17,8.16,0.9999426062501794,train,3,4.56,1,"[2.5,5)",181,181
val,Agadir,AGADIR_r001536_c000512,AGADIR_r001536_c000512_Y2022_M09_N00543,agadir|AGADIR_r001536_c000512,agadir|AGADIR_r001536_c000512_Y2022_M09_N00543,SG_0018,1536,512,2022,9,181,2.17,8.16,0.9999426062501794,train,4,4.56,1,"[2.5,5)",181,181
val,Agadir,AGADIR_r001536_c000512,AGADIR_r001536_c000512_Y2023_M05_N00544,agadir|AGADIR_r001536_c000512,agadir|AGADIR_r001536_c000512_Y2023_M05_N00544,SG_0018,1536,512,2023,5,24,2.05,2.24,0.9999426062501794,train,5,2.179,0,"[0,2.5)",24,24
val,Agadir,AGADIR_r001536_c000512,AGADIR_r001536_c000512_Y2024_M05_N00545,agadir|AGADIR_r001536_c000512,agadir|AGADIR_r001536_c000512_Y2024_M05_N00545,SG_0018,1536,512,2024,5,171,2.61,10.82,0.9999426062501794,train,6,4.18,1,"[2.5,5)",171,171
val,Agadir,AGADIR_r001536_c000512,AGADIR_r001536_c000512_Y2024_M06_N00546,agadir|AGADIR_r001536_c000512,agadir|AGADIR_r001536_c000512_Y2024_M06_N00546,SG_0018,1536,512,2024,6,512,2.2,10.82,0.9999426062501794,train,7,3.09,1,"[2.5,5)",512,512
val,Agadir,AGADIR_r001536_c000512,AGADIR_r001536_c000512_Y2024_M07_N00547,agadir|AGADIR_r001536_c000512,agadir|AGADIR_r001536_c000512_Y2024_M07_N00547,SG_0018,1536,512,2024,7,512,2.2,10.82,0.9999426062501794,train,8,3.09,1,"[2.5,5)",512,512
val,Agadir,AGADIR_r001536_c000512,AGADIR_r001536_c000512_Y2024_M08_N00548,agadir|AGADIR_r001536_c000512,agadir|AGADIR_r001536_c000512_Y2024_M08_N00548,SG_0018,1536,512,2024,8,512,2.2,10.82,0.9999426062501794,train,9,3.09,1,"[2.5,5)",512,512
val,Agadir,AGADIR_r001536_c000512,AGADIR_r001536_c000512_Y2024_M09_N00549,agadir|AGADIR_r001536_c000512,agadir|AGADIR_r001536_c000512_Y2024_M09_N00549,SG_0018,1536,512,2024,9,512,2.17,6.99,0.9999426062501794,train,10,3.0220000000000025,1,"[2.5,5)",512,512
train,Agadir,AGADIR_r001536_c003072,AGADIR_r001536_c003072_Y2019_M05_N00550,agadir|AGADIR_r001536_c003072,agadir|AGADIR_r001536_c003072_Y2019_M05_N00550,SG_0023,1536,3072,2019,5,168,4.865,15.17,1.0,train,11,8.306000000000003,3,"[8,10)",168,168
train,Agadir,AGADIR_r001536_c003072,AGADIR_r001536_c003072_Y2019_M06_N00551,agadir|AGADIR_r001536_c003072,agadir|AGADIR_r001536_c003072_Y2019_M06_N00551,SG_0023,1536,3072,2019,6,168,4.865,15.17,1.0,train,12,8.306000000000003,3,"[8,10)",168,168
train,Agadir,AGADIR_r001536_c003072,AGADIR_r001536_c003072_Y2019_M07_N00552,agadir|AGADIR_r001536_c003072,agadir|AGADIR_r001536_c003072_Y2019_M07_N00552,SG_0023,1536,3072,2019,7,168,4.865,15.17,1.0,train,13,8.306000000000003,3,"[8,10)",168,168
train,Agadir,AGADIR_r001536_c003072,AGADIR_r001536_c003072_Y2019_M08_N00553,agadir|AGADIR_r001536_c003072,agadir|AGADIR_r001536_c003072_Y2019_M08_N00553,SG_0023,1536,3072,2019,8,168,4.865,15.17,0.9999847412109376,train,14,8.306000000000003,3,"[8,10)",168,168
train,Agadir,AGADIR_r001536_c003072,AGADIR_r001536_c003072_Y2019_M09_N00554,agadir|AGADIR_r001536_c003072,agadir|AGADIR_r001536_c003072_Y2019_M09_N00554,SG_0023,1536,3072,2019,9,168,4.865,15.17,0.99951171875,train,15,8.306000000000003,3,"[8,10)",168,168
train,Agadir,AGADIR_r001536_c003072,AGADIR_r001536_c003072_Y2020_M05_N00555,agadir|AGADIR_r001536_c003072,agadir|AGADIR_r001536_c003072_Y2020_M05_N00555,SG_0023,1536,3072,2020,5,512,3.55,18.86,1.0,train,16,6.6960000000000015,2,"[5,8)",512,512
train,Agadir,AGADIR_r001536_c003072,AGADIR_r001536_c003072_Y2020_M06_N00556,agadir|AGADIR_r001536_c003072,agadir|AGADIR_r001536_c003072_Y2020_M06_N00556,SG_0023,1536,3072,2020,6,512,3.55,18.86,1.0,train,17,6.6960000000000015,2,"[5,8)",512,512
train,Agadir,AGADIR_r001536_c003072,AGADIR_r001536_c003072_Y2020_M07_N00557,agadir|AGADIR_r001536_c003072,agadir|AGADIR_r001536_c003072_Y2020_M07_N00557,SG_0023,1536,3072,2020,7,512,3.55,18.86,1.0,train,18,6.6960000000000015,2,"[5,8)",512,512
train,Agadir,AGADIR_r001536_c003072,AGADIR_r001536_c003072_Y2020_M08_N00558,agadir|AGADIR_r001536_c003072,agadir|AGADIR_r001536_c003072_Y2020_M08_N00558,SG_0023,1536,3072,2020,8,512,3.33,16.84,1.0,train,19,5.91,2,"[5,8)",512,512
train,Agadir,AGADIR_r001536_c003072,AGADIR_r001536_c003072_Y2020_M09_N00559,agadir|AGADIR_r001536_c003072,agadir|AGADIR_r001536_c003072_Y2020_M09_N00559,SG_0023,1536,3072,2020,9,512,3.33,16.84,1.0,train,20,5.91,2,"[5,8)",512,512
train,Agadir,AGADIR_r001536_c003072,AGADIR_r001536_c003072_Y2021_M05_N00560,agadir|AGADIR_r001536_c003072,agadir|AGADIR_r001536_c003072_Y2021_M05_N00560,SG_0023,1536,3072,2021,5,397,3.7,19.57,1.0,train,21,7.438000000000002,2,"[5,8)",397,397
train,Agadir,AGADIR_r001536_c003072,AGADIR_r001536_c003072_Y2021_M06_N00561,agadir|AGADIR_r001536_c003072,agadir|AGADIR_r001536_c003072_Y2021_M06_N00561,SG_0023,1536,3072,2021,6,397,3.7,19.57,1.0,train,22,7.438000000000002,2,"[5,8)",397,397
train,Agadir,AGADIR_r001536_c003072,AGADIR_r001536_c003072_Y2021_M07_N00562,agadir|AGADIR_r001536_c003072,agadir|AGADIR_r001536_c003072_Y2021_M07_N00562,SG_0023,1536,3072,2021,7,397,3.7,19.57,1.0,train,23,7.438000000000002,2,"[5,8)",397,397
train,Agadir,AGADIR_r001536_c003072,AGADIR_r001536_c003072_Y2021_M08_N00563,agadir|AGADIR_r001536_c003072,agadir|AGADIR_r001536_c003072_Y2021_M08_N00563,SG_0023,1536,3072,2021,8,397,3.7,19.57,1.0,train,24,7.438000000000002,2,"[5,8)",397,397
train,Agadir,AGADIR_r001536_c003072,AGADIR_r001536_c003072_Y2021_M09_N00564,agadir|AGADIR_r001536_c003072,agadir|AGADIR_r001536_c003072_Y2021_M09_N00564,SG_0023,1536,3072,2021,9,397,3.7,19.57,0.9995689392089844,train,25,7.438000000000002,2,"[5,8)",397,397
train,Agadir,AGADIR_r001536_c003072,AGADIR_r001536_c003072_Y2022_M05_N00565,agadir|AGADIR_r001536_c003072,agadir|AGADIR_r001536_c003072_Y2022_M05_N00565,SG_0023,1536,3072,2022,5,259,3.99,18.89,1.0,train,26,8.356000000000002,3,"[8,10)",259,259
train,Agadir,AGADIR_r001536_c003072,AGADIR_r001536_c003072_Y2022_M06_N00566,agadir|AGADIR_r001536_c003072,agadir|AGADIR_r001536_c003072_Y2022_M06_N00566,SG_0023,1536,3072,2022,6,259,3.99,18.89,1.0,train,27,8.356000000000002,3,"[8,10)",259,259
train,Agadir,AGADIR_r001536_c003072,AGADIR_r001536_c003072_Y2022_M07_N00567,agadir|AGADIR_r001536_c003072,agadir|AGADIR_r001536_c003072_Y2022_M07_N00567,SG_0023,1536,3072,2022,7,259,3.99,18.89,1.0,train,28,8.356000000000002,3,"[8,10)",259,259
train,Agadir,AGADIR_r001536_c003072,AGADIR_r001536_c003072_Y2022_M08_N00568,agadir|AGADIR_r001536_c003072,agadir|AGADIR_r001536_c003072_Y2022_M08_N00568,SG_0023,1536,3072,2022,8,259,3.99,18.89,1.0,train,29,8.356000000000002,3,"[8,10)",259,259
train,Agadir,AGADIR_r001536_c003072,AGADIR_r001536_c003072_Y2022_M09_N00569,agadir|AGADIR_r001536_c003072,agadir|AGADIR_r001536_c003072_Y2022_M09_N00569,SG_0023,1536,3072,2022,9,259,3.99,18.89,0.9991912841796876,train,30,8.356000000000002,3,"[8,10)",259,259
train,Agadir,AGADIR_r001536_c003072,AGADIR_r001536_c003072_Y2024_M05_N00570,agadir|AGADIR_r001536_c003072,agadir|AGADIR_r001536_c003072_Y2024_M05_N00570,SG_0023,1536,3072,2024,5,180,3.06,19.63,1.0,train,31,6.316999999999999,2,"[5,8)",180,180
train,Agadir,AGADIR_r001536_c003072,AGADIR_r001536_c003072_Y2024_M06_N00571,agadir|AGADIR_r001536_c003072,agadir|AGADIR_r001536_c003072_Y2024_M06_N00571,SG_0023,1536,3072,2024,6,180,3.06,19.63,1.0,train,32,6.316999999999999,2,"[5,8)",180,180
train,Agadir,AGADIR_r001536_c003072,AGADIR_r001536_c003072_Y2024_M07_N00572,agadir|AGADIR_r001536_c003072,agadir|AGADIR_r001536_c003072_Y2024_M07_N00572,SG_0023,1536,3072,2024,7,253,3.5,19.63,1.0,train,33,7.232000000000001,2,"[5,8)",253,253
train,Agadir,AGADIR_r001536_c003072,AGADIR_r001536_c003072_Y2024_M08_N00573,agadir|AGADIR_r001536_c003072,agadir|AGADIR_r001536_c003072_Y2024_M08_N00573,SG_0023,1536,3072,2024,8,253,3.5,19.63,1.0,train,34,7.232000000000001,2,"[5,8)",253,253
train,Agadir,AGADIR_r001536_c003072,AGADIR_r001536_c003072_Y2024_M09_N00574,agadir|AGADIR_r001536_c003072,agadir|AGADIR_r001536_c003072_Y2024_M09_N00574,SG_0023,1536,3072,2024,9,253,3.5,19.63,0.9992218017578124,train,35,7.232000000000001,2,"[5,8)",253,253
train,Agadir,AGADIR_r001536_c003072,AGADIR_r001536_c003072_Y2025_M05_N00575,agadir|AGADIR_r001536_c003072,agadir|AGADIR_r001536_c003072_Y2025_M05_N00575,SG_0023,1536,3072,2025,5,73,4.81,12.87,1.0,train,36,8.559999999999999,3,"[8,10)",73,73
train,Agadir,AGADIR_r001536_c003584,AGADIR_r001536_c003584_Y2019_M05_N00576,agadir|AGADIR_r001536_c003584,agadir|AGADIR_r001536_c003584_Y2019_M05_N00576,SG_0024,1536,3584,2019,5,384,3.82,19.51,1.0,train,37,6.688,2,"[5,8)",384,384
train,Agadir,AGADIR_r001536_c003584,AGADIR_r001536_c003584_Y2019_M06_N00577,agadir|AGADIR_r001536_c003584,agadir|AGADIR_r001536_c003584_Y2019_M06_N00577,SG_0024,1536,3584,2019,6,384,3.82,19.51,1.0,train,38,6.688,2,"[5,8)",384,384
train,Agadir,AGADIR_r001536_c003584,AGADIR_r001536_c003584_Y2019_M07_N00578,agadir|AGADIR_r001536_c003584,agadir|AGADIR_r001536_c003584_Y2019_M07_N00578,SG_0024,1536,3584,2019,7,384,3.82,19.51,1.0,train,39,6.688,2,"[5,8)",384,384
train,Agadir,AGADIR_r001536_c003584,AGADIR_r001536_c003584_Y2019_M08_N00579,agadir|AGADIR_r001536_c003584,agadir|AGADIR_r001536_c003584_Y2019_M08_N00579,SG_0024,1536,3584,2019,8,384,3.82,19.51,1.0,train,40,6.688,2,"[5,8)",384,384
train,Agadir,AGADIR_r001536_c003584,AGADIR_r001536_c003584_Y2019_M09_N00580,agadir|AGADIR_r001536_c003584,agadir|AGADIR_r001536_c003584_Y2019_M09_N00580,SG_0024,1536,3584,2019,9,384,3.82,19.51,1.0,train,41,6.688,2,"[5,8)",384,384
train,Agadir,AGADIR_r001536_c003584,AGADIR_r001536_c003584_Y2020_M05_N00581,agadir|AGADIR_r001536_c003584,agadir|AGADIR_r001536_c003584_Y2020_M05_N00581,SG_0024,1536,3584,2020,5,232,4.62,19.54,1.0,train,42,7.8370000000000015,2,"[5,8)",232,232
train,Agadir,AGADIR_r001536_c003584,AGADIR_r001536_c003584_Y2020_M06_N00582,agadir|AGADIR_r001536_c003584,agadir|AGADIR_r001536_c003584_Y2020_M06_N00582,SG_0024,1536,3584,2020,6,232,4.62,19.54,1.0,train,43,7.8370000000000015,2,"[5,8)",232,232
train,Agadir,AGADIR_r001536_c003584,AGADIR_r001536_c003584_Y2020_M07_N00583,agadir|AGADIR_r001536_c003584,agadir|AGADIR_r001536_c003584_Y2020_M07_N00583,SG_0024,1536,3584,2020,7,232,4.62,19.54,1.0,train,44,7.8370000000000015,2,"[5,8)",232,232
train,Agadir,AGADIR_r001536_c003584,AGADIR_r001536_c003584_Y2020_M08_N00584,agadir|AGADIR_r001536_c003584,agadir|AGADIR_r001536_c003584_Y2020_M08_N00584,SG_0024,1536,3584,2020,8,232,4.62,19.54,1.0,train,45,7.8370000000000015,2,"[5,8)",232,232
train,Agadir,AGADIR_r001536_c003584,AGADIR_r001536_c003584_Y2020_M09_N00585,agadir|AGADIR_r001536_c003584,agadir|AGADIR_r001536_c003584_Y2020_M09_N00585,SG_0024,1536,3584,2020,9,232,4.62,19.54,1.0,train,46,7.8370000000000015,2,"[5,8)",232,232
train,Agadir,AGADIR_r001536_c003584,AGADIR_r001536_c003584_Y2021_M05_N00586,agadir|AGADIR_r001536_c003584,agadir|AGADIR_r001536_c003584_Y2021_M05_N00586,SG_0024,1536,3584,2021,5,249,4.0,17.85,1.0,train,47,8.600000000000003,3,"[8,10)",249,249
train,Agadir,AGADIR_r001536_c003584,AGADIR_r001536_c003584_Y2021_M06_N00587,agadir|AGADIR_r001536_c003584,agadir|AGADIR_r001536_c003584_Y2021_M06_N00587,SG_0024,1536,3584,2021,6,249,4.0,17.85,1.0,train,48,8.600000000000003,3,"[8,10)",249,249
train,Agadir,AGADIR_r001536_c003584,AGADIR_r001536_c003584_Y2021_M07_N00588,agadir|AGADIR_r001536_c003584,agadir|AGADIR_r001536_c003584_Y2021_M07_N00588,SG_0024,1536,3584,2021,7,249,4.0,17.85,1.0,train,49,8.600000000000003,3,"[8,10)",249,249
train,Agadir,AGADIR_r001536_c003584,AGADIR_r001536_c003584_Y2021_M08_N00589,agadir|AGADIR_r001536_c003584,agadir|AGADIR_r001536_c003584_Y2021_M08_N00589,SG_0024,1536,3584,2021,8,249,4.0,17.85,1.0,train,50,8.600000000000003,3,"[8,10)",249,249
train,Agadir,AGADIR_r001536_c003584,AGADIR_r001536_c003584_Y2021_M09_N00590,agadir|AGADIR_r001536_c003584,agadir|AGADIR_r001536_c003584_Y2021_M09_N00590,SG_0024,1536,3584,2021,9,249,4.0,17.85,1.0,train,51,8.600000000000003,3,"[8,10)",249,249
train,Agadir,AGADIR_r001536_c003584,AGADIR_r001536_c003584_Y2022_M05_N00591,agadir|AGADIR_r001536_c003584,agadir|AGADIR_r001536_c003584_Y2022_M05_N00591,SG_0024,1536,3584,2022,5,313,3.43,18.45,1.0,train,52,6.41,2,"[5,8)",313,313
train,Agadir,AGADIR_r001536_c003584,AGADIR_r001536_c003584_Y2022_M06_N00592,agadir|AGADIR_r001536_c003584,agadir|AGADIR_r001536_c003584_Y2022_M06_N00592,SG_0024,1536,3584,2022,6,313,3.43,18.45,1.0,train,53,6.41,2,"[5,8)",313,313
train,Agadir,AGADIR_r001536_c003584,AGADIR_r001536_c003584_Y2022_M07_N00593,agadir|AGADIR_r001536_c003584,agadir|AGADIR_r001536_c003584_Y2022_M07_N00593,SG_0024,1536,3584,2022,7,313,3.43,18.45,1.0,train,54,6.41,2,"[5,8)",313,313
train,Agadir,AGADIR_r001536_c003584,AGADIR_r001536_c003584_Y2022_M08_N00594,agadir|AGADIR_r001536_c003584,agadir|AGADIR_r001536_c003584_Y2022_M08_N00594,SG_0024,1536,3584,2022,8,313,3.43,18.45,1.0,train,55,6.41,2,"[5,8)",313,313
train,Agadir,AGADIR_r001536_c003584,AGADIR_r001536_c003584_Y2022_M09_N00595,agadir|AGADIR_r001536_c003584,agadir|AGADIR_r001536_c003584_Y2022_M09_N00595,SG_0024,1536,3584,2022,9,313,3.43,18.45,1.0,train,56,6.41,2,"[5,8)",313,313
train,Agadir,AGADIR_r001536_c003584,AGADIR_r001536_c003584_Y2024_M07_N00596,agadir|AGADIR_r001536_c003584,agadir|AGADIR_r001536_c003584_Y2024_M07_N00596,SG_0024,1536,3584,2024,7,296,4.03,17.58,1.0,train,57,6.880000000000001,2,"[5,8)",296,296
train,Agadir,AGADIR_r001536_c003584,AGADIR_r001536_c003584_Y2024_M08_N00597,agadir|AGADIR_r001536_c003584,agadir|AGADIR_r001536_c003584_Y2024_M08_N00597,SG_0024,1536,3584,2024,8,296,4.03,17.58,1.0,train,58,6.880000000000001,2,"[5,8)",296,296
train,Agadir,AGADIR_r001536_c003584,AGADIR_r001536_c003584_Y2024_M09_N00598,agadir|AGADIR_r001536_c003584,agadir|AGADIR_r001536_c003584_Y2024_M09_N00598,SG_0024,1536,3584,2024,9,296,4.03,17.58,1.0,train,59,6.880000000000001,2,"[5,8)",296,296
train,Agadir,AGADIR_r001536_c003584,AGADIR_r001536_c003584_Y2025_M05_N00599,agadir|AGADIR_r001536_c003584,agadir|AGADIR_r001536_c003584_Y2025_M05_N00599,SG_0024,1536,3584,2025,5,296,4.03,17.58,1.0,train,60,6.880000000000001,2,"[5,8)",296,296
val,Agadir,AGADIR_r001536_c004096,AGADIR_r001536_c004096_Y2019_M05_N00600,agadir|AGADIR_r001536_c004096,agadir|AGADIR_r001536_c004096_Y2019_M05_N00600,SG_0025,1536,4096,2019,5,512,3.545,9.9,1.0,train,61,5.578,2,"[5,8)",512,512
val,Agadir,AGADIR_r001536_c004096,AGADIR_r001536_c004096_Y2019_M06_N00601,agadir|AGADIR_r001536_c004096,agadir|AGADIR_r001536_c004096_Y2019_M06_N00601,SG_0025,1536,4096,2019,6,512,3.545,9.9,1.0,train,62,5.578,2,"[5,8)",512,512
val,Agadir,AGADIR_r001536_c004096,AGADIR_r001536_c004096_Y2019_M07_N00602,agadir|AGADIR_r001536_c004096,agadir|AGADIR_r001536_c004096_Y2019_M07_N00602,SG_0025,1536,4096,2019,7,512,3.545,9.9,1.0,train,63,5.578,2,"[5,8)",512,512
val,Agadir,AGADIR_r001536_c004096,AGADIR_r001536_c004096_Y2019_M08_N00603,agadir|AGADIR_r001536_c004096,agadir|AGADIR_r001536_c004096_Y2019_M08_N00603,SG_0025,1536,4096,2019,8,512,3.58,16.48,1.0,train,0,5.64,2,"[5,8)",512,512
val,Agadir,AGADIR_r001536_c004096,AGADIR_r001536_c004096_Y2019_M09_N00604,agadir|AGADIR_r001536_c004096,agadir|AGADIR_r001536_c004096_Y2019_M09_N00604,SG_0025,1536,4096,2019,9,512,3.58,16.48,1.0,train,1,5.64,2,"[5,8)",512,512
val,Agadir,AGADIR_r001536_c004096,AGADIR_r001536_c004096_Y2020_M05_N00605,agadir|AGADIR_r001536_c004096,agadir|AGADIR_r001536_c004096_Y2020_M05_N00605,SG_0025,1536,4096,2020,5,61,2.95,4.97,1.0,train,2,4.15,1,"[2.5,5)",61,61
val,Agadir,AGADIR_r001536_c004096,AGADIR_r001536_c004096_Y2020_M06_N00606,agadir|AGADIR_r001536_c004096,agadir|AGADIR_r001536_c004096_Y2020_M06_N00606,SG_0025,1536,4096,2020,6,61,2.95,4.97,1.0,train,3,4.15,1,"[2.5,5)",61,61
val,Agadir,AGADIR_r001536_c004096,AGADIR_r001536_c004096_Y2021_M05_N00607,agadir|AGADIR_r001536_c004096,agadir|AGADIR_r001536_c004096_Y2021_M05_N00607,SG_0025,1536,4096,2021,5,369,3.51,16.73,1.0,train,4,5.69,2,"[5,8)",369,369
val,Agadir,AGADIR_r001536_c004096,AGADIR_r001536_c004096_Y2021_M06_N00608,agadir|AGADIR_r001536_c004096,agadir|AGADIR_r001536_c004096_Y2021_M06_N00608,SG_0025,1536,4096,2021,6,369,3.51,16.73,1.0,train,5,5.69,2,"[5,8)",369,369
val,Agadir,AGADIR_r001536_c004096,AGADIR_r001536_c004096_Y2021_M07_N00609,agadir|AGADIR_r001536_c004096,agadir|AGADIR_r001536_c004096_Y2021_M07_N00609,SG_0025,1536,4096,2021,7,369,3.51,16.73,1.0,train,6,5.69,2,"[5,8)",369,369
val,Agadir,AGADIR_r001536_c004096,AGADIR_r001536_c004096_Y2021_M08_N00610,agadir|AGADIR_r001536_c004096,agadir|AGADIR_r001536_c004096_Y2021_M08_N00610,SG_0025,1536,4096,2021,8,369,3.51,16.73,1.0,train,7,5.69,2,"[5,8)",369,369
val,Agadir,AGADIR_r001536_c004096,AGADIR_r001536_c004096_Y2021_M09_N00611,agadir|AGADIR_r001536_c004096,agadir|AGADIR_r001536_c004096_Y2021_M09_N00611,SG_0025,1536,4096,2021,9,369,3.51,16.73,1.0,train,8,5.69,2,"[5,8)",369,369
val,Agadir,AGADIR_r001536_c004096,AGADIR_r001536_c004096_Y2022_M05_N00612,agadir|AGADIR_r001536_c004096,agadir|AGADIR_r001536_c004096_Y2022_M05_N00612,SG_0025,1536,4096,2022,5,88,3.52,17.75,1.0,train,9,7.103999999999997,2,"[5,8)",88,88
val,Agadir,AGADIR_r001536_c004096,AGADIR_r001536_c004096_Y2022_M06_N00613,agadir|AGADIR_r001536_c004096,agadir|AGADIR_r001536_c004096_Y2022_M06_N00613,SG_0025,1536,4096,2022,6,88,3.52,17.75,1.0,train,10,7.103999999999997,2,"[5,8)",88,88
val,Agadir,AGADIR_r001536_c004096,AGADIR_r001536_c004096_Y2022_M07_N00614,agadir|AGADIR_r001536_c004096,agadir|AGADIR_r001536_c004096_Y2022_M07_N00614,SG_0025,1536,4096,2022,7,88,3.52,17.75,1.0,train,11,7.103999999999997,2,"[5,8)",88,88
val,Agadir,AGADIR_r001536_c004096,AGADIR_r001536_c004096_Y2022_M08_N00615,agadir|AGADIR_r001536_c004096,agadir|AGADIR_r001536_c004096_Y2022_M08_N00615,SG_0025,1536,4096,2022,8,88,3.52,17.75,1.0,train,12,7.103999999999997,2,"[5,8)",88,88
val,Agadir,AGADIR_r001536_c004096,AGADIR_r001536_c004096_Y2022_M09_N00616,agadir|AGADIR_r001536_c004096,agadir|AGADIR_r001536_c004096_Y2022_M09_N00616,SG_0025,1536,4096,2022,9,88,3.52,17.75,1.0,train,13,7.103999999999997,2,"[5,8)",88,88
val,Agadir,AGADIR_r001536_c004096,AGADIR_r001536_c004096_Y2023_M05_N00617,agadir|AGADIR_r001536_c004096,agadir|AGADIR_r001536_c004096_Y2023_M05_N00617,SG_0025,1536,4096,2023,5,1,4.83,4.83,1.0,train,14,4.83,1,"[2.5,5)",1,1
val,Agadir,AGADIR_r001536_c004096,AGADIR_r001536_c004096_Y2023_M06_N00618,agadir|AGADIR_r001536_c004096,agadir|AGADIR_r001536_c004096_Y2023_M06_N00618,SG_0025,1536,4096,2023,6,1,4.83,4.83,1.0,train,15,4.83,1,"[2.5,5)",1,1
val,Agadir,AGADIR_r001536_c004096,AGADIR_r001536_c004096_Y2023_M07_N00619,agadir|AGADIR_r001536_c004096,agadir|AGADIR_r001536_c004096_Y2023_M07_N00619,SG_0025,1536,4096,2023,7,1,4.83,4.83,1.0,train,16,4.83,1,"[2.5,5)",1,1
val,Agadir,AGADIR_r001536_c004096,AGADIR_r001536_c004096_Y2023_M08_N00620,agadir|AGADIR_r001536_c004096,agadir|AGADIR_r001536_c004096_Y2023_M08_N00620,SG_0025,1536,4096,2023,8,1,4.83,4.83,1.0,train,17,4.83,1,"[2.5,5)",1,1
val,Agadir,AGADIR_r001536_c004096,AGADIR_r001536_c004096_Y2024_M06_N00621,agadir|AGADIR_r001536_c004096,agadir|AGADIR_r001536_c004096_Y2024_M06_N00621,SG_0025,1536,4096,2024,6,1,5.19,5.19,1.0,train,18,5.19,2,"[5,8)",1,1
val,Agadir,AGADIR_r001536_c004096,AGADIR_r001536_c004096_Y2024_M07_N00622,agadir|AGADIR_r001536_c004096,agadir|AGADIR_r001536_c004096_Y2024_M07_N00622,SG_0025,1536,4096,2024,7,62,3.5,9.33,1.0,train,19,5.739,2,"[5,8)",62,62
val,Agadir,AGADIR_r001536_c004096,AGADIR_r001536_c004096_Y2024_M08_N00623,agadir|AGADIR_r001536_c004096,agadir|AGADIR_r001536_c004096_Y2024_M08_N00623,SG_0025,1536,4096,2024,8,132,3.77,14.45,1.0,train,20,6.352000000000001,2,"[5,8)",132,132
val,Agadir,AGADIR_r001536_c004096,AGADIR_r001536_c004096_Y2024_M09_N00624,agadir|AGADIR_r001536_c004096,agadir|AGADIR_r001536_c004096_Y2024_M09_N00624,SG_0025,1536,4096,2024,9,132,3.77,14.45,1.0,train,21,6.352000000000001,2,"[5,8)",132,132
val,Agadir,AGADIR_r001536_c004096,AGADIR_r001536_c004096_Y2025_M05_N00625,agadir|AGADIR_r001536_c004096,agadir|AGADIR_r001536_c004096_Y2025_M05_N00625,SG_0025,1536,4096,2025,5,131,3.77,14.45,1.0,train,22,6.38,2,"[5,8)",131,131
val,Agadir,AGADIR_r001536_c004096,AGADIR_r001536_c004096_Y2025_M06_N00626,agadir|AGADIR_r001536_c004096,agadir|AGADIR_r001536_c004096_Y2025_M06_N00626,SG_0025,1536,4096,2025,6,70,4.05,14.45,1.0,train,23,6.813000000000001,2,"[5,8)",70,70
train,Agadir,AGADIR_r001536_c004608,AGADIR_r001536_c004608_Y2019_M05_N00627,agadir|AGADIR_r001536_c004608,agadir|AGADIR_r001536_c004608_Y2019_M05_N00627,SG_0026,1536,4608,2019,5,166,3.6599998,14.77,0.9999426007595832,train,24,6.745,2,"[5,8)",166,166
train,Agadir,AGADIR_r001536_c004608,AGADIR_r001536_c004608_Y2019_M06_N00628,agadir|AGADIR_r001536_c004608,agadir|AGADIR_r001536_c004608_Y2019_M06_N00628,SG_0026,1536,4608,2019,6,166,3.6599998,14.77,0.9999426007595832,train,25,6.745,2,"[5,8)",166,166
train,Agadir,AGADIR_r001536_c004608,AGADIR_r001536_c004608_Y2019_M07_N00629,agadir|AGADIR_r001536_c004608,agadir|AGADIR_r001536_c004608_Y2019_M07_N00629,SG_0026,1536,4608,2019,7,166,3.6599998,14.77,0.9999426007595832,train,26,6.745,2,"[5,8)",166,166
train,Agadir,AGADIR_r001536_c004608,AGADIR_r001536_c004608_Y2019_M08_N00630,agadir|AGADIR_r001536_c004608,agadir|AGADIR_r001536_c004608_Y2019_M08_N00630,SG_0026,1536,4608,2019,8,457,3.74,19.76,0.999913901139375,train,27,7.192000000000001,2,"[5,8)",457,457
train,Agadir,AGADIR_r001536_c004608,AGADIR_r001536_c004608_Y2019_M09_N00631,agadir|AGADIR_r001536_c004608,agadir|AGADIR_r001536_c004608_Y2019_M09_N00631,SG_0026,1536,4608,2019,9,457,3.74,19.76,0.9986415513101377,train,28,7.192000000000001,2,"[5,8)",457,457
train,Agadir,AGADIR_r001536_c004608,AGADIR_r001536_c004608_Y2020_M05_N00632,agadir|AGADIR_r001536_c004608,agadir|AGADIR_r001536_c004608_Y2020_M05_N00632,SG_0026,1536,4608,2020,5,291,3.74,19.76,0.9999426007595832,train,29,7.56,2,"[5,8)",291,291
train,Agadir,AGADIR_r001536_c004608,AGADIR_r001536_c004608_Y2020_M06_N00633,agadir|AGADIR_r001536_c004608,agadir|AGADIR_r001536_c004608_Y2020_M06_N00633,SG_0026,1536,4608,2020,6,291,3.74,19.76,0.9999426007595832,train,30,7.56,2,"[5,8)",291,291
train,Agadir,AGADIR_r001536_c004608,AGADIR_r001536_c004608_Y2021_M05_N00634,agadir|AGADIR_r001536_c004608,agadir|AGADIR_r001536_c004608_Y2021_M05_N00634,SG_0026,1536,4608,2021,5,49,3.36,13.78,0.9999426007595832,train,31,6.5880000000000045,2,"[5,8)",49,49
train,Agadir,AGADIR_r001536_c004608,AGADIR_r001536_c004608_Y2021_M06_N00635,agadir|AGADIR_r001536_c004608,agadir|AGADIR_r001536_c004608_Y2021_M06_N00635,SG_0026,1536,4608,2021,6,49,3.36,13.78,0.9999426007595832,train,32,6.5880000000000045,2,"[5,8)",49,49
train,Agadir,AGADIR_r001536_c004608,AGADIR_r001536_c004608_Y2021_M07_N00636,agadir|AGADIR_r001536_c004608,agadir|AGADIR_r001536_c004608_Y2021_M07_N00636,SG_0026,1536,4608,2021,7,49,3.36,13.78,0.9999426007595832,train,33,6.5880000000000045,2,"[5,8)",49,49
train,Agadir,AGADIR_r001536_c004608,AGADIR_r001536_c004608_Y2021_M08_N00637,agadir|AGADIR_r001536_c004608,agadir|AGADIR_r001536_c004608_Y2021_M08_N00637,SG_0026,1536,4608,2021,8,106,3.03,13.78,0.9999426007595832,train,34,5.5,2,"[5,8)",106,106
train,Agadir,AGADIR_r001536_c004608,AGADIR_r001536_c004608_Y2021_M09_N00638,agadir|AGADIR_r001536_c004608,agadir|AGADIR_r001536_c004608_Y2021_M09_N00638,SG_0026,1536,4608,2021,9,106,3.03,13.78,0.9964029809338856,train,35,5.5,2,"[5,8)",106,106
train,Agadir,AGADIR_r001536_c004608,AGADIR_r001536_c004608_Y2022_M05_N00639,agadir|AGADIR_r001536_c004608,agadir|AGADIR_r001536_c004608_Y2022_M05_N00639,SG_0026,1536,4608,2022,5,57,2.99,6.81,0.9999234676794444,train,36,4.831999999999999,1,"[2.5,5)",57,57
train,Agadir,AGADIR_r001536_c004608,AGADIR_r001536_c004608_Y2022_M06_N00640,agadir|AGADIR_r001536_c004608,agadir|AGADIR_r001536_c004608_Y2022_M06_N00640,SG_0026,1536,4608,2022,6,57,2.99,6.81,0.9999426007595832,train,37,4.831999999999999,1,"[2.5,5)",57,57
train,Agadir,AGADIR_r001536_c004608,AGADIR_r001536_c004608_Y2022_M07_N00641,agadir|AGADIR_r001536_c004608,agadir|AGADIR_r001536_c004608_Y2022_M07_N00641,SG_0026,1536,4608,2022,7,11,4.19,12.87,0.9999426007595832,train,38,9.17,3,"[8,10)",11,11
train,Agadir,AGADIR_r001536_c004608,AGADIR_r001536_c004608_Y2022_M08_N00642,agadir|AGADIR_r001536_c004608,agadir|AGADIR_r001536_c004608_Y2022_M08_N00642,SG_0026,1536,4608,2022,8,11,4.19,12.87,0.9999426007595832,train,39,9.17,3,"[8,10)",11,11
train,Agadir,AGADIR_r001536_c004608,AGADIR_r001536_c004608_Y2022_M09_N00643,agadir|AGADIR_r001536_c004608,agadir|AGADIR_r001536_c004608_Y2022_M09_N00643,SG_0026,1536,4608,2022,9,11,4.19,12.87,0.9990050798327768,train,40,9.17,3,"[8,10)",11,11
train,Agadir,AGADIR_r001536_c004608,AGADIR_r001536_c004608_Y2023_M05_N00644,agadir|AGADIR_r001536_c004608,agadir|AGADIR_r001536_c004608_Y2023_M05_N00644,SG_0026,1536,4608,2023,5,30,4.285,16.55,0.9999234676794444,train,41,11.394000000000002,4,"[10,15)",30,30
train,Agadir,AGADIR_r001536_c004608,AGADIR_r001536_c004608_Y2023_M06_N00645,agadir|AGADIR_r001536_c004608,agadir|AGADIR_r001536_c004608_Y2023_M06_N00645,SG_0026,1536,4608,2023,6,19,4.38,16.55,0.9999426007595832,train,42,11.993999999999998,4,"[10,15)",19,19
train,Agadir,AGADIR_r001536_c004608,AGADIR_r001536_c004608_Y2023_M07_N00646,agadir|AGADIR_r001536_c004608,agadir|AGADIR_r001536_c004608_Y2023_M07_N00646,SG_0026,1536,4608,2023,7,19,4.38,16.55,0.9999426007595832,train,43,11.993999999999998,4,"[10,15)",19,19
train,Agadir,AGADIR_r001536_c004608,AGADIR_r001536_c004608_Y2023_M08_N00647,agadir|AGADIR_r001536_c004608,agadir|AGADIR_r001536_c004608_Y2023_M08_N00647,SG_0026,1536,4608,2023,8,19,4.38,16.55,0.9996364714773608,train,44,11.993999999999998,4,"[10,15)",19,19
train,Agadir,AGADIR_r001536_c004608,AGADIR_r001536_c004608_Y2024_M06_N00648,agadir|AGADIR_r001536_c004608,agadir|AGADIR_r001536_c004608_Y2024_M06_N00648,SG_0026,1536,4608,2024,6,22,6.52,16.71,0.9999426007595832,train,45,13.392000000000008,4,"[10,15)",22,22
train,Agadir,AGADIR_r001536_c004608,AGADIR_r001536_c004608_Y2024_M07_N00649,agadir|AGADIR_r001536_c004608,agadir|AGADIR_r001536_c004608_Y2024_M07_N00649,SG_0026,1536,4608,2024,7,207,3.5,16.71,0.9999426007595832,train,46,7.548,2,"[5,8)",207,207
train,Agadir,AGADIR_r001536_c004608,AGADIR_r001536_c004608_Y2024_M08_N00650,agadir|AGADIR_r001536_c004608,agadir|AGADIR_r001536_c004608_Y2024_M08_N00650,SG_0026,1536,4608,2024,8,495,3.68,19.72,0.9999426007595832,train,47,7.512,2,"[5,8)",495,495
train,Agadir,AGADIR_r001536_c004608,AGADIR_r001536_c004608_Y2024_M09_N00651,agadir|AGADIR_r001536_c004608,agadir|AGADIR_r001536_c004608_Y2024_M09_N00651,SG_0026,1536,4608,2024,9,495,3.68,19.72,0.9999426007595832,train,48,7.512,2,"[5,8)",495,495
train,Agadir,AGADIR_r001536_c004608,AGADIR_r001536_c004608_Y2025_M05_N00652,agadir|AGADIR_r001536_c004608,agadir|AGADIR_r001536_c004608_Y2025_M05_N00652,SG_0026,1536,4608,2025,5,473,3.61,19.72,0.9999426007595832,train,49,7.218,2,"[5,8)",473,473
train,Agadir,AGADIR_r001536_c004608,AGADIR_r001536_c004608_Y2025_M06_N00653,agadir|AGADIR_r001536_c004608,agadir|AGADIR_r001536_c004608_Y2025_M06_N00653,SG_0026,1536,4608,2025,6,288,3.77,19.72,0.9999426007595832,train,50,7.5,2,"[5,8)",288,288
val,Agadir,AGADIR_r002048_c000512,AGADIR_r002048_c000512_Y2019_M05_N00654,agadir|AGADIR_r002048_c000512,agadir|AGADIR_r002048_c000512_Y2019_M05_N00654,SG_0028,2048,512,2019,5,512,3.37,18.22,1.0,train,51,6.585000000000002,2,"[5,8)",512,512
val,Agadir,AGADIR_r002048_c000512,AGADIR_r002048_c000512_Y2019_M06_N00655,agadir|AGADIR_r002048_c000512,agadir|AGADIR_r002048_c000512_Y2019_M06_N00655,SG_0028,2048,512,2019,6,512,3.37,18.22,1.0,train,52,6.585000000000002,2,"[5,8)",512,512
val,Agadir,AGADIR_r002048_c000512,AGADIR_r002048_c000512_Y2019_M07_N00656,agadir|AGADIR_r002048_c000512,agadir|AGADIR_r002048_c000512_Y2019_M07_N00656,SG_0028,2048,512,2019,7,512,3.37,18.22,1.0,train,53,6.585000000000002,2,"[5,8)",512,512
val,Agadir,AGADIR_r002048_c000512,AGADIR_r002048_c000512_Y2019_M08_N00657,agadir|AGADIR_r002048_c000512,agadir|AGADIR_r002048_c000512_Y2019_M08_N00657,SG_0028,2048,512,2019,8,512,3.37,18.22,1.0,train,54,6.585000000000002,2,"[5,8)",512,512
val,Agadir,AGADIR_r002048_c000512,AGADIR_r002048_c000512_Y2019_M09_N00658,agadir|AGADIR_r002048_c000512,agadir|AGADIR_r002048_c000512_Y2019_M09_N00658,SG_0028,2048,512,2019,9,512,2.65,18.22,1.0,train,55,6.4270000000000005,2,"[5,8)",512,512
val,Agadir,AGADIR_r002048_c000512,AGADIR_r002048_c000512_Y2020_M05_N00659,agadir|AGADIR_r002048_c000512,agadir|AGADIR_r002048_c000512_Y2020_M05_N00659,SG_0028,2048,512,2020,5,150,4.24,12.96,1.0,train,56,6.771,2,"[5,8)",150,150
val,Agadir,AGADIR_r002048_c000512,AGADIR_r002048_c000512_Y2020_M06_N00660,agadir|AGADIR_r002048_c000512,agadir|AGADIR_r002048_c000512_Y2020_M06_N00660,SG_0028,2048,512,2020,6,150,4.24,12.96,1.0,train,57,6.771,2,"[5,8)",150,150
val,Agadir,AGADIR_r002048_c000512,AGADIR_r002048_c000512_Y2020_M07_N00661,agadir|AGADIR_r002048_c000512,agadir|AGADIR_r002048_c000512_Y2020_M07_N00661,SG_0028,2048,512,2020,7,150,4.24,12.96,1.0,train,58,6.771,2,"[5,8)",150,150
val,Agadir,AGADIR_r002048_c000512,AGADIR_r002048_c000512_Y2020_M08_N00662,agadir|AGADIR_r002048_c000512,agadir|AGADIR_r002048_c000512_Y2020_M08_N00662,SG_0028,2048,512,2020,8,150,4.24,12.96,1.0,train,59,6.771,2,"[5,8)",150,150
val,Agadir,AGADIR_r002048_c000512,AGADIR_r002048_c000512_Y2020_M09_N00663,agadir|AGADIR_r002048_c000512,agadir|AGADIR_r002048_c000512_Y2020_M09_N00663,SG_0028,2048,512,2020,9,150,4.24,12.96,1.0,train,60,6.771,2,"[5,8)",150,150
val,Agadir,AGADIR_r002048_c000512,AGADIR_r002048_c000512_Y2021_M05_N00664,agadir|AGADIR_r002048_c000512,agadir|AGADIR_r002048_c000512_Y2021_M05_N00664,SG_0028,2048,512,2021,5,349,2.2,10.52,1.0,train,61,2.91,1,"[2.5,5)",349,349
val,Agadir,AGADIR_r002048_c000512,AGADIR_r002048_c000512_Y2021_M06_N00665,agadir|AGADIR_r002048_c000512,agadir|AGADIR_r002048_c000512_Y2021_M06_N00665,SG_0028,2048,512,2021,6,349,2.2,10.52,1.0,train,62,2.91,1,"[2.5,5)",349,349
val,Agadir,AGADIR_r002048_c000512,AGADIR_r002048_c000512_Y2021_M07_N00666,agadir|AGADIR_r002048_c000512,agadir|AGADIR_r002048_c000512_Y2021_M07_N00666,SG_0028,2048,512,2021,7,349,2.2,10.52,1.0,train,63,2.91,1,"[2.5,5)",349,349
val,Agadir,AGADIR_r002048_c000512,AGADIR_r002048_c000512_Y2021_M08_N00667,agadir|AGADIR_r002048_c000512,agadir|AGADIR_r002048_c000512_Y2021_M08_N00667,SG_0028,2048,512,2021,8,349,2.2,10.52,1.0,train,0,2.91,1,"[2.5,5)",349,349
val,Agadir,AGADIR_r002048_c000512,AGADIR_r002048_c000512_Y2021_M09_N00668,agadir|AGADIR_r002048_c000512,agadir|AGADIR_r002048_c000512_Y2021_M09_N00668,SG_0028,2048,512,2021,9,349,2.2,10.52,1.0,train,1,2.91,1,"[2.5,5)",349,349
val,Agadir,AGADIR_r002048_c000512,AGADIR_r002048_c000512_Y2022_M05_N00669,agadir|AGADIR_r002048_c000512,agadir|AGADIR_r002048_c000512_Y2022_M05_N00669,SG_0028,2048,512,2022,5,99,2.28,10.54,1.0,train,2,3.4600000000000004,1,"[2.5,5)",99,99
val,Agadir,AGADIR_r002048_c000512,AGADIR_r002048_c000512_Y2022_M06_N00670,agadir|AGADIR_r002048_c000512,agadir|AGADIR_r002048_c000512_Y2022_M06_N00670,SG_0028,2048,512,2022,6,151,2.65,11.96,1.0,train,3,6.02,2,"[5,8)",151,151
val,Agadir,AGADIR_r002048_c000512,AGADIR_r002048_c000512_Y2022_M07_N00671,agadir|AGADIR_r002048_c000512,agadir|AGADIR_r002048_c000512_Y2022_M07_N00671,SG_0028,2048,512,2022,7,151,2.65,11.96,1.0,train,4,6.02,2,"[5,8)",151,151
val,Agadir,AGADIR_r002048_c000512,AGADIR_r002048_c000512_Y2022_M08_N00672,agadir|AGADIR_r002048_c000512,agadir|AGADIR_r002048_c000512_Y2022_M08_N00672,SG_0028,2048,512,2022,8,151,2.65,11.96,1.0,train,5,6.02,2,"[5,8)",151,151
val,Agadir,AGADIR_r002048_c000512,AGADIR_r002048_c000512_Y2022_M09_N00673,agadir|AGADIR_r002048_c000512,agadir|AGADIR_r002048_c000512_Y2022_M09_N00673,SG_0028,2048,512,2022,9,151,2.65,11.96,1.0,train,6,6.02,2,"[5,8)",151,151
val,Agadir,AGADIR_r002048_c000512,AGADIR_r002048_c000512_Y2024_M06_N00674,agadir|AGADIR_r002048_c000512,agadir|AGADIR_r002048_c000512_Y2024_M06_N00674,SG_0028,2048,512,2024,6,23,2.02,2.84,1.0,train,7,2.486,0,"[0,2.5)",23,23
val,Agadir,AGADIR_r002048_c000512,AGADIR_r002048_c000512_Y2024_M07_N00675,agadir|AGADIR_r002048_c000512,agadir|AGADIR_r002048_c000512_Y2024_M07_N00675,SG_0028,2048,512,2024,7,23,2.02,2.84,1.0,train,8,2.486,0,"[0,2.5)",23,23
val,Agadir,AGADIR_r002048_c000512,AGADIR_r002048_c000512_Y2024_M08_N00676,agadir|AGADIR_r002048_c000512,agadir|AGADIR_r002048_c000512_Y2024_M08_N00676,SG_0028,2048,512,2024,8,23,2.02,2.84,1.0,train,9,2.486,0,"[0,2.5)",23,23
val,Agadir,AGADIR_r002048_c000512,AGADIR_r002048_c000512_Y2024_M09_N00677,agadir|AGADIR_r002048_c000512,agadir|AGADIR_r002048_c000512_Y2024_M09_N00677,SG_0028,2048,512,2024,9,23,2.02,2.84,1.0,train,10,2.486,0,"[0,2.5)",23,23
train,Agadir,AGADIR_r002048_c001024,AGADIR_r002048_c001024_Y2019_M05_N00678,agadir|AGADIR_r002048_c001024,agadir|AGADIR_r002048_c001024_Y2019_M05_N00678,SG_0029,2048,1024,2019,5,512,4.71,18.47,1.0,train,11,9.91,3,"[8,10)",512,512
train,Agadir,AGADIR_r002048_c001024,AGADIR_r002048_c001024_Y2019_M06_N00679,agadir|AGADIR_r002048_c001024,agadir|AGADIR_r002048_c001024_Y2019_M06_N00679,SG_0029,2048,1024,2019,6,512,4.71,18.47,1.0,train,12,9.91,3,"[8,10)",512,512
train,Agadir,AGADIR_r002048_c001024,AGADIR_r002048_c001024_Y2019_M07_N00680,agadir|AGADIR_r002048_c001024,agadir|AGADIR_r002048_c001024_Y2019_M07_N00680,SG_0029,2048,1024,2019,7,512,4.71,18.47,1.0,train,13,9.91,3,"[8,10)",512,512
train,Agadir,AGADIR_r002048_c001024,AGADIR_r002048_c001024_Y2019_M08_N00681,agadir|AGADIR_r002048_c001024,agadir|AGADIR_r002048_c001024_Y2019_M08_N00681,SG_0029,2048,1024,2019,8,512,4.71,18.47,1.0,train,14,9.91,3,"[8,10)",512,512
train,Agadir,AGADIR_r002048_c001024,AGADIR_r002048_c001024_Y2019_M09_N00682,agadir|AGADIR_r002048_c001024,agadir|AGADIR_r002048_c001024_Y2019_M09_N00682,SG_0029,2048,1024,2019,9,512,4.6949997,18.47,1.0,train,15,9.266000000000002,3,"[8,10)",512,512
train,Agadir,AGADIR_r002048_c001024,AGADIR_r002048_c001024_Y2020_M05_N00683,agadir|AGADIR_r002048_c001024,agadir|AGADIR_r002048_c001024_Y2020_M05_N00683,SG_0029,2048,1024,2020,5,170,4.8199997,17.55,1.0,train,16,9.702999999999998,3,"[8,10)",170,170
train,Agadir,AGADIR_r002048_c001024,AGADIR_r002048_c001024_Y2020_M06_N00684,agadir|AGADIR_r002048_c001024,agadir|AGADIR_r002048_c001024_Y2020_M06_N00684,SG_0029,2048,1024,2020,6,170,4.8199997,17.55,1.0,train,17,9.702999999999998,3,"[8,10)",170,170
train,Agadir,AGADIR_r002048_c001024,AGADIR_r002048_c001024_Y2020_M07_N00685,agadir|AGADIR_r002048_c001024,agadir|AGADIR_r002048_c001024_Y2020_M07_N00685,SG_0029,2048,1024,2020,7,170,4.8199997,17.55,1.0,train,18,9.702999999999998,3,"[8,10)",170,170
train,Agadir,AGADIR_r002048_c001024,AGADIR_r002048_c001024_Y2020_M08_N00686,agadir|AGADIR_r002048_c001024,agadir|AGADIR_r002048_c001024_Y2020_M08_N00686,SG_0029,2048,1024,2020,8,170,4.8199997,17.55,1.0,train,19,9.702999999999998,3,"[8,10)",170,170
train,Agadir,AGADIR_r002048_c001024,AGADIR_r002048_c001024_Y2020_M09_N00687,agadir|AGADIR_r002048_c001024,agadir|AGADIR_r002048_c001024_Y2020_M09_N00687,SG_0029,2048,1024,2020,9,170,4.8199997,17.55,1.0,train,20,9.702999999999998,3,"[8,10)",170,170
train,Agadir,AGADIR_r002048_c001024,AGADIR_r002048_c001024_Y2021_M08_N00688,agadir|AGADIR_r002048_c001024,agadir|AGADIR_r002048_c001024_Y2021_M08_N00688,SG_0029,2048,1024,2021,8,1,7.4,7.4,1.0,train,21,7.4,2,"[5,8)",1,1
train,Agadir,AGADIR_r002048_c001024,AGADIR_r002048_c001024_Y2021_M09_N00689,agadir|AGADIR_r002048_c001024,agadir|AGADIR_r002048_c001024_Y2021_M09_N00689,SG_0029,2048,1024,2021,9,1,7.4,7.4,1.0,train,22,7.4,2,"[5,8)",1,1
train,Agadir,AGADIR_r002048_c001024,AGADIR_r002048_c001024_Y2022_M05_N00690,agadir|AGADIR_r002048_c001024,agadir|AGADIR_r002048_c001024_Y2022_M05_N00690,SG_0029,2048,1024,2022,5,99,4.12,14.53,1.0,train,23,7.22,2,"[5,8)",99,99
train,Agadir,AGADIR_r002048_c001024,AGADIR_r002048_c001024_Y2022_M06_N00691,agadir|AGADIR_r002048_c001024,agadir|AGADIR_r002048_c001024_Y2022_M06_N00691,SG_0029,2048,1024,2022,6,512,4.745,19.22,1.0,train,24,8.849000000000004,3,"[8,10)",512,512
train,Agadir,AGADIR_r002048_c001024,AGADIR_r002048_c001024_Y2022_M07_N00692,agadir|AGADIR_r002048_c001024,agadir|AGADIR_r002048_c001024_Y2022_M07_N00692,SG_0029,2048,1024,2022,7,512,4.745,19.22,1.0,train,25,8.896,3,"[8,10)",512,512
train,Agadir,AGADIR_r002048_c001024,AGADIR_r002048_c001024_Y2022_M08_N00693,agadir|AGADIR_r002048_c001024,agadir|AGADIR_r002048_c001024_Y2022_M08_N00693,SG_0029,2048,1024,2022,8,512,4.745,19.22,1.0,train,26,8.896,3,"[8,10)",512,512
train,Agadir,AGADIR_r002048_c001024,AGADIR_r002048_c001024_Y2022_M09_N00694,agadir|AGADIR_r002048_c001024,agadir|AGADIR_r002048_c001024_Y2022_M09_N00694,SG_0029,2048,1024,2022,9,512,4.745,19.22,1.0,train,27,8.896,3,"[8,10)",512,512
train,Agadir,AGADIR_r002048_c001024,AGADIR_r002048_c001024_Y2024_M05_N00695,agadir|AGADIR_r002048_c001024,agadir|AGADIR_r002048_c001024_Y2024_M05_N00695,SG_0029,2048,1024,2024,5,110,6.34,18.72,1.0,train,28,11.045000000000003,4,"[10,15)",110,110
train,Agadir,AGADIR_r002048_c001024,AGADIR_r002048_c001024_Y2024_M06_N00696,agadir|AGADIR_r002048_c001024,agadir|AGADIR_r002048_c001024_Y2024_M06_N00696,SG_0029,2048,1024,2024,6,110,6.34,18.72,1.0,train,29,11.045000000000003,4,"[10,15)",110,110
train,Agadir,AGADIR_r002048_c001024,AGADIR_r002048_c001024_Y2024_M07_N00697,agadir|AGADIR_r002048_c001024,agadir|AGADIR_r002048_c001024_Y2024_M07_N00697,SG_0029,2048,1024,2024,7,110,6.34,18.72,1.0,train,30,11.045000000000003,4,"[10,15)",110,110
train,Agadir,AGADIR_r002048_c001024,AGADIR_r002048_c001024_Y2024_M08_N00698,agadir|AGADIR_r002048_c001024,agadir|AGADIR_r002048_c001024_Y2024_M08_N00698,SG_0029,2048,1024,2024,8,110,6.34,18.72,1.0,train,31,11.045000000000003,4,"[10,15)",110,110
train,Agadir,AGADIR_r002048_c001024,AGADIR_r002048_c001024_Y2024_M09_N00699,agadir|AGADIR_r002048_c001024,agadir|AGADIR_r002048_c001024_Y2024_M09_N00699,SG_0029,2048,1024,2024,9,110,6.34,18.72,1.0,train,32,11.045000000000003,4,"[10,15)",110,110
val,Agadir,AGADIR_r002048_c001536,AGADIR_r002048_c001536_Y2019_M05_N00700,agadir|AGADIR_r002048_c001536,agadir|AGADIR_r002048_c001536_Y2019_M05_N00700,SG_0030,2048,1536,2019,5,198,3.87,18.81,1.0,train,33,6.377000000000001,2,"[5,8)",198,198
val,Agadir,AGADIR_r002048_c001536,AGADIR_r002048_c001536_Y2019_M06_N00701,agadir|AGADIR_r002048_c001536,agadir|AGADIR_r002048_c001536_Y2019_M06_N00701,SG_0030,2048,1536,2019,6,509,4.23,19.81,1.0,train,34,8.01,3,"[8,10)",509,509
val,Agadir,AGADIR_r002048_c001536,AGADIR_r002048_c001536_Y2019_M07_N00702,agadir|AGADIR_r002048_c001536,agadir|AGADIR_r002048_c001536_Y2019_M07_N00702,SG_0030,2048,1536,2019,7,509,4.23,19.81,1.0,train,35,8.01,3,"[8,10)",509,509
val,Agadir,AGADIR_r002048_c001536,AGADIR_r002048_c001536_Y2019_M08_N00703,agadir|AGADIR_r002048_c001536,agadir|AGADIR_r002048_c001536_Y2019_M08_N00703,SG_0030,2048,1536,2019,8,512,4.23,19.81,1.0,train,36,8.01,3,"[8,10)",512,512
val,Agadir,AGADIR_r002048_c001536,AGADIR_r002048_c001536_Y2019_M09_N00704,agadir|AGADIR_r002048_c001536,agadir|AGADIR_r002048_c001536_Y2019_M09_N00704,SG_0030,2048,1536,2019,9,512,4.23,19.81,1.0,train,37,8.01,3,"[8,10)",512,512
val,Agadir,AGADIR_r002048_c001536,AGADIR_r002048_c001536_Y2020_M05_N00705,agadir|AGADIR_r002048_c001536,agadir|AGADIR_r002048_c001536_Y2020_M05_N00705,SG_0030,2048,1536,2020,5,187,3.33,8.71,1.0,train,38,5.846,2,"[5,8)",187,187
val,Agadir,AGADIR_r002048_c001536,AGADIR_r002048_c001536_Y2020_M06_N00706,agadir|AGADIR_r002048_c001536,agadir|AGADIR_r002048_c001536_Y2020_M06_N00706,SG_0030,2048,1536,2020,6,187,3.33,8.71,1.0,train,39,5.846,2,"[5,8)",187,187
val,Agadir,AGADIR_r002048_c001536,AGADIR_r002048_c001536_Y2021_M08_N00707,agadir|AGADIR_r002048_c001536,agadir|AGADIR_r002048_c001536_Y2021_M08_N00707,SG_0030,2048,1536,2021,8,368,3.66,15.41,1.0,train,40,6.782,2,"[5,8)",368,368
val,Agadir,AGADIR_r002048_c001536,AGADIR_r002048_c001536_Y2021_M09_N00708,agadir|AGADIR_r002048_c001536,agadir|AGADIR_r002048_c001536_Y2021_M09_N00708,SG_0030,2048,1536,2021,9,368,3.66,15.41,1.0,train,41,6.782,2,"[5,8)",368,368
val,Agadir,AGADIR_r002048_c001536,AGADIR_r002048_c001536_Y2022_M05_N00709,agadir|AGADIR_r002048_c001536,agadir|AGADIR_r002048_c001536_Y2022_M05_N00709,SG_0030,2048,1536,2022,5,512,3.58,15.41,1.0,train,42,6.32,2,"[5,8)",512,512
val,Agadir,AGADIR_r002048_c001536,AGADIR_r002048_c001536_Y2022_M06_N00710,agadir|AGADIR_r002048_c001536,agadir|AGADIR_r002048_c001536_Y2022_M06_N00710,SG_0030,2048,1536,2022,6,512,3.93,15.09,1.0,train,43,6.807,2,"[5,8)",512,512
val,Agadir,AGADIR_r002048_c001536,AGADIR_r002048_c001536_Y2022_M07_N00711,agadir|AGADIR_r002048_c001536,agadir|AGADIR_r002048_c001536_Y2022_M07_N00711,SG_0030,2048,1536,2022,7,512,3.85,15.09,1.0,train,44,6.807,2,"[5,8)",512,512
val,Agadir,AGADIR_r002048_c001536,AGADIR_r002048_c001536_Y2022_M08_N00712,agadir|AGADIR_r002048_c001536,agadir|AGADIR_r002048_c001536_Y2022_M08_N00712,SG_0030,2048,1536,2022,8,512,3.8899999,15.09,1.0,train,45,6.77,2,"[5,8)",512,512
val,Agadir,AGADIR_r002048_c001536,AGADIR_r002048_c001536_Y2022_M09_N00713,agadir|AGADIR_r002048_c001536,agadir|AGADIR_r002048_c001536_Y2022_M09_N00713,SG_0030,2048,1536,2022,9,512,3.85,15.09,1.0,train,46,7.106000000000002,2,"[5,8)",512,512
val,Agadir,AGADIR_r002048_c001536,AGADIR_r002048_c001536_Y2024_M05_N00714,agadir|AGADIR_r002048_c001536,agadir|AGADIR_r002048_c001536_Y2024_M05_N00714,SG_0030,2048,1536,2024,5,281,3.91,19.18,1.0,train,47,7.38,2,"[5,8)",281,281
val,Agadir,AGADIR_r002048_c001536,AGADIR_r002048_c001536_Y2024_M06_N00715,agadir|AGADIR_r002048_c001536,agadir|AGADIR_r002048_c001536_Y2024_M06_N00715,SG_0030,2048,1536,2024,6,281,3.91,19.18,1.0,train,48,7.38,2,"[5,8)",281,281
val,Agadir,AGADIR_r002048_c001536,AGADIR_r002048_c001536_Y2024_M07_N00716,agadir|AGADIR_r002048_c001536,agadir|AGADIR_r002048_c001536_Y2024_M07_N00716,SG_0030,2048,1536,2024,7,281,3.91,19.18,1.0,train,49,7.38,2,"[5,8)",281,281
val,Agadir,AGADIR_r002048_c001536,AGADIR_r002048_c001536_Y2024_M08_N00717,agadir|AGADIR_r002048_c001536,agadir|AGADIR_r002048_c001536_Y2024_M08_N00717,SG_0030,2048,1536,2024,8,281,3.91,19.18,1.0,train,50,7.38,2,"[5,8)",281,281
val,Agadir,AGADIR_r002048_c001536,AGADIR_r002048_c001536_Y2024_M09_N00718,agadir|AGADIR_r002048_c001536,agadir|AGADIR_r002048_c001536_Y2024_M09_N00718,SG_0030,2048,1536,2024,9,281,3.91,19.18,1.0,train,51,7.38,2,"[5,8)",281,281
val,Agadir,AGADIR_r002048_c002560,AGADIR_r002048_c002560_Y2019_M08_N00719,agadir|AGADIR_r002048_c002560,agadir|AGADIR_r002048_c002560_Y2019_M08_N00719,SG_0032,2048,2560,2019,8,18,3.53,5.83,1.0,train,52,4.929,1,"[2.5,5)",18,18
val,Agadir,AGADIR_r002048_c002560,AGADIR_r002048_c002560_Y2019_M09_N00720,agadir|AGADIR_r002048_c002560,agadir|AGADIR_r002048_c002560_Y2019_M09_N00720,SG_0032,2048,2560,2019,9,18,3.53,5.83,0.999969482421875,train,53,4.929,1,"[2.5,5)",18,18
val,Agadir,AGADIR_r002048_c002560,AGADIR_r002048_c002560_Y2020_M05_N00721,agadir|AGADIR_r002048_c002560,agadir|AGADIR_r002048_c002560_Y2020_M05_N00721,SG_0032,2048,2560,2020,5,512,3.4,18.07,1.0,train,54,6.3870000000000005,2,"[5,8)",512,512
val,Agadir,AGADIR_r002048_c002560,AGADIR_r002048_c002560_Y2020_M06_N00722,agadir|AGADIR_r002048_c002560,agadir|AGADIR_r002048_c002560_Y2020_M06_N00722,SG_0032,2048,2560,2020,6,512,3.44,18.07,1.0,train,55,6.43,2,"[5,8)",512,512
val,Agadir,AGADIR_r002048_c002560,AGADIR_r002048_c002560_Y2020_M07_N00723,agadir|AGADIR_r002048_c002560,agadir|AGADIR_r002048_c002560_Y2020_M07_N00723,SG_0032,2048,2560,2020,7,512,3.44,18.07,1.0,train,56,6.43,2,"[5,8)",512,512
val,Agadir,AGADIR_r002048_c002560,AGADIR_r002048_c002560_Y2020_M08_N00724,agadir|AGADIR_r002048_c002560,agadir|AGADIR_r002048_c002560_Y2020_M08_N00724,SG_0032,2048,2560,2020,8,512,3.4,13.88,1.0,train,57,5.95,2,"[5,8)",512,512
val,Agadir,AGADIR_r002048_c002560,AGADIR_r002048_c002560_Y2020_M09_N00725,agadir|AGADIR_r002048_c002560,agadir|AGADIR_r002048_c002560_Y2020_M09_N00725,SG_0032,2048,2560,2020,9,512,3.4,13.88,1.0,train,58,5.95,2,"[5,8)",512,512
val,Agadir,AGADIR_r002048_c002560,AGADIR_r002048_c002560_Y2022_M05_N00726,agadir|AGADIR_r002048_c002560,agadir|AGADIR_r002048_c002560_Y2022_M05_N00726,SG_0032,2048,2560,2022,5,403,3.36,17.18,1.0,train,59,6.06,2,"[5,8)",403,403
val,Agadir,AGADIR_r002048_c002560,AGADIR_r002048_c002560_Y2022_M06_N00727,agadir|AGADIR_r002048_c002560,agadir|AGADIR_r002048_c002560_Y2022_M06_N00727,SG_0032,2048,2560,2022,6,403,3.36,17.18,1.0,train,60,6.06,2,"[5,8)",403,403
val,Agadir,AGADIR_r002048_c002560,AGADIR_r002048_c002560_Y2022_M07_N00728,agadir|AGADIR_r002048_c002560,agadir|AGADIR_r002048_c002560_Y2022_M07_N00728,SG_0032,2048,2560,2022,7,403,3.36,17.18,1.0,train,61,6.06,2,"[5,8)",403,403
val,Agadir,AGADIR_r002048_c002560,AGADIR_r002048_c002560_Y2022_M08_N00729,agadir|AGADIR_r002048_c002560,agadir|AGADIR_r002048_c002560_Y2022_M08_N00729,SG_0032,2048,2560,2022,8,403,3.36,17.18,1.0,train,62,6.06,2,"[5,8)",403,403
val,Agadir,AGADIR_r002048_c002560,AGADIR_r002048_c002560_Y2022_M09_N00730,agadir|AGADIR_r002048_c002560,agadir|AGADIR_r002048_c002560_Y2022_M09_N00730,SG_0032,2048,2560,2022,9,157,3.13,14.12,1.0,train,63,5.092000000000001,2,"[5,8)",157,157
val,Agadir,AGADIR_r002048_c002560,AGADIR_r002048_c002560_Y2024_M05_N00731,agadir|AGADIR_r002048_c002560,agadir|AGADIR_r002048_c002560_Y2024_M05_N00731,SG_0032,2048,2560,2024,5,229,3.17,15.68,1.0,train,0,5.740000000000003,2,"[5,8)",229,229
val,Agadir,AGADIR_r002048_c002560,AGADIR_r002048_c002560_Y2024_M06_N00732,agadir|AGADIR_r002048_c002560,agadir|AGADIR_r002048_c002560_Y2024_M06_N00732,SG_0032,2048,2560,2024,6,229,3.17,15.68,1.0,train,1,5.740000000000003,2,"[5,8)",229,229
val,Agadir,AGADIR_r002048_c002560,AGADIR_r002048_c002560_Y2024_M07_N00733,agadir|AGADIR_r002048_c002560,agadir|AGADIR_r002048_c002560_Y2024_M07_N00733,SG_0032,2048,2560,2024,7,229,3.17,15.68,1.0,train,2,5.740000000000003,2,"[5,8)",229,229
val,Agadir,AGADIR_r002048_c002560,AGADIR_r002048_c002560_Y2024_M08_N00734,agadir|AGADIR_r002048_c002560,agadir|AGADIR_r002048_c002560_Y2024_M08_N00734,SG_0032,2048,2560,2024,8,229,3.17,15.68,1.0,train,3,5.740000000000003,2,"[5,8)",229,229
val,Agadir,AGADIR_r002048_c002560,AGADIR_r002048_c002560_Y2024_M09_N00735,agadir|AGADIR_r002048_c002560,agadir|AGADIR_r002048_c002560_Y2024_M09_N00735,SG_0032,2048,2560,2024,9,229,3.17,15.68,1.0,train,4,5.740000000000003,2,"[5,8)",229,229
train,Agadir,AGADIR_r002048_c003072,AGADIR_r002048_c003072_Y2019_M05_N00736,agadir|AGADIR_r002048_c003072,agadir|AGADIR_r002048_c003072_Y2019_M05_N00736,SG_0033,2048,3072,2019,5,51,4.14,13.23,1.0,train,5,6.65,2,"[5,8)",51,51
train,Agadir,AGADIR_r002048_c003072,AGADIR_r002048_c003072_Y2019_M06_N00737,agadir|AGADIR_r002048_c003072,agadir|AGADIR_r002048_c003072_Y2019_M06_N00737,SG_0033,2048,3072,2019,6,51,4.14,13.23,1.0,train,6,6.65,2,"[5,8)",51,51
train,Agadir,AGADIR_r002048_c003072,AGADIR_r002048_c003072_Y2019_M07_N00738,agadir|AGADIR_r002048_c003072,agadir|AGADIR_r002048_c003072_Y2019_M07_N00738,SG_0033,2048,3072,2019,7,51,4.14,13.23,1.0,train,7,6.65,2,"[5,8)",51,51
train,Agadir,AGADIR_r002048_c003072,AGADIR_r002048_c003072_Y2019_M08_N00739,agadir|AGADIR_r002048_c003072,agadir|AGADIR_r002048_c003072_Y2019_M08_N00739,SG_0033,2048,3072,2019,8,51,4.14,13.23,1.0,train,8,6.65,2,"[5,8)",51,51
train,Agadir,AGADIR_r002048_c003072,AGADIR_r002048_c003072_Y2019_M09_N00740,agadir|AGADIR_r002048_c003072,agadir|AGADIR_r002048_c003072_Y2019_M09_N00740,SG_0033,2048,3072,2019,9,51,4.14,13.23,0.9997711181640624,train,9,6.65,2,"[5,8)",51,51
train,Agadir,AGADIR_r002048_c003072,AGADIR_r002048_c003072_Y2020_M05_N00741,agadir|AGADIR_r002048_c003072,agadir|AGADIR_r002048_c003072_Y2020_M05_N00741,SG_0033,2048,3072,2020,5,512,3.54,19.73,1.0,train,10,7.327000000000001,2,"[5,8)",512,512
train,Agadir,AGADIR_r002048_c003072,AGADIR_r002048_c003072_Y2020_M06_N00742,agadir|AGADIR_r002048_c003072,agadir|AGADIR_r002048_c003072_Y2020_M06_N00742,SG_0033,2048,3072,2020,6,512,3.54,19.73,1.0,train,11,7.327000000000001,2,"[5,8)",512,512
train,Agadir,AGADIR_r002048_c003072,AGADIR_r002048_c003072_Y2020_M07_N00743,agadir|AGADIR_r002048_c003072,agadir|AGADIR_r002048_c003072_Y2020_M07_N00743,SG_0033,2048,3072,2020,7,512,3.54,19.73,1.0,train,12,7.327000000000001,2,"[5,8)",512,512
train,Agadir,AGADIR_r002048_c003072,AGADIR_r002048_c003072_Y2020_M08_N00744,agadir|AGADIR_r002048_c003072,agadir|AGADIR_r002048_c003072_Y2020_M08_N00744,SG_0033,2048,3072,2020,8,512,3.45,19.73,1.0,train,13,6.543000000000002,2,"[5,8)",512,512
train,Agadir,AGADIR_r002048_c003072,AGADIR_r002048_c003072_Y2020_M09_N00745,agadir|AGADIR_r002048_c003072,agadir|AGADIR_r002048_c003072_Y2020_M09_N00745,SG_0033,2048,3072,2020,9,512,3.43,19.73,0.99993896484375,train,14,6.398000000000004,2,"[5,8)",512,512
train,Agadir,AGADIR_r002048_c003072,AGADIR_r002048_c003072_Y2021_M05_N00746,agadir|AGADIR_r002048_c003072,agadir|AGADIR_r002048_c003072_Y2021_M05_N00746,SG_0033,2048,3072,2021,5,101,2.69,12.27,1.0,train,15,5.35,2,"[5,8)",101,101
train,Agadir,AGADIR_r002048_c003072,AGADIR_r002048_c003072_Y2021_M06_N00747,agadir|AGADIR_r002048_c003072,agadir|AGADIR_r002048_c003072_Y2021_M06_N00747,SG_0033,2048,3072,2021,6,101,2.69,12.27,1.0,train,16,5.35,2,"[5,8)",101,101
train,Agadir,AGADIR_r002048_c003072,AGADIR_r002048_c003072_Y2021_M07_N00748,agadir|AGADIR_r002048_c003072,agadir|AGADIR_r002048_c003072_Y2021_M07_N00748,SG_0033,2048,3072,2021,7,101,2.69,12.27,1.0,train,17,5.35,2,"[5,8)",101,101
train,Agadir,AGADIR_r002048_c003072,AGADIR_r002048_c003072_Y2021_M08_N00749,agadir|AGADIR_r002048_c003072,agadir|AGADIR_r002048_c003072_Y2021_M08_N00749,SG_0033,2048,3072,2021,8,101,2.69,12.27,1.0,train,18,5.35,2,"[5,8)",101,101
train,Agadir,AGADIR_r002048_c003072,AGADIR_r002048_c003072_Y2021_M09_N00750,agadir|AGADIR_r002048_c003072,agadir|AGADIR_r002048_c003072_Y2021_M09_N00750,SG_0033,2048,3072,2021,9,101,2.69,12.27,0.9995880126953124,train,19,5.35,2,"[5,8)",101,101
train,Agadir,AGADIR_r002048_c003072,AGADIR_r002048_c003072_Y2022_M05_N00751,agadir|AGADIR_r002048_c003072,agadir|AGADIR_r002048_c003072_Y2022_M05_N00751,SG_0033,2048,3072,2022,5,512,3.335,16.43,1.0,train,20,6.42,2,"[5,8)",512,512
train,Agadir,AGADIR_r002048_c003072,AGADIR_r002048_c003072_Y2022_M06_N00752,agadir|AGADIR_r002048_c003072,agadir|AGADIR_r002048_c003072_Y2022_M06_N00752,SG_0033,2048,3072,2022,6,512,3.335,16.43,1.0,train,21,6.415000000000002,2,"[5,8)",512,512
train,Agadir,AGADIR_r002048_c003072,AGADIR_r002048_c003072_Y2022_M07_N00753,agadir|AGADIR_r002048_c003072,agadir|AGADIR_r002048_c003072_Y2022_M07_N00753,SG_0033,2048,3072,2022,7,512,3.35,16.43,1.0,train,22,6.415000000000002,2,"[5,8)",512,512
train,Agadir,AGADIR_r002048_c003072,AGADIR_r002048_c003072_Y2022_M08_N00754,agadir|AGADIR_r002048_c003072,agadir|AGADIR_r002048_c003072_Y2022_M08_N00754,SG_0033,2048,3072,2022,8,512,3.24,15.98,1.0,train,23,5.9270000000000005,2,"[5,8)",512,512
train,Agadir,AGADIR_r002048_c003072,AGADIR_r002048_c003072_Y2022_M09_N00755,agadir|AGADIR_r002048_c003072,agadir|AGADIR_r002048_c003072_Y2022_M09_N00755,SG_0033,2048,3072,2022,9,512,3.24,15.98,0.9997406005859376,train,24,5.9270000000000005,2,"[5,8)",512,512
train,Agadir,AGADIR_r002048_c003584,AGADIR_r002048_c003584_Y2019_M05_N00756,agadir|AGADIR_r002048_c003584,agadir|AGADIR_r002048_c003584_Y2019_M05_N00756,SG_0034,2048,3584,2019,5,512,3.12,16.52,1.0,train,25,5.95,2,"[5,8)",512,512
train,Agadir,AGADIR_r002048_c003584,AGADIR_r002048_c003584_Y2019_M06_N00757,agadir|AGADIR_r002048_c003584,agadir|AGADIR_r002048_c003584_Y2019_M06_N00757,SG_0034,2048,3584,2019,6,512,3.12,16.52,1.0,train,26,5.95,2,"[5,8)",512,512
train,Agadir,AGADIR_r002048_c003584,AGADIR_r002048_c003584_Y2019_M07_N00758,agadir|AGADIR_r002048_c003584,agadir|AGADIR_r002048_c003584_Y2019_M07_N00758,SG_0034,2048,3584,2019,7,512,3.12,16.52,1.0,train,27,5.95,2,"[5,8)",512,512
train,Agadir,AGADIR_r002048_c003584,AGADIR_r002048_c003584_Y2019_M08_N00759,agadir|AGADIR_r002048_c003584,agadir|AGADIR_r002048_c003584_Y2019_M08_N00759,SG_0034,2048,3584,2019,8,512,3.1550002,13.42,1.0,train,28,5.220000000000004,2,"[5,8)",512,512
train,Agadir,AGADIR_r002048_c003584,AGADIR_r002048_c003584_Y2019_M09_N00760,agadir|AGADIR_r002048_c003584,agadir|AGADIR_r002048_c003584_Y2019_M09_N00760,SG_0034,2048,3584,2019,9,512,3.1350002,13.42,1.0,train,29,5.077000000000001,2,"[5,8)",512,512
train,Agadir,AGADIR_r002048_c003584,AGADIR_r002048_c003584_Y2020_M05_N00761,agadir|AGADIR_r002048_c003584,agadir|AGADIR_r002048_c003584_Y2020_M05_N00761,SG_0034,2048,3584,2020,5,182,3.03,7.08,1.0,train,30,4.797,1,"[2.5,5)",182,182
train,Agadir,AGADIR_r002048_c003584,AGADIR_r002048_c003584_Y2020_M06_N00762,agadir|AGADIR_r002048_c003584,agadir|AGADIR_r002048_c003584_Y2020_M06_N00762,SG_0034,2048,3584,2020,6,182,3.03,7.08,1.0,train,31,4.797,1,"[2.5,5)",182,182
train,Agadir,AGADIR_r002048_c003584,AGADIR_r002048_c003584_Y2020_M07_N00763,agadir|AGADIR_r002048_c003584,agadir|AGADIR_r002048_c003584_Y2020_M07_N00763,SG_0034,2048,3584,2020,7,139,2.98,7.08,1.0,train,32,4.776,1,"[2.5,5)",139,139
train,Agadir,AGADIR_r002048_c003584,AGADIR_r002048_c003584_Y2020_M08_N00764,agadir|AGADIR_r002048_c003584,agadir|AGADIR_r002048_c003584_Y2020_M08_N00764,SG_0034,2048,3584,2020,8,139,2.98,7.08,1.0,train,33,4.776,1,"[2.5,5)",139,139
train,Agadir,AGADIR_r002048_c003584,AGADIR_r002048_c003584_Y2020_M09_N00765,agadir|AGADIR_r002048_c003584,agadir|AGADIR_r002048_c003584_Y2020_M09_N00765,SG_0034,2048,3584,2020,9,139,2.98,7.08,1.0,train,34,4.776,1,"[2.5,5)",139,139
train,Agadir,AGADIR_r002048_c003584,AGADIR_r002048_c003584_Y2021_M05_N00766,agadir|AGADIR_r002048_c003584,agadir|AGADIR_r002048_c003584_Y2021_M05_N00766,SG_0034,2048,3584,2021,5,464,2.99,19.13,1.0,train,35,5.248999999999999,2,"[5,8)",464,464
train,Agadir,AGADIR_r002048_c003584,AGADIR_r002048_c003584_Y2021_M06_N00767,agadir|AGADIR_r002048_c003584,agadir|AGADIR_r002048_c003584_Y2021_M06_N00767,SG_0034,2048,3584,2021,6,464,2.99,19.13,1.0,train,36,5.248999999999999,2,"[5,8)",464,464
train,Agadir,AGADIR_r002048_c003584,AGADIR_r002048_c003584_Y2021_M07_N00768,agadir|AGADIR_r002048_c003584,agadir|AGADIR_r002048_c003584_Y2021_M07_N00768,SG_0034,2048,3584,2021,7,464,2.99,19.13,1.0,train,37,5.248999999999999,2,"[5,8)",464,464
train,Agadir,AGADIR_r002048_c003584,AGADIR_r002048_c003584_Y2021_M08_N00769,agadir|AGADIR_r002048_c003584,agadir|AGADIR_r002048_c003584_Y2021_M08_N00769,SG_0034,2048,3584,2021,8,464,2.99,19.13,1.0,train,38,5.248999999999999,2,"[5,8)",464,464
train,Agadir,AGADIR_r002048_c003584,AGADIR_r002048_c003584_Y2021_M09_N00770,agadir|AGADIR_r002048_c003584,agadir|AGADIR_r002048_c003584_Y2021_M09_N00770,SG_0034,2048,3584,2021,9,464,2.99,19.13,1.0,train,39,5.248999999999999,2,"[5,8)",464,464
train,Agadir,AGADIR_r002048_c003584,AGADIR_r002048_c003584_Y2022_M05_N00771,agadir|AGADIR_r002048_c003584,agadir|AGADIR_r002048_c003584_Y2022_M05_N00771,SG_0034,2048,3584,2022,5,512,3.0,15.72,1.0,train,40,5.3720000000000026,2,"[5,8)",512,512
train,Agadir,AGADIR_r002048_c003584,AGADIR_r002048_c003584_Y2022_M06_N00772,agadir|AGADIR_r002048_c003584,agadir|AGADIR_r002048_c003584_Y2022_M06_N00772,SG_0034,2048,3584,2022,6,512,3.0,15.72,1.0,train,41,5.3720000000000026,2,"[5,8)",512,512
train,Agadir,AGADIR_r002048_c003584,AGADIR_r002048_c003584_Y2022_M07_N00773,agadir|AGADIR_r002048_c003584,agadir|AGADIR_r002048_c003584_Y2022_M07_N00773,SG_0034,2048,3584,2022,7,512,3.0,15.72,1.0,train,42,5.497000000000004,2,"[5,8)",512,512
train,Agadir,AGADIR_r002048_c003584,AGADIR_r002048_c003584_Y2022_M08_N00774,agadir|AGADIR_r002048_c003584,agadir|AGADIR_r002048_c003584_Y2022_M08_N00774,SG_0034,2048,3584,2022,8,512,3.0,15.72,1.0,train,43,5.497000000000004,2,"[5,8)",512,512
train,Agadir,AGADIR_r002048_c003584,AGADIR_r002048_c003584_Y2022_M09_N00775,agadir|AGADIR_r002048_c003584,agadir|AGADIR_r002048_c003584_Y2022_M09_N00775,SG_0034,2048,3584,2022,9,512,3.0,15.72,1.0,train,44,5.497000000000004,2,"[5,8)",512,512
train,Agadir,AGADIR_r002048_c003584,AGADIR_r002048_c003584_Y2024_M07_N00776,agadir|AGADIR_r002048_c003584,agadir|AGADIR_r002048_c003584_Y2024_M07_N00776,SG_0034,2048,3584,2024,7,142,3.5,8.62,1.0,train,45,5.509,2,"[5,8)",142,142
train,Agadir,AGADIR_r002048_c003584,AGADIR_r002048_c003584_Y2024_M08_N00777,agadir|AGADIR_r002048_c003584,agadir|AGADIR_r002048_c003584_Y2024_M08_N00777,SG_0034,2048,3584,2024,8,142,3.5,8.62,1.0,train,46,5.509,2,"[5,8)",142,142
train,Agadir,AGADIR_r002048_c003584,AGADIR_r002048_c003584_Y2024_M09_N00778,agadir|AGADIR_r002048_c003584,agadir|AGADIR_r002048_c003584_Y2024_M09_N00778,SG_0034,2048,3584,2024,9,142,3.5,8.62,1.0,train,47,5.509,2,"[5,8)",142,142
train,Agadir,AGADIR_r002048_c003584,AGADIR_r002048_c003584_Y2025_M05_N00779,agadir|AGADIR_r002048_c003584,agadir|AGADIR_r002048_c003584_Y2025_M05_N00779,SG_0034,2048,3584,2025,5,142,3.5,8.62,1.0,train,48,5.509,2,"[5,8)",142,142
train,Agadir,AGADIR_r002048_c004608,AGADIR_r002048_c004608_Y2019_M05_N00780,agadir|AGADIR_r002048_c004608,agadir|AGADIR_r002048_c004608_Y2019_M05_N00780,SG_0036,2048,4608,2019,5,36,4.49,9.4,0.9999104381680918,train,49,6.72,2,"[5,8)",36,36
train,Agadir,AGADIR_r002048_c004608,AGADIR_r002048_c004608_Y2019_M06_N00781,agadir|AGADIR_r002048_c004608,agadir|AGADIR_r002048_c004608_Y2019_M06_N00781,SG_0036,2048,4608,2019,6,36,4.49,9.4,0.9999104381680918,train,50,6.72,2,"[5,8)",36,36
train,Agadir,AGADIR_r002048_c004608,AGADIR_r002048_c004608_Y2019_M07_N00782,agadir|AGADIR_r002048_c004608,agadir|AGADIR_r002048_c004608_Y2019_M07_N00782,SG_0036,2048,4608,2019,7,36,4.49,9.4,0.9999104381680918,train,51,6.72,2,"[5,8)",36,36
train,Agadir,AGADIR_r002048_c004608,AGADIR_r002048_c004608_Y2019_M08_N00783,agadir|AGADIR_r002048_c004608,agadir|AGADIR_r002048_c004608_Y2019_M08_N00783,SG_0036,2048,4608,2019,8,230,3.63,19.32,0.9999104381680918,train,52,7.431999999999999,2,"[5,8)",230,230
train,Agadir,AGADIR_r002048_c004608,AGADIR_r002048_c004608_Y2019_M09_N00784,agadir|AGADIR_r002048_c004608,agadir|AGADIR_r002048_c004608_Y2019_M09_N00784,SG_0036,2048,4608,2019,9,230,3.63,19.32,0.9992782370016806,train,53,7.431999999999999,2,"[5,8)",230,230
train,Agadir,AGADIR_r002048_c004608,AGADIR_r002048_c004608_Y2020_M05_N00785,agadir|AGADIR_r002048_c004608,agadir|AGADIR_r002048_c004608_Y2020_M05_N00785,SG_0036,2048,4608,2020,5,194,3.5349998,19.32,0.9999104381680918,train,54,7.564000000000004,2,"[5,8)",194,194
train,Agadir,AGADIR_r002048_c004608,AGADIR_r002048_c004608_Y2020_M06_N00786,agadir|AGADIR_r002048_c004608,agadir|AGADIR_r002048_c004608_Y2020_M06_N00786,SG_0036,2048,4608,2020,6,194,3.5349998,19.32,0.9999104381680918,train,55,7.564000000000004,2,"[5,8)",194,194
train,Agadir,AGADIR_r002048_c004608,AGADIR_r002048_c004608_Y2021_M05_N00787,agadir|AGADIR_r002048_c004608,agadir|AGADIR_r002048_c004608_Y2021_M05_N00787,SG_0036,2048,4608,2021,5,245,3.89,16.92,0.9999104381680918,train,56,7.307999999999999,2,"[5,8)",245,245
train,Agadir,AGADIR_r002048_c004608,AGADIR_r002048_c004608_Y2021_M06_N00788,agadir|AGADIR_r002048_c004608,agadir|AGADIR_r002048_c004608_Y2021_M06_N00788,SG_0036,2048,4608,2021,6,245,3.89,16.92,0.9999104381680918,train,57,7.307999999999999,2,"[5,8)",245,245
train,Agadir,AGADIR_r002048_c004608,AGADIR_r002048_c004608_Y2021_M07_N00789,agadir|AGADIR_r002048_c004608,agadir|AGADIR_r002048_c004608_Y2021_M07_N00789,SG_0036,2048,4608,2021,7,245,3.89,16.92,0.9999104381680918,train,58,7.307999999999999,2,"[5,8)",245,245
train,Agadir,AGADIR_r002048_c004608,AGADIR_r002048_c004608_Y2021_M08_N00790,agadir|AGADIR_r002048_c004608,agadir|AGADIR_r002048_c004608_Y2021_M08_N00790,SG_0036,2048,4608,2021,8,245,3.89,16.92,0.9999104381680918,train,59,7.307999999999999,2,"[5,8)",245,245
train,Agadir,AGADIR_r002048_c004608,AGADIR_r002048_c004608_Y2021_M09_N00791,agadir|AGADIR_r002048_c004608,agadir|AGADIR_r002048_c004608_Y2021_M09_N00791,SG_0036,2048,4608,2021,9,245,3.89,16.92,0.9964122583806168,train,60,7.307999999999999,2,"[5,8)",245,245
train,Agadir,AGADIR_r002048_c004608,AGADIR_r002048_c004608_Y2022_M05_N00792,agadir|AGADIR_r002048_c004608,agadir|AGADIR_r002048_c004608_Y2022_M05_N00792,SG_0036,2048,4608,2022,5,4,6.74,9.81,0.9999104381680918,train,61,9.024,3,"[8,10)",4,4
train,Agadir,AGADIR_r002048_c004608,AGADIR_r002048_c004608_Y2022_M06_N00793,agadir|AGADIR_r002048_c004608,agadir|AGADIR_r002048_c004608_Y2022_M06_N00793,SG_0036,2048,4608,2022,6,4,6.74,9.81,0.9999104381680918,train,62,9.024,3,"[8,10)",4,4
train,Agadir,AGADIR_r002048_c004608,AGADIR_r002048_c004608_Y2022_M07_N00794,agadir|AGADIR_r002048_c004608,agadir|AGADIR_r002048_c004608_Y2022_M07_N00794,SG_0036,2048,4608,2022,7,240,4.0,19.61,0.9999104381680918,train,63,7.6179999999999986,2,"[5,8)",240,240
train,Agadir,AGADIR_r002048_c004608,AGADIR_r002048_c004608_Y2022_M08_N00795,agadir|AGADIR_r002048_c004608,agadir|AGADIR_r002048_c004608_Y2022_M08_N00795,SG_0036,2048,4608,2022,8,240,4.0,19.61,0.9999104381680918,train,0,7.6179999999999986,2,"[5,8)",240,240
train,Agadir,AGADIR_r002048_c004608,AGADIR_r002048_c004608_Y2022_M09_N00796,agadir|AGADIR_r002048_c004608,agadir|AGADIR_r002048_c004608_Y2022_M09_N00796,SG_0036,2048,4608,2022,9,240,4.0,19.61,0.9989410630462612,train,1,7.6179999999999986,2,"[5,8)",240,240
train,Agadir,AGADIR_r002048_c004608,AGADIR_r002048_c004608_Y2023_M05_N00797,agadir|AGADIR_r002048_c004608,agadir|AGADIR_r002048_c004608_Y2023_M05_N00797,SG_0036,2048,4608,2023,5,250,3.98,19.61,0.9999104381680918,train,2,7.59,2,"[5,8)",250,250
train,Agadir,AGADIR_r002048_c004608,AGADIR_r002048_c004608_Y2023_M06_N00798,agadir|AGADIR_r002048_c004608,agadir|AGADIR_r002048_c004608_Y2023_M06_N00798,SG_0036,2048,4608,2023,6,14,4.04,6.55,0.9999104381680918,train,3,6.158000000000001,2,"[5,8)",14,14
train,Agadir,AGADIR_r002048_c004608,AGADIR_r002048_c004608_Y2023_M07_N00799,agadir|AGADIR_r002048_c004608,agadir|AGADIR_r002048_c004608_Y2023_M07_N00799,SG_0036,2048,4608,2023,7,14,4.04,6.55,0.9999104381680918,train,4,6.158000000000001,2,"[5,8)",14,14
train,Agadir,AGADIR_r002048_c004608,AGADIR_r002048_c004608_Y2023_M08_N00800,agadir|AGADIR_r002048_c004608,agadir|AGADIR_r002048_c004608_Y2023_M08_N00800,SG_0036,2048,4608,2023,8,14,4.04,6.55,0.9999104381680918,train,5,6.158000000000001,2,"[5,8)",14,14
train,Agadir,AGADIR_r002048_c004608,AGADIR_r002048_c004608_Y2024_M05_N00801,agadir|AGADIR_r002048_c004608,agadir|AGADIR_r002048_c004608_Y2024_M05_N00801,SG_0036,2048,4608,2024,5,2,5.8199997,6.17,0.9999104381680918,train,6,6.1,2,"[5,8)",2,2
train,Agadir,AGADIR_r002048_c004608,AGADIR_r002048_c004608_Y2024_M06_N00802,agadir|AGADIR_r002048_c004608,agadir|AGADIR_r002048_c004608_Y2024_M06_N00802,SG_0036,2048,4608,2024,6,2,5.8199997,6.17,0.9999104381680918,train,7,6.1,2,"[5,8)",2,2
train,Agadir,AGADIR_r002048_c004608,AGADIR_r002048_c004608_Y2024_M07_N00803,agadir|AGADIR_r002048_c004608,agadir|AGADIR_r002048_c004608_Y2024_M07_N00803,SG_0036,2048,4608,2024,7,152,3.68,17.7,0.9999104381680918,train,8,6.766,2,"[5,8)",152,152
train,Agadir,AGADIR_r002048_c004608,AGADIR_r002048_c004608_Y2024_M08_N00804,agadir|AGADIR_r002048_c004608,agadir|AGADIR_r002048_c004608_Y2024_M08_N00804,SG_0036,2048,4608,2024,8,307,3.96,19.13,0.9999104381680918,train,9,8.028000000000002,3,"[8,10)",307,307
train,Agadir,AGADIR_r002048_c004608,AGADIR_r002048_c004608_Y2024_M09_N00805,agadir|AGADIR_r002048_c004608,agadir|AGADIR_r002048_c004608_Y2024_M09_N00805,SG_0036,2048,4608,2024,9,307,3.96,19.13,0.9999104381680918,train,10,8.028000000000002,3,"[8,10)",307,307
train,Agadir,AGADIR_r002048_c004608,AGADIR_r002048_c004608_Y2025_M05_N00806,agadir|AGADIR_r002048_c004608,agadir|AGADIR_r002048_c004608_Y2025_M05_N00806,SG_0036,2048,4608,2025,5,305,3.96,19.13,0.9999104381680918,train,11,8.042000000000002,3,"[8,10)",305,305
train,Agadir,AGADIR_r002048_c004608,AGADIR_r002048_c004608_Y2025_M06_N00807,agadir|AGADIR_r002048_c004608,agadir|AGADIR_r002048_c004608_Y2025_M06_N00807,SG_0036,2048,4608,2025,6,155,4.07,19.13,0.9999104381680918,train,12,8.956,3,"[8,10)",155,155
train,Agadir,AGADIR_r002560_c000000,AGADIR_r002560_c000000_Y2019_M05_N00808,agadir|AGADIR_r002560_c000000,agadir|AGADIR_r002560_c000000_Y2019_M05_N00808,SG_0037,2560,0,2019,5,512,2.09,4.49,0.999877655530407,train,13,2.32,0,"[0,2.5)",512,512
train,Agadir,AGADIR_r002560_c000000,AGADIR_r002560_c000000_Y2019_M06_N00809,agadir|AGADIR_r002560_c000000,agadir|AGADIR_r002560_c000000_Y2019_M06_N00809,SG_0037,2560,0,2019,6,512,2.09,4.49,0.999877655530407,train,14,2.32,0,"[0,2.5)",512,512
train,Agadir,AGADIR_r002560_c000000,AGADIR_r002560_c000000_Y2019_M07_N00810,agadir|AGADIR_r002560_c000000,agadir|AGADIR_r002560_c000000_Y2019_M07_N00810,SG_0037,2560,0,2019,7,512,2.05,7.6,0.999877655530407,train,15,2.35,0,"[0,2.5)",512,512
train,Agadir,AGADIR_r002560_c000000,AGADIR_r002560_c000000_Y2019_M08_N00811,agadir|AGADIR_r002560_c000000,agadir|AGADIR_r002560_c000000_Y2019_M08_N00811,SG_0037,2560,0,2019,8,512,2.05,7.6,0.999877655530407,train,16,2.35,0,"[0,2.5)",512,512
train,Agadir,AGADIR_r002560_c000000,AGADIR_r002560_c000000_Y2019_M09_N00812,agadir|AGADIR_r002560_c000000,agadir|AGADIR_r002560_c000000_Y2019_M09_N00812,SG_0037,2560,0,2019,9,512,2.02,7.6,0.999877655530407,train,17,2.39,0,"[0,2.5)",512,512
train,Agadir,AGADIR_r002560_c000000,AGADIR_r002560_c000000_Y2020_M05_N00813,agadir|AGADIR_r002560_c000000,agadir|AGADIR_r002560_c000000_Y2020_M05_N00813,SG_0037,2560,0,2020,5,269,2.49,9.24,0.999877655530407,train,18,3.136000000000001,1,"[2.5,5)",269,269
train,Agadir,AGADIR_r002560_c000000,AGADIR_r002560_c000000_Y2020_M06_N00814,agadir|AGADIR_r002560_c000000,agadir|AGADIR_r002560_c000000_Y2020_M06_N00814,SG_0037,2560,0,2020,6,269,2.49,9.24,0.999877655530407,train,19,3.136000000000001,1,"[2.5,5)",269,269
train,Agadir,AGADIR_r002560_c000000,AGADIR_r002560_c000000_Y2020_M07_N00815,agadir|AGADIR_r002560_c000000,agadir|AGADIR_r002560_c000000_Y2020_M07_N00815,SG_0037,2560,0,2020,7,269,2.49,9.24,0.999877655530407,train,20,3.136000000000001,1,"[2.5,5)",269,269
train,Agadir,AGADIR_r002560_c000000,AGADIR_r002560_c000000_Y2020_M08_N00816,agadir|AGADIR_r002560_c000000,agadir|AGADIR_r002560_c000000_Y2020_M08_N00816,SG_0037,2560,0,2020,8,269,2.49,9.24,0.999877655530407,train,21,3.136000000000001,1,"[2.5,5)",269,269
train,Agadir,AGADIR_r002560_c000000,AGADIR_r002560_c000000_Y2020_M09_N00817,agadir|AGADIR_r002560_c000000,agadir|AGADIR_r002560_c000000_Y2020_M09_N00817,SG_0037,2560,0,2020,9,269,2.49,9.24,0.999877655530407,train,22,3.136000000000001,1,"[2.5,5)",269,269
train,Agadir,AGADIR_r002560_c000000,AGADIR_r002560_c000000_Y2021_M05_N00818,agadir|AGADIR_r002560_c000000,agadir|AGADIR_r002560_c000000_Y2021_M05_N00818,SG_0037,2560,0,2021,5,252,2.05,3.47,0.999877655530407,train,23,2.24,0,"[0,2.5)",252,252
train,Agadir,AGADIR_r002560_c000000,AGADIR_r002560_c000000_Y2021_M06_N00819,agadir|AGADIR_r002560_c000000,agadir|AGADIR_r002560_c000000_Y2021_M06_N00819,SG_0037,2560,0,2021,6,252,2.05,3.47,0.999877655530407,train,24,2.24,0,"[0,2.5)",252,252
train,Agadir,AGADIR_r002560_c000000,AGADIR_r002560_c000000_Y2021_M07_N00820,agadir|AGADIR_r002560_c000000,agadir|AGADIR_r002560_c000000_Y2021_M07_N00820,SG_0037,2560,0,2021,7,252,2.05,3.47,0.999877655530407,train,25,2.24,0,"[0,2.5)",252,252
train,Agadir,AGADIR_r002560_c000000,AGADIR_r002560_c000000_Y2021_M08_N00821,agadir|AGADIR_r002560_c000000,agadir|AGADIR_r002560_c000000_Y2021_M08_N00821,SG_0037,2560,0,2021,8,252,2.05,3.47,0.999877655530407,train,26,2.24,0,"[0,2.5)",252,252
train,Agadir,AGADIR_r002560_c000000,AGADIR_r002560_c000000_Y2021_M09_N00822,agadir|AGADIR_r002560_c000000,agadir|AGADIR_r002560_c000000_Y2021_M09_N00822,SG_0037,2560,0,2021,9,252,2.05,3.47,0.999877655530407,train,27,2.24,0,"[0,2.5)",252,252
train,Agadir,AGADIR_r002560_c000000,AGADIR_r002560_c000000_Y2022_M05_N00823,agadir|AGADIR_r002560_c000000,agadir|AGADIR_r002560_c000000_Y2022_M05_N00823,SG_0037,2560,0,2022,5,52,2.2,3.59,0.999877655530407,train,28,2.4690000000000003,0,"[0,2.5)",52,52
train,Agadir,AGADIR_r002560_c000000,AGADIR_r002560_c000000_Y2022_M06_N00824,agadir|AGADIR_r002560_c000000,agadir|AGADIR_r002560_c000000_Y2022_M06_N00824,SG_0037,2560,0,2022,6,125,2.28,7.4,0.999877655530407,train,29,2.95,1,"[2.5,5)",125,125
train,Agadir,AGADIR_r002560_c000000,AGADIR_r002560_c000000_Y2022_M07_N00825,agadir|AGADIR_r002560_c000000,agadir|AGADIR_r002560_c000000_Y2022_M07_N00825,SG_0037,2560,0,2022,7,125,2.28,7.4,0.999877655530407,train,30,2.95,1,"[2.5,5)",125,125
train,Agadir,AGADIR_r002560_c000000,AGADIR_r002560_c000000_Y2022_M08_N00826,agadir|AGADIR_r002560_c000000,agadir|AGADIR_r002560_c000000_Y2022_M08_N00826,SG_0037,2560,0,2022,8,512,2.09,7.4,0.999877655530407,train,31,2.647000000000001,1,"[2.5,5)",512,512
train,Agadir,AGADIR_r002560_c000000,AGADIR_r002560_c000000_Y2022_M09_N00827,agadir|AGADIR_r002560_c000000,agadir|AGADIR_r002560_c000000_Y2022_M09_N00827,SG_0037,2560,0,2022,9,512,2.09,9.51,0.999877655530407,train,32,2.69,1,"[2.5,5)",512,512
train,Agadir,AGADIR_r002560_c000000,AGADIR_r002560_c000000_Y2023_M05_N00828,agadir|AGADIR_r002560_c000000,agadir|AGADIR_r002560_c000000_Y2023_M05_N00828,SG_0037,2560,0,2023,5,433,2.09,9.51,0.999877655530407,train,33,2.5,1,"[2.5,5)",433,433
train,Agadir,AGADIR_r002560_c000000,AGADIR_r002560_c000000_Y2023_M06_N00829,agadir|AGADIR_r002560_c000000,agadir|AGADIR_r002560_c000000_Y2023_M06_N00829,SG_0037,2560,0,2023,6,433,2.09,9.51,0.999877655530407,train,34,2.5,1,"[2.5,5)",433,433
train,Agadir,AGADIR_r002560_c000000,AGADIR_r002560_c000000_Y2024_M05_N00830,agadir|AGADIR_r002560_c000000,agadir|AGADIR_r002560_c000000_Y2024_M05_N00830,SG_0037,2560,0,2024,5,49,2.49,3.46,0.999877655530407,train,35,2.72,1,"[2.5,5)",49,49
train,Agadir,AGADIR_r002560_c000000,AGADIR_r002560_c000000_Y2024_M06_N00831,agadir|AGADIR_r002560_c000000,agadir|AGADIR_r002560_c000000_Y2024_M06_N00831,SG_0037,2560,0,2024,6,49,2.49,3.46,0.999877655530407,train,36,2.72,1,"[2.5,5)",49,49
train,Agadir,AGADIR_r002560_c000000,AGADIR_r002560_c000000_Y2024_M07_N00832,agadir|AGADIR_r002560_c000000,agadir|AGADIR_r002560_c000000_Y2024_M07_N00832,SG_0037,2560,0,2024,7,49,2.49,3.46,0.999877655530407,train,37,2.72,1,"[2.5,5)",49,49
train,Agadir,AGADIR_r002560_c000000,AGADIR_r002560_c000000_Y2024_M08_N00833,agadir|AGADIR_r002560_c000000,agadir|AGADIR_r002560_c000000_Y2024_M08_N00833,SG_0037,2560,0,2024,8,512,2.42,10.2,0.999877655530407,train,38,2.76,1,"[2.5,5)",512,512
train,Agadir,AGADIR_r002560_c000000,AGADIR_r002560_c000000_Y2024_M09_N00834,agadir|AGADIR_r002560_c000000,agadir|AGADIR_r002560_c000000_Y2024_M09_N00834,SG_0037,2560,0,2024,9,512,2.42,10.2,0.999877655530407,train,39,2.76,1,"[2.5,5)",512,512
train,Agadir,AGADIR_r002560_c000000,AGADIR_r002560_c000000_Y2025_M05_N00835,agadir|AGADIR_r002560_c000000,agadir|AGADIR_r002560_c000000_Y2025_M05_N00835,SG_0037,2560,0,2025,5,464,2.39,10.2,0.999877655530407,train,40,2.8,1,"[2.5,5)",464,464
train,Agadir,AGADIR_r002560_c000000,AGADIR_r002560_c000000_Y2025_M06_N00836,agadir|AGADIR_r002560_c000000,agadir|AGADIR_r002560_c000000_Y2025_M06_N00836,SG_0037,2560,0,2025,6,464,2.39,10.2,0.999877655530407,train,41,2.8,1,"[2.5,5)",464,464
train,Agadir,AGADIR_r002560_c000512,AGADIR_r002560_c000512_Y2019_M05_N00837,agadir|AGADIR_r002560_c000512,agadir|AGADIR_r002560_c000512_Y2019_M05_N00837,SG_0038,2560,512,2019,5,211,2.32,14.11,1.0,train,42,4.6,1,"[2.5,5)",211,211
train,Agadir,AGADIR_r002560_c000512,AGADIR_r002560_c000512_Y2019_M06_N00838,agadir|AGADIR_r002560_c000512,agadir|AGADIR_r002560_c000512_Y2019_M06_N00838,SG_0038,2560,512,2019,6,512,2.99,16.36,1.0,train,43,7.336000000000001,2,"[5,8)",512,512
train,Agadir,AGADIR_r002560_c000512,AGADIR_r002560_c000512_Y2019_M07_N00839,agadir|AGADIR_r002560_c000512,agadir|AGADIR_r002560_c000512_Y2019_M07_N00839,SG_0038,2560,512,2019,7,512,2.99,16.36,1.0,train,44,7.336000000000001,2,"[5,8)",512,512
train,Agadir,AGADIR_r002560_c000512,AGADIR_r002560_c000512_Y2019_M08_N00840,agadir|AGADIR_r002560_c000512,agadir|AGADIR_r002560_c000512_Y2019_M08_N00840,SG_0038,2560,512,2019,8,512,2.99,16.36,1.0,train,45,7.336000000000001,2,"[5,8)",512,512
train,Agadir,AGADIR_r002560_c000512,AGADIR_r002560_c000512_Y2019_M09_N00841,agadir|AGADIR_r002560_c000512,agadir|AGADIR_r002560_c000512_Y2019_M09_N00841,SG_0038,2560,512,2019,9,512,4.06,16.36,1.0,train,46,7.883000000000002,2,"[5,8)",512,512
train,Agadir,AGADIR_r002560_c000512,AGADIR_r002560_c000512_Y2020_M05_N00842,agadir|AGADIR_r002560_c000512,agadir|AGADIR_r002560_c000512_Y2020_M05_N00842,SG_0038,2560,512,2020,5,271,2.71,12.85,1.0,train,47,5.14,2,"[5,8)",271,271
train,Agadir,AGADIR_r002560_c000512,AGADIR_r002560_c000512_Y2020_M06_N00843,agadir|AGADIR_r002560_c000512,agadir|AGADIR_r002560_c000512_Y2020_M06_N00843,SG_0038,2560,512,2020,6,271,2.71,12.85,1.0,train,48,5.14,2,"[5,8)",271,271
train,Agadir,AGADIR_r002560_c000512,AGADIR_r002560_c000512_Y2020_M07_N00844,agadir|AGADIR_r002560_c000512,agadir|AGADIR_r002560_c000512_Y2020_M07_N00844,SG_0038,2560,512,2020,7,271,2.71,12.85,1.0,train,49,5.14,2,"[5,8)",271,271
train,Agadir,AGADIR_r002560_c000512,AGADIR_r002560_c000512_Y2020_M08_N00845,agadir|AGADIR_r002560_c000512,agadir|AGADIR_r002560_c000512_Y2020_M08_N00845,SG_0038,2560,512,2020,8,271,2.71,12.85,1.0,train,50,5.14,2,"[5,8)",271,271
train,Agadir,AGADIR_r002560_c000512,AGADIR_r002560_c000512_Y2020_M09_N00846,agadir|AGADIR_r002560_c000512,agadir|AGADIR_r002560_c000512_Y2020_M09_N00846,SG_0038,2560,512,2020,9,271,2.71,12.85,1.0,train,51,5.14,2,"[5,8)",271,271
train,Agadir,AGADIR_r002560_c000512,AGADIR_r002560_c000512_Y2022_M05_N00847,agadir|AGADIR_r002560_c000512,agadir|AGADIR_r002560_c000512_Y2022_M05_N00847,SG_0038,2560,512,2022,5,255,3.58,18.94,1.0,train,52,6.95,2,"[5,8)",255,255
train,Agadir,AGADIR_r002560_c000512,AGADIR_r002560_c000512_Y2022_M06_N00848,agadir|AGADIR_r002560_c000512,agadir|AGADIR_r002560_c000512_Y2022_M06_N00848,SG_0038,2560,512,2022,6,512,3.8249998,19.15,1.0,train,53,7.546000000000001,2,"[5,8)",512,512
train,Agadir,AGADIR_r002560_c000512,AGADIR_r002560_c000512_Y2022_M07_N00849,agadir|AGADIR_r002560_c000512,agadir|AGADIR_r002560_c000512_Y2022_M07_N00849,SG_0038,2560,512,2022,7,512,3.8249998,19.15,1.0,train,54,7.546000000000001,2,"[5,8)",512,512
train,Agadir,AGADIR_r002560_c000512,AGADIR_r002560_c000512_Y2022_M08_N00850,agadir|AGADIR_r002560_c000512,agadir|AGADIR_r002560_c000512_Y2022_M08_N00850,SG_0038,2560,512,2022,8,512,3.92,19.15,1.0,train,55,7.687000000000001,2,"[5,8)",512,512
train,Agadir,AGADIR_r002560_c000512,AGADIR_r002560_c000512_Y2022_M09_N00851,agadir|AGADIR_r002560_c000512,agadir|AGADIR_r002560_c000512_Y2022_M09_N00851,SG_0038,2560,512,2022,9,512,3.74,19.15,1.0,train,56,7.37,2,"[5,8)",512,512
train,Agadir,AGADIR_r002560_c000512,AGADIR_r002560_c000512_Y2023_M05_N00852,agadir|AGADIR_r002560_c000512,agadir|AGADIR_r002560_c000512_Y2023_M05_N00852,SG_0038,2560,512,2023,5,89,2.77,12.31,1.0,train,57,6.62,2,"[5,8)",89,89
train,Agadir,AGADIR_r002560_c000512,AGADIR_r002560_c000512_Y2023_M06_N00853,agadir|AGADIR_r002560_c000512,agadir|AGADIR_r002560_c000512_Y2023_M06_N00853,SG_0038,2560,512,2023,6,89,2.77,12.31,1.0,train,58,6.62,2,"[5,8)",89,89
train,Agadir,AGADIR_r002560_c000512,AGADIR_r002560_c000512_Y2024_M08_N00854,agadir|AGADIR_r002560_c000512,agadir|AGADIR_r002560_c000512_Y2024_M08_N00854,SG_0038,2560,512,2024,8,60,2.8899999,16.86,1.0,train,59,7.493000000000001,2,"[5,8)",60,60
train,Agadir,AGADIR_r002560_c000512,AGADIR_r002560_c000512_Y2024_M09_N00855,agadir|AGADIR_r002560_c000512,agadir|AGADIR_r002560_c000512_Y2024_M09_N00855,SG_0038,2560,512,2024,9,60,2.8899999,16.86,1.0,train,60,7.493000000000001,2,"[5,8)",60,60
train,Agadir,AGADIR_r002560_c000512,AGADIR_r002560_c000512_Y2025_M05_N00856,agadir|AGADIR_r002560_c000512,agadir|AGADIR_r002560_c000512_Y2025_M05_N00856,SG_0038,2560,512,2025,5,60,2.8899999,16.86,1.0,train,61,7.493000000000001,2,"[5,8)",60,60
train,Agadir,AGADIR_r002560_c000512,AGADIR_r002560_c000512_Y2025_M06_N00857,agadir|AGADIR_r002560_c000512,agadir|AGADIR_r002560_c000512_Y2025_M06_N00857,SG_0038,2560,512,2025,6,60,2.8899999,16.86,1.0,train,62,7.493000000000001,2,"[5,8)",60,60
train,Agadir,AGADIR_r002560_c001536,AGADIR_r002560_c001536_Y2019_M05_N00858,agadir|AGADIR_r002560_c001536,agadir|AGADIR_r002560_c001536_Y2019_M05_N00858,SG_0040,2560,1536,2019,5,512,2.91,17.16,1.0,train,63,5.188000000000001,2,"[5,8)",512,512
train,Agadir,AGADIR_r002560_c001536,AGADIR_r002560_c001536_Y2019_M06_N00859,agadir|AGADIR_r002560_c001536,agadir|AGADIR_r002560_c001536_Y2019_M06_N00859,SG_0040,2560,1536,2019,6,512,2.91,17.16,1.0,train,0,5.188000000000001,2,"[5,8)",512,512
train,Agadir,AGADIR_r002560_c001536,AGADIR_r002560_c001536_Y2019_M07_N00860,agadir|AGADIR_r002560_c001536,agadir|AGADIR_r002560_c001536_Y2019_M07_N00860,SG_0040,2560,1536,2019,7,512,2.91,17.16,1.0,train,1,5.188000000000001,2,"[5,8)",512,512
train,Agadir,AGADIR_r002560_c001536,AGADIR_r002560_c001536_Y2019_M08_N00861,agadir|AGADIR_r002560_c001536,agadir|AGADIR_r002560_c001536_Y2019_M08_N00861,SG_0040,2560,1536,2019,8,512,2.91,17.16,1.0,train,2,5.188000000000001,2,"[5,8)",512,512
train,Agadir,AGADIR_r002560_c001536,AGADIR_r002560_c001536_Y2019_M09_N00862,agadir|AGADIR_r002560_c001536,agadir|AGADIR_r002560_c001536_Y2019_M09_N00862,SG_0040,2560,1536,2019,9,512,2.91,17.16,1.0,train,3,5.08,2,"[5,8)",512,512
train,Agadir,AGADIR_r002560_c001536,AGADIR_r002560_c001536_Y2020_M05_N00863,agadir|AGADIR_r002560_c001536,agadir|AGADIR_r002560_c001536_Y2020_M05_N00863,SG_0040,2560,1536,2020,5,512,3.06,17.74,1.0,train,4,5.35,2,"[5,8)",512,512
train,Agadir,AGADIR_r002560_c001536,AGADIR_r002560_c001536_Y2020_M06_N00864,agadir|AGADIR_r002560_c001536,agadir|AGADIR_r002560_c001536_Y2020_M06_N00864,SG_0040,2560,1536,2020,6,512,3.03,17.74,1.0,train,5,5.31,2,"[5,8)",512,512
train,Agadir,AGADIR_r002560_c001536,AGADIR_r002560_c001536_Y2020_M07_N00865,agadir|AGADIR_r002560_c001536,agadir|AGADIR_r002560_c001536_Y2020_M07_N00865,SG_0040,2560,1536,2020,7,252,2.99,17.74,1.0,train,6,5.039000000000001,2,"[5,8)",252,252
train,Agadir,AGADIR_r002560_c001536,AGADIR_r002560_c001536_Y2020_M08_N00866,agadir|AGADIR_r002560_c001536,agadir|AGADIR_r002560_c001536_Y2020_M08_N00866,SG_0040,2560,1536,2020,8,252,2.99,17.74,1.0,train,7,5.039000000000001,2,"[5,8)",252,252
train,Agadir,AGADIR_r002560_c001536,AGADIR_r002560_c001536_Y2020_M09_N00867,agadir|AGADIR_r002560_c001536,agadir|AGADIR_r002560_c001536_Y2020_M09_N00867,SG_0040,2560,1536,2020,9,252,2.99,17.74,1.0,train,8,5.039000000000001,2,"[5,8)",252,252
train,Agadir,AGADIR_r002560_c001536,AGADIR_r002560_c001536_Y2021_M08_N00868,agadir|AGADIR_r002560_c001536,agadir|AGADIR_r002560_c001536_Y2021_M08_N00868,SG_0040,2560,1536,2021,8,14,2.61,4.11,1.0,train,9,3.698000000000001,1,"[2.5,5)",14,14
train,Agadir,AGADIR_r002560_c001536,AGADIR_r002560_c001536_Y2021_M09_N00869,agadir|AGADIR_r002560_c001536,agadir|AGADIR_r002560_c001536_Y2021_M09_N00869,SG_0040,2560,1536,2021,9,14,2.61,4.11,1.0,train,10,3.698000000000001,1,"[2.5,5)",14,14
train,Agadir,AGADIR_r002560_c001536,AGADIR_r002560_c001536_Y2022_M05_N00870,agadir|AGADIR_r002560_c001536,agadir|AGADIR_r002560_c001536_Y2022_M05_N00870,SG_0040,2560,1536,2022,5,512,3.43,12.22,1.0,train,11,6.417000000000001,2,"[5,8)",512,512
train,Agadir,AGADIR_r002560_c001536,AGADIR_r002560_c001536_Y2022_M06_N00871,agadir|AGADIR_r002560_c001536,agadir|AGADIR_r002560_c001536_Y2022_M06_N00871,SG_0040,2560,1536,2022,6,512,3.295,12.22,1.0,train,12,6.39,2,"[5,8)",512,512
train,Agadir,AGADIR_r002560_c001536,AGADIR_r002560_c001536_Y2022_M07_N00872,agadir|AGADIR_r002560_c001536,agadir|AGADIR_r002560_c001536_Y2022_M07_N00872,SG_0040,2560,1536,2022,7,512,3.295,12.22,1.0,train,13,6.39,2,"[5,8)",512,512
train,Agadir,AGADIR_r002560_c001536,AGADIR_r002560_c001536_Y2022_M08_N00873,agadir|AGADIR_r002560_c001536,agadir|AGADIR_r002560_c001536_Y2022_M08_N00873,SG_0040,2560,1536,2022,8,512,3.3649998,19.36,1.0,train,14,6.578000000000004,2,"[5,8)",512,512
train,Agadir,AGADIR_r002560_c001536,AGADIR_r002560_c001536_Y2022_M09_N00874,agadir|AGADIR_r002560_c001536,agadir|AGADIR_r002560_c001536_Y2022_M09_N00874,SG_0040,2560,1536,2022,9,512,3.3649998,19.36,1.0,train,15,6.578000000000004,2,"[5,8)",512,512
train,Agadir,AGADIR_r002560_c001536,AGADIR_r002560_c001536_Y2024_M05_N00875,agadir|AGADIR_r002560_c001536,agadir|AGADIR_r002560_c001536_Y2024_M05_N00875,SG_0040,2560,1536,2024,5,456,3.05,9.48,1.0,train,16,4.925,1,"[2.5,5)",456,456
train,Agadir,AGADIR_r002560_c001536,AGADIR_r002560_c001536_Y2024_M06_N00876,agadir|AGADIR_r002560_c001536,agadir|AGADIR_r002560_c001536_Y2024_M06_N00876,SG_0040,2560,1536,2024,6,456,3.05,9.48,1.0,train,17,4.925,1,"[2.5,5)",456,456
train,Agadir,AGADIR_r002560_c001536,AGADIR_r002560_c001536_Y2024_M07_N00877,agadir|AGADIR_r002560_c001536,agadir|AGADIR_r002560_c001536_Y2024_M07_N00877,SG_0040,2560,1536,2024,7,456,3.05,9.48,1.0,train,18,4.925,1,"[2.5,5)",456,456
train,Agadir,AGADIR_r002560_c001536,AGADIR_r002560_c001536_Y2024_M08_N00878,agadir|AGADIR_r002560_c001536,agadir|AGADIR_r002560_c001536_Y2024_M08_N00878,SG_0040,2560,1536,2024,8,456,3.05,9.48,1.0,train,19,4.925,1,"[2.5,5)",456,456
train,Agadir,AGADIR_r002560_c001536,AGADIR_r002560_c001536_Y2024_M09_N00879,agadir|AGADIR_r002560_c001536,agadir|AGADIR_r002560_c001536_Y2024_M09_N00879,SG_0040,2560,1536,2024,9,456,3.05,9.48,1.0,train,20,4.925,1,"[2.5,5)",456,456
train,Agadir,AGADIR_r002560_c002048,AGADIR_r002560_c002048_Y2019_M05_N00880,agadir|AGADIR_r002560_c002048,agadir|AGADIR_r002560_c002048_Y2019_M05_N00880,SG_0041,2560,2048,2019,5,141,2.99,7.03,1.0,train,21,4.82,1,"[2.5,5)",141,141
train,Agadir,AGADIR_r002560_c002048,AGADIR_r002560_c002048_Y2019_M06_N00881,agadir|AGADIR_r002560_c002048,agadir|AGADIR_r002560_c002048_Y2019_M06_N00881,SG_0041,2560,2048,2019,6,141,2.99,7.03,1.0,train,22,4.82,1,"[2.5,5)",141,141
train,Agadir,AGADIR_r002560_c002048,AGADIR_r002560_c002048_Y2019_M07_N00882,agadir|AGADIR_r002560_c002048,agadir|AGADIR_r002560_c002048_Y2019_M07_N00882,SG_0041,2560,2048,2019,7,141,2.99,7.03,1.0,train,23,4.82,1,"[2.5,5)",141,141
train,Agadir,AGADIR_r002560_c002048,AGADIR_r002560_c002048_Y2019_M08_N00883,agadir|AGADIR_r002560_c002048,agadir|AGADIR_r002560_c002048_Y2019_M08_N00883,SG_0041,2560,2048,2019,8,170,2.97,7.03,1.0,train,24,4.82,1,"[2.5,5)",170,170
train,Agadir,AGADIR_r002560_c002048,AGADIR_r002560_c002048_Y2019_M09_N00884,agadir|AGADIR_r002560_c002048,agadir|AGADIR_r002560_c002048_Y2019_M09_N00884,SG_0041,2560,2048,2019,9,170,2.97,7.03,0.9999847412109376,train,25,4.82,1,"[2.5,5)",170,170
train,Agadir,AGADIR_r002560_c002048,AGADIR_r002560_c002048_Y2020_M05_N00885,agadir|AGADIR_r002560_c002048,agadir|AGADIR_r002560_c002048_Y2020_M05_N00885,SG_0041,2560,2048,2020,5,512,3.25,16.66,1.0,train,26,5.785000000000005,2,"[5,8)",512,512
train,Agadir,AGADIR_r002560_c002048,AGADIR_r002560_c002048_Y2020_M06_N00886,agadir|AGADIR_r002560_c002048,agadir|AGADIR_r002560_c002048_Y2020_M06_N00886,SG_0041,2560,2048,2020,6,512,3.25,16.66,1.0,train,27,5.785000000000005,2,"[5,8)",512,512
train,Agadir,AGADIR_r002560_c002048,AGADIR_r002560_c002048_Y2020_M07_N00887,agadir|AGADIR_r002560_c002048,agadir|AGADIR_r002560_c002048_Y2020_M07_N00887,SG_0041,2560,2048,2020,7,512,3.25,16.66,1.0,train,28,5.785000000000005,2,"[5,8)",512,512
train,Agadir,AGADIR_r002560_c002048,AGADIR_r002560_c002048_Y2020_M08_N00888,agadir|AGADIR_r002560_c002048,agadir|AGADIR_r002560_c002048_Y2020_M08_N00888,SG_0041,2560,2048,2020,8,512,3.1,16.66,1.0,train,29,5.346000000000001,2,"[5,8)",512,512
train,Agadir,AGADIR_r002560_c002048,AGADIR_r002560_c002048_Y2020_M09_N00889,agadir|AGADIR_r002560_c002048,agadir|AGADIR_r002560_c002048_Y2020_M09_N00889,SG_0041,2560,2048,2020,9,512,3.1,16.66,1.0,train,30,5.346000000000001,2,"[5,8)",512,512
train,Agadir,AGADIR_r002560_c002048,AGADIR_r002560_c002048_Y2021_M08_N00890,agadir|AGADIR_r002560_c002048,agadir|AGADIR_r002560_c002048_Y2021_M08_N00890,SG_0041,2560,2048,2021,8,383,3.21,17.92,1.0,train,31,5.524000000000001,2,"[5,8)",383,383
train,Agadir,AGADIR_r002560_c002048,AGADIR_r002560_c002048_Y2021_M09_N00891,agadir|AGADIR_r002560_c002048,agadir|AGADIR_r002560_c002048_Y2021_M09_N00891,SG_0041,2560,2048,2021,9,383,3.21,17.92,0.9999847412109376,train,32,5.524000000000001,2,"[5,8)",383,383
train,Agadir,AGADIR_r002560_c002048,AGADIR_r002560_c002048_Y2022_M05_N00892,agadir|AGADIR_r002560_c002048,agadir|AGADIR_r002560_c002048_Y2022_M05_N00892,SG_0041,2560,2048,2022,5,512,3.21,17.92,1.0,train,33,5.408,2,"[5,8)",512,512
train,Agadir,AGADIR_r002560_c002048,AGADIR_r002560_c002048_Y2022_M06_N00893,agadir|AGADIR_r002560_c002048,agadir|AGADIR_r002560_c002048_Y2022_M06_N00893,SG_0041,2560,2048,2022,6,512,3.21,17.92,1.0,train,34,5.408,2,"[5,8)",512,512
train,Agadir,AGADIR_r002560_c002048,AGADIR_r002560_c002048_Y2022_M07_N00894,agadir|AGADIR_r002560_c002048,agadir|AGADIR_r002560_c002048_Y2022_M07_N00894,SG_0041,2560,2048,2022,7,512,2.92,11.31,1.0,train,35,5.126000000000001,2,"[5,8)",512,512
train,Agadir,AGADIR_r002560_c002048,AGADIR_r002560_c002048_Y2022_M08_N00895,agadir|AGADIR_r002560_c002048,agadir|AGADIR_r002560_c002048_Y2022_M08_N00895,SG_0041,2560,2048,2022,8,512,2.95,16.78,1.0,train,36,5.157000000000001,2,"[5,8)",512,512
train,Agadir,AGADIR_r002560_c002048,AGADIR_r002560_c002048_Y2022_M09_N00896,agadir|AGADIR_r002560_c002048,agadir|AGADIR_r002560_c002048_Y2022_M09_N00896,SG_0041,2560,2048,2022,9,512,2.95,16.78,1.0,train,37,5.157000000000001,2,"[5,8)",512,512
train,Agadir,AGADIR_r002560_c002048,AGADIR_r002560_c002048_Y2024_M05_N00897,agadir|AGADIR_r002560_c002048,agadir|AGADIR_r002560_c002048_Y2024_M05_N00897,SG_0041,2560,2048,2024,5,512,2.9450002,10.82,1.0,train,38,4.837000000000001,1,"[2.5,5)",512,512
train,Agadir,AGADIR_r002560_c002048,AGADIR_r002560_c002048_Y2024_M06_N00898,agadir|AGADIR_r002560_c002048,agadir|AGADIR_r002560_c002048_Y2024_M06_N00898,SG_0041,2560,2048,2024,6,512,2.9450002,10.82,1.0,train,39,4.837000000000001,1,"[2.5,5)",512,512
train,Agadir,AGADIR_r002560_c002048,AGADIR_r002560_c002048_Y2024_M07_N00899,agadir|AGADIR_r002560_c002048,agadir|AGADIR_r002560_c002048_Y2024_M07_N00899,SG_0041,2560,2048,2024,7,512,2.9450002,10.82,1.0,train,40,4.837000000000001,1,"[2.5,5)",512,512
train,Agadir,AGADIR_r002560_c002048,AGADIR_r002560_c002048_Y2024_M08_N00900,agadir|AGADIR_r002560_c002048,agadir|AGADIR_r002560_c002048_Y2024_M08_N00900,SG_0041,2560,2048,2024,8,512,2.9450002,10.82,1.0,train,41,4.837000000000001,1,"[2.5,5)",512,512
train,Agadir,AGADIR_r002560_c002048,AGADIR_r002560_c002048_Y2024_M09_N00901,agadir|AGADIR_r002560_c002048,agadir|AGADIR_r002560_c002048_Y2024_M09_N00901,SG_0041,2560,2048,2024,9,512,2.9450002,10.82,1.0,train,42,4.837000000000001,1,"[2.5,5)",512,512
train,Agadir,AGADIR_r002560_c002560,AGADIR_r002560_c002560_Y2019_M05_N00902,agadir|AGADIR_r002560_c002560,agadir|AGADIR_r002560_c002560_Y2019_M05_N00902,SG_0042,2560,2560,2019,5,34,3.94,17.11,1.0,train,43,8.751,3,"[8,10)",34,34
train,Agadir,AGADIR_r002560_c002560,AGADIR_r002560_c002560_Y2019_M06_N00903,agadir|AGADIR_r002560_c002560,agadir|AGADIR_r002560_c002560_Y2019_M06_N00903,SG_0042,2560,2560,2019,6,34,3.94,17.11,1.0,train,44,8.751,3,"[8,10)",34,34
train,Agadir,AGADIR_r002560_c002560,AGADIR_r002560_c002560_Y2019_M07_N00904,agadir|AGADIR_r002560_c002560,agadir|AGADIR_r002560_c002560_Y2019_M07_N00904,SG_0042,2560,2560,2019,7,34,3.94,17.11,1.0,train,45,8.751,3,"[8,10)",34,34
train,Agadir,AGADIR_r002560_c002560,AGADIR_r002560_c002560_Y2019_M08_N00905,agadir|AGADIR_r002560_c002560,agadir|AGADIR_r002560_c002560_Y2019_M08_N00905,SG_0042,2560,2560,2019,8,34,3.94,17.11,1.0,train,46,8.751,3,"[8,10)",34,34
train,Agadir,AGADIR_r002560_c002560,AGADIR_r002560_c002560_Y2019_M09_N00906,agadir|AGADIR_r002560_c002560,agadir|AGADIR_r002560_c002560_Y2019_M09_N00906,SG_0042,2560,2560,2019,9,34,3.94,17.11,0.9999847412109376,train,47,8.751,3,"[8,10)",34,34
train,Agadir,AGADIR_r002560_c002560,AGADIR_r002560_c002560_Y2020_M05_N00907,agadir|AGADIR_r002560_c002560,agadir|AGADIR_r002560_c002560_Y2020_M05_N00907,SG_0042,2560,2560,2020,5,369,4.23,19.54,1.0,train,48,7.15,2,"[5,8)",369,369
train,Agadir,AGADIR_r002560_c002560,AGADIR_r002560_c002560_Y2020_M06_N00908,agadir|AGADIR_r002560_c002560,agadir|AGADIR_r002560_c002560_Y2020_M06_N00908,SG_0042,2560,2560,2020,6,369,4.23,19.54,1.0,train,49,7.15,2,"[5,8)",369,369
train,Agadir,AGADIR_r002560_c002560,AGADIR_r002560_c002560_Y2020_M07_N00909,agadir|AGADIR_r002560_c002560,agadir|AGADIR_r002560_c002560_Y2020_M07_N00909,SG_0042,2560,2560,2020,7,369,4.23,19.54,1.0,train,50,7.15,2,"[5,8)",369,369
train,Agadir,AGADIR_r002560_c002560,AGADIR_r002560_c002560_Y2020_M08_N00910,agadir|AGADIR_r002560_c002560,agadir|AGADIR_r002560_c002560_Y2020_M08_N00910,SG_0042,2560,2560,2020,8,369,4.23,19.54,1.0,train,51,7.15,2,"[5,8)",369,369
train,Agadir,AGADIR_r002560_c002560,AGADIR_r002560_c002560_Y2020_M09_N00911,agadir|AGADIR_r002560_c002560,agadir|AGADIR_r002560_c002560_Y2020_M09_N00911,SG_0042,2560,2560,2020,9,369,4.23,19.54,1.0,train,52,7.15,2,"[5,8)",369,369
train,Agadir,AGADIR_r002560_c002560,AGADIR_r002560_c002560_Y2021_M08_N00912,agadir|AGADIR_r002560_c002560,agadir|AGADIR_r002560_c002560_Y2021_M08_N00912,SG_0042,2560,2560,2021,8,131,3.44,11.86,1.0,train,53,6.21,2,"[5,8)",131,131
train,Agadir,AGADIR_r002560_c002560,AGADIR_r002560_c002560_Y2021_M09_N00913,agadir|AGADIR_r002560_c002560,agadir|AGADIR_r002560_c002560_Y2021_M09_N00913,SG_0042,2560,2560,2021,9,131,3.44,11.86,0.99993896484375,train,54,6.21,2,"[5,8)",131,131
train,Agadir,AGADIR_r002560_c002560,AGADIR_r002560_c002560_Y2022_M05_N00914,agadir|AGADIR_r002560_c002560,agadir|AGADIR_r002560_c002560_Y2022_M05_N00914,SG_0042,2560,2560,2022,5,512,3.68,16.56,1.0,train,55,6.917000000000001,2,"[5,8)",512,512
train,Agadir,AGADIR_r002560_c002560,AGADIR_r002560_c002560_Y2022_M06_N00915,agadir|AGADIR_r002560_c002560,agadir|AGADIR_r002560_c002560_Y2022_M06_N00915,SG_0042,2560,2560,2022,6,512,3.68,16.56,1.0,train,56,6.917000000000001,2,"[5,8)",512,512
train,Agadir,AGADIR_r002560_c002560,AGADIR_r002560_c002560_Y2022_M07_N00916,agadir|AGADIR_r002560_c002560,agadir|AGADIR_r002560_c002560_Y2022_M07_N00916,SG_0042,2560,2560,2022,7,439,3.82,16.56,1.0,train,57,7.0,2,"[5,8)",439,439
train,Agadir,AGADIR_r002560_c002560,AGADIR_r002560_c002560_Y2022_M08_N00917,agadir|AGADIR_r002560_c002560,agadir|AGADIR_r002560_c002560_Y2022_M08_N00917,SG_0042,2560,2560,2022,8,439,3.82,16.56,1.0,train,58,7.0,2,"[5,8)",439,439
train,Agadir,AGADIR_r002560_c002560,AGADIR_r002560_c002560_Y2022_M09_N00918,agadir|AGADIR_r002560_c002560,agadir|AGADIR_r002560_c002560_Y2022_M09_N00918,SG_0042,2560,2560,2022,9,255,3.72,16.56,1.0,train,59,6.347999999999999,2,"[5,8)",255,255
train,Agadir,AGADIR_r002560_c002560,AGADIR_r002560_c002560_Y2024_M05_N00919,agadir|AGADIR_r002560_c002560,agadir|AGADIR_r002560_c002560_Y2024_M05_N00919,SG_0042,2560,2560,2024,5,1,3.32,3.32,1.0,train,60,3.32,1,"[2.5,5)",1,1
train,Agadir,AGADIR_r002560_c002560,AGADIR_r002560_c002560_Y2024_M06_N00920,agadir|AGADIR_r002560_c002560,agadir|AGADIR_r002560_c002560_Y2024_M06_N00920,SG_0042,2560,2560,2024,6,1,3.32,3.32,1.0,train,61,3.32,1,"[2.5,5)",1,1
train,Agadir,AGADIR_r002560_c002560,AGADIR_r002560_c002560_Y2024_M07_N00921,agadir|AGADIR_r002560_c002560,agadir|AGADIR_r002560_c002560_Y2024_M07_N00921,SG_0042,2560,2560,2024,7,1,3.32,3.32,1.0,train,62,3.32,1,"[2.5,5)",1,1
train,Agadir,AGADIR_r002560_c002560,AGADIR_r002560_c002560_Y2024_M08_N00922,agadir|AGADIR_r002560_c002560,agadir|AGADIR_r002560_c002560_Y2024_M08_N00922,SG_0042,2560,2560,2024,8,1,3.32,3.32,1.0,train,63,3.32,1,"[2.5,5)",1,1
train,Agadir,AGADIR_r002560_c002560,AGADIR_r002560_c002560_Y2024_M09_N00923,agadir|AGADIR_r002560_c002560,agadir|AGADIR_r002560_c002560_Y2024_M09_N00923,SG_0042,2560,2560,2024,9,1,3.32,3.32,1.0,train,0,3.32,1,"[2.5,5)",1,1
train,Agadir,AGADIR_r002560_c003072,AGADIR_r002560_c003072_Y2019_M05_N00924,agadir|AGADIR_r002560_c003072,agadir|AGADIR_r002560_c003072_Y2019_M05_N00924,SG_0043,2560,3072,2019,5,415,3.99,19.61,1.0,train,1,6.76,2,"[5,8)",415,415
train,Agadir,AGADIR_r002560_c003072,AGADIR_r002560_c003072_Y2019_M06_N00925,agadir|AGADIR_r002560_c003072,agadir|AGADIR_r002560_c003072_Y2019_M06_N00925,SG_0043,2560,3072,2019,6,415,3.99,19.61,1.0,train,2,6.76,2,"[5,8)",415,415
train,Agadir,AGADIR_r002560_c003072,AGADIR_r002560_c003072_Y2019_M07_N00926,agadir|AGADIR_r002560_c003072,agadir|AGADIR_r002560_c003072_Y2019_M07_N00926,SG_0043,2560,3072,2019,7,415,3.99,19.61,1.0,train,3,6.76,2,"[5,8)",415,415
train,Agadir,AGADIR_r002560_c003072,AGADIR_r002560_c003072_Y2019_M08_N00927,agadir|AGADIR_r002560_c003072,agadir|AGADIR_r002560_c003072_Y2019_M08_N00927,SG_0043,2560,3072,2019,8,429,3.99,19.61,0.9999847412109376,train,4,6.847999999999999,2,"[5,8)",429,429
train,Agadir,AGADIR_r002560_c003072,AGADIR_r002560_c003072_Y2019_M09_N00928,agadir|AGADIR_r002560_c003072,agadir|AGADIR_r002560_c003072_Y2019_M09_N00928,SG_0043,2560,3072,2019,9,429,3.99,19.61,0.9996337890625,train,5,6.847999999999999,2,"[5,8)",429,429
train,Agadir,AGADIR_r002560_c003072,AGADIR_r002560_c003072_Y2020_M05_N00929,agadir|AGADIR_r002560_c003072,agadir|AGADIR_r002560_c003072_Y2020_M05_N00929,SG_0043,2560,3072,2020,5,29,4.58,10.96,1.0,train,6,7.778,2,"[5,8)",29,29
train,Agadir,AGADIR_r002560_c003072,AGADIR_r002560_c003072_Y2020_M06_N00930,agadir|AGADIR_r002560_c003072,agadir|AGADIR_r002560_c003072_Y2020_M06_N00930,SG_0043,2560,3072,2020,6,29,4.58,10.96,1.0,train,7,7.778,2,"[5,8)",29,29
train,Agadir,AGADIR_r002560_c003072,AGADIR_r002560_c003072_Y2020_M07_N00931,agadir|AGADIR_r002560_c003072,agadir|AGADIR_r002560_c003072_Y2020_M07_N00931,SG_0043,2560,3072,2020,7,15,4.58,10.96,1.0,train,8,9.058,3,"[8,10)",15,15
train,Agadir,AGADIR_r002560_c003072,AGADIR_r002560_c003072_Y2020_M08_N00932,agadir|AGADIR_r002560_c003072,agadir|AGADIR_r002560_c003072_Y2020_M08_N00932,SG_0043,2560,3072,2020,8,15,4.58,10.96,1.0,train,9,9.058,3,"[8,10)",15,15
train,Agadir,AGADIR_r002560_c003072,AGADIR_r002560_c003072_Y2020_M09_N00933,agadir|AGADIR_r002560_c003072,agadir|AGADIR_r002560_c003072_Y2020_M09_N00933,SG_0043,2560,3072,2020,9,15,4.58,10.96,0.9999237060546876,train,10,9.058,3,"[8,10)",15,15
train,Agadir,AGADIR_r002560_c003072,AGADIR_r002560_c003072_Y2022_M05_N00934,agadir|AGADIR_r002560_c003072,agadir|AGADIR_r002560_c003072_Y2022_M05_N00934,SG_0043,2560,3072,2022,5,322,4.04,17.67,1.0,train,11,7.588000000000004,2,"[5,8)",322,322
train,Agadir,AGADIR_r002560_c003072,AGADIR_r002560_c003072_Y2022_M06_N00935,agadir|AGADIR_r002560_c003072,agadir|AGADIR_r002560_c003072_Y2022_M06_N00935,SG_0043,2560,3072,2022,6,322,4.04,17.67,1.0,train,12,7.588000000000004,2,"[5,8)",322,322
train,Agadir,AGADIR_r002560_c003072,AGADIR_r002560_c003072_Y2022_M07_N00936,agadir|AGADIR_r002560_c003072,agadir|AGADIR_r002560_c003072_Y2022_M07_N00936,SG_0043,2560,3072,2022,7,322,4.04,17.67,1.0,train,13,7.588000000000004,2,"[5,8)",322,322
train,Agadir,AGADIR_r002560_c003072,AGADIR_r002560_c003072_Y2022_M08_N00937,agadir|AGADIR_r002560_c003072,agadir|AGADIR_r002560_c003072_Y2022_M08_N00937,SG_0043,2560,3072,2022,8,322,4.04,17.67,1.0,train,14,7.588000000000004,2,"[5,8)",322,322
train,Agadir,AGADIR_r002560_c003072,AGADIR_r002560_c003072_Y2022_M09_N00938,agadir|AGADIR_r002560_c003072,agadir|AGADIR_r002560_c003072_Y2022_M09_N00938,SG_0043,2560,3072,2022,9,103,4.47,14.76,0.9997406005859376,train,15,8.427999999999999,3,"[8,10)",103,103
train,Agadir,AGADIR_r002560_c003072,AGADIR_r002560_c003072_Y2024_M07_N00939,agadir|AGADIR_r002560_c003072,agadir|AGADIR_r002560_c003072_Y2024_M07_N00939,SG_0043,2560,3072,2024,7,26,4.55,16.93,1.0,train,16,9.815,3,"[8,10)",26,26
train,Agadir,AGADIR_r002560_c003072,AGADIR_r002560_c003072_Y2024_M08_N00940,agadir|AGADIR_r002560_c003072,agadir|AGADIR_r002560_c003072_Y2024_M08_N00940,SG_0043,2560,3072,2024,8,26,4.55,16.93,1.0,train,17,9.815,3,"[8,10)",26,26
train,Agadir,AGADIR_r002560_c003072,AGADIR_r002560_c003072_Y2024_M09_N00941,agadir|AGADIR_r002560_c003072,agadir|AGADIR_r002560_c003072_Y2024_M09_N00941,SG_0043,2560,3072,2024,9,26,4.55,16.93,1.0,train,18,9.815,3,"[8,10)",26,26
train,Agadir,AGADIR_r002560_c003072,AGADIR_r002560_c003072_Y2025_M05_N00942,agadir|AGADIR_r002560_c003072,agadir|AGADIR_r002560_c003072_Y2025_M05_N00942,SG_0043,2560,3072,2025,5,26,4.55,16.93,1.0,train,19,9.815,3,"[8,10)",26,26
test,Agadir,AGADIR_r002560_c003584,AGADIR_r002560_c003584_Y2019_M05_N00943,agadir|AGADIR_r002560_c003584,agadir|AGADIR_r002560_c003584_Y2019_M05_N00943,SG_0044,2560,3584,2019,5,250,3.7,18.54,0.9999139054928295,train,20,6.583,2,"[5,8)",250,250
test,Agadir,AGADIR_r002560_c003584,AGADIR_r002560_c003584_Y2019_M06_N00944,agadir|AGADIR_r002560_c003584,agadir|AGADIR_r002560_c003584_Y2019_M06_N00944,SG_0044,2560,3584,2019,6,250,3.7,18.54,0.9999139054928295,train,21,6.583,2,"[5,8)",250,250
test,Agadir,AGADIR_r002560_c003584,AGADIR_r002560_c003584_Y2019_M07_N00945,agadir|AGADIR_r002560_c003584,agadir|AGADIR_r002560_c003584_Y2019_M07_N00945,SG_0044,2560,3584,2019,7,250,3.7,18.54,0.9999139054928295,train,22,6.583,2,"[5,8)",250,250
test,Agadir,AGADIR_r002560_c003584,AGADIR_r002560_c003584_Y2019_M08_N00946,agadir|AGADIR_r002560_c003584,agadir|AGADIR_r002560_c003584_Y2019_M08_N00946,SG_0044,2560,3584,2019,8,512,3.53,18.54,0.9999139054928295,train,23,5.8930000000000025,2,"[5,8)",512,512
test,Agadir,AGADIR_r002560_c003584,AGADIR_r002560_c003584_Y2019_M09_N00947,agadir|AGADIR_r002560_c003584,agadir|AGADIR_r002560_c003584_Y2019_M09_N00947,SG_0044,2560,3584,2019,9,512,3.53,18.54,0.9999139054928295,train,24,5.8930000000000025,2,"[5,8)",512,512
test,Agadir,AGADIR_r002560_c003584,AGADIR_r002560_c003584_Y2020_M05_N00948,agadir|AGADIR_r002560_c003584,agadir|AGADIR_r002560_c003584_Y2020_M05_N00948,SG_0044,2560,3584,2020,5,512,3.21,12.45,0.9999139054928295,train,25,5.008000000000001,2,"[5,8)",512,512
test,Agadir,AGADIR_r002560_c003584,AGADIR_r002560_c003584_Y2020_M06_N00949,agadir|AGADIR_r002560_c003584,agadir|AGADIR_r002560_c003584_Y2020_M06_N00949,SG_0044,2560,3584,2020,6,512,3.21,12.45,0.9999139054928295,train,26,5.008000000000001,2,"[5,8)",512,512
test,Agadir,AGADIR_r002560_c003584,AGADIR_r002560_c003584_Y2020_M07_N00950,agadir|AGADIR_r002560_c003584,agadir|AGADIR_r002560_c003584_Y2020_M07_N00950,SG_0044,2560,3584,2020,7,371,3.09,12.45,0.9999139054928295,train,27,5.29,2,"[5,8)",371,371
test,Agadir,AGADIR_r002560_c003584,AGADIR_r002560_c003584_Y2020_M08_N00951,agadir|AGADIR_r002560_c003584,agadir|AGADIR_r002560_c003584_Y2020_M08_N00951,SG_0044,2560,3584,2020,8,371,3.09,12.45,0.9999139054928295,train,28,5.29,2,"[5,8)",371,371
test,Agadir,AGADIR_r002560_c003584,AGADIR_r002560_c003584_Y2020_M09_N00952,agadir|AGADIR_r002560_c003584,agadir|AGADIR_r002560_c003584_Y2020_M09_N00952,SG_0044,2560,3584,2020,9,371,3.09,12.45,0.9999139054928295,train,29,5.29,2,"[5,8)",371,371
test,Agadir,AGADIR_r002560_c003584,AGADIR_r002560_c003584_Y2021_M05_N00953,agadir|AGADIR_r002560_c003584,agadir|AGADIR_r002560_c003584_Y2021_M05_N00953,SG_0044,2560,3584,2021,5,125,3.36,8.83,0.9999139054928295,train,30,4.994,1,"[2.5,5)",125,125
test,Agadir,AGADIR_r002560_c003584,AGADIR_r002560_c003584_Y2021_M06_N00954,agadir|AGADIR_r002560_c003584,agadir|AGADIR_r002560_c003584_Y2021_M06_N00954,SG_0044,2560,3584,2021,6,125,3.36,8.83,0.9999139054928295,train,31,4.994,1,"[2.5,5)",125,125
test,Agadir,AGADIR_r002560_c003584,AGADIR_r002560_c003584_Y2021_M07_N00955,agadir|AGADIR_r002560_c003584,agadir|AGADIR_r002560_c003584_Y2021_M07_N00955,SG_0044,2560,3584,2021,7,125,3.36,8.83,0.9999139054928295,train,32,4.994,1,"[2.5,5)",125,125
test,Agadir,AGADIR_r002560_c003584,AGADIR_r002560_c003584_Y2021_M08_N00956,agadir|AGADIR_r002560_c003584,agadir|AGADIR_r002560_c003584_Y2021_M08_N00956,SG_0044,2560,3584,2021,8,125,3.36,8.83,0.9999139054928295,train,33,4.994,1,"[2.5,5)",125,125
test,Agadir,AGADIR_r002560_c003584,AGADIR_r002560_c003584_Y2021_M09_N00957,agadir|AGADIR_r002560_c003584,agadir|AGADIR_r002560_c003584_Y2021_M09_N00957,SG_0044,2560,3584,2021,9,125,3.36,8.83,0.9999139054928295,train,34,4.994,1,"[2.5,5)",125,125
test,Agadir,AGADIR_r002560_c003584,AGADIR_r002560_c003584_Y2022_M05_N00958,agadir|AGADIR_r002560_c003584,agadir|AGADIR_r002560_c003584_Y2022_M05_N00958,SG_0044,2560,3584,2022,5,468,3.54,11.07,0.9999139054928295,train,35,5.572,2,"[5,8)",468,468
test,Agadir,AGADIR_r002560_c003584,AGADIR_r002560_c003584_Y2022_M06_N00959,agadir|AGADIR_r002560_c003584,agadir|AGADIR_r002560_c003584_Y2022_M06_N00959,SG_0044,2560,3584,2022,6,468,3.54,11.07,0.9999139054928295,train,36,5.572,2,"[5,8)",468,468
test,Agadir,AGADIR_r002560_c003584,AGADIR_r002560_c003584_Y2022_M07_N00960,agadir|AGADIR_r002560_c003584,agadir|AGADIR_r002560_c003584_Y2022_M07_N00960,SG_0044,2560,3584,2022,7,512,3.51,11.07,0.9999139054928295,train,37,5.547000000000001,2,"[5,8)",512,512
test,Agadir,AGADIR_r002560_c003584,AGADIR_r002560_c003584_Y2022_M08_N00961,agadir|AGADIR_r002560_c003584,agadir|AGADIR_r002560_c003584_Y2022_M08_N00961,SG_0044,2560,3584,2022,8,512,3.51,11.07,0.9999139054928295,train,38,5.547000000000001,2,"[5,8)",512,512
test,Agadir,AGADIR_r002560_c003584,AGADIR_r002560_c003584_Y2022_M09_N00962,agadir|AGADIR_r002560_c003584,agadir|AGADIR_r002560_c003584_Y2022_M09_N00962,SG_0044,2560,3584,2022,9,512,3.51,11.07,0.9999139054928295,train,39,5.547000000000001,2,"[5,8)",512,512
test,Agadir,AGADIR_r002560_c003584,AGADIR_r002560_c003584_Y2023_M05_N00963,agadir|AGADIR_r002560_c003584,agadir|AGADIR_r002560_c003584_Y2023_M05_N00963,SG_0044,2560,3584,2023,5,71,3.06,7.22,0.9999139054928295,train,40,4.86,1,"[2.5,5)",71,71
test,Agadir,AGADIR_r002560_c003584,AGADIR_r002560_c003584_Y2024_M07_N00964,agadir|AGADIR_r002560_c003584,agadir|AGADIR_r002560_c003584_Y2024_M07_N00964,SG_0044,2560,3584,2024,7,148,3.46,11.65,0.9999139054928295,train,41,6.531000000000001,2,"[5,8)",148,148
test,Agadir,AGADIR_r002560_c003584,AGADIR_r002560_c003584_Y2024_M08_N00965,agadir|AGADIR_r002560_c003584,agadir|AGADIR_r002560_c003584_Y2024_M08_N00965,SG_0044,2560,3584,2024,8,166,3.46,11.65,0.9999139054928295,train,42,5.965,2,"[5,8)",166,166
test,Agadir,AGADIR_r002560_c003584,AGADIR_r002560_c003584_Y2024_M09_N00966,agadir|AGADIR_r002560_c003584,agadir|AGADIR_r002560_c003584_Y2024_M09_N00966,SG_0044,2560,3584,2024,9,166,3.46,11.65,0.9999139054928295,train,43,5.965,2,"[5,8)",166,166
test,Agadir,AGADIR_r002560_c003584,AGADIR_r002560_c003584_Y2025_M05_N00967,agadir|AGADIR_r002560_c003584,agadir|AGADIR_r002560_c003584_Y2025_M05_N00967,SG_0044,2560,3584,2025,5,166,3.46,11.65,0.9999139054928295,train,44,5.965,2,"[5,8)",166,166
test,Agadir,AGADIR_r002560_c003584,AGADIR_r002560_c003584_Y2025_M06_N00968,agadir|AGADIR_r002560_c003584,agadir|AGADIR_r002560_c003584_Y2025_M06_N00968,SG_0044,2560,3584,2025,6,18,3.3000002,6.09,0.9882214514713962,train,45,5.247000000000001,2,"[5,8)",18,18
train,Agadir,AGADIR_r002560_c004608,AGADIR_r002560_c004608_Y2019_M05_N00969,agadir|AGADIR_r002560_c004608,agadir|AGADIR_r002560_c004608_Y2019_M05_N00969,SG_0046,2560,4608,2019,5,22,3.95,8.16,0.9988974641675854,train,46,5.422,2,"[5,8)",22,22
train,Agadir,AGADIR_r002560_c004608,AGADIR_r002560_c004608_Y2019_M06_N00970,agadir|AGADIR_r002560_c004608,agadir|AGADIR_r002560_c004608_Y2019_M06_N00970,SG_0046,2560,4608,2019,6,22,3.95,8.16,0.9988974641675854,train,47,5.422,2,"[5,8)",22,22
train,Agadir,AGADIR_r002560_c004608,AGADIR_r002560_c004608_Y2019_M07_N00971,agadir|AGADIR_r002560_c004608,agadir|AGADIR_r002560_c004608_Y2019_M07_N00971,SG_0046,2560,4608,2019,7,22,3.95,8.16,0.9988974641675854,train,48,5.422,2,"[5,8)",22,22
train,Agadir,AGADIR_r002560_c004608,AGADIR_r002560_c004608_Y2019_M08_N00972,agadir|AGADIR_r002560_c004608,agadir|AGADIR_r002560_c004608_Y2019_M08_N00972,SG_0046,2560,4608,2019,8,22,3.95,8.16,0.9988974641675854,train,49,5.422,2,"[5,8)",22,22
train,Agadir,AGADIR_r002560_c004608,AGADIR_r002560_c004608_Y2019_M09_N00973,agadir|AGADIR_r002560_c004608,agadir|AGADIR_r002560_c004608_Y2019_M09_N00973,SG_0046,2560,4608,2019,9,22,3.95,8.16,0.9988974641675854,train,50,5.422,2,"[5,8)",22,22
train,Agadir,AGADIR_r002560_c004608,AGADIR_r002560_c004608_Y2021_M05_N00974,agadir|AGADIR_r002560_c004608,agadir|AGADIR_r002560_c004608_Y2021_M05_N00974,SG_0046,2560,4608,2021,5,24,3.96,15.5,0.9988974641675854,train,51,7.799999999999999,2,"[5,8)",24,24
train,Agadir,AGADIR_r002560_c004608,AGADIR_r002560_c004608_Y2021_M06_N00975,agadir|AGADIR_r002560_c004608,agadir|AGADIR_r002560_c004608_Y2021_M06_N00975,SG_0046,2560,4608,2021,6,24,3.96,15.5,0.9988974641675854,train,52,7.799999999999999,2,"[5,8)",24,24
train,Agadir,AGADIR_r002560_c004608,AGADIR_r002560_c004608_Y2021_M07_N00976,agadir|AGADIR_r002560_c004608,agadir|AGADIR_r002560_c004608_Y2021_M07_N00976,SG_0046,2560,4608,2021,7,24,3.96,15.5,0.9988974641675854,train,53,7.799999999999999,2,"[5,8)",24,24
train,Agadir,AGADIR_r002560_c004608,AGADIR_r002560_c004608_Y2021_M08_N00977,agadir|AGADIR_r002560_c004608,agadir|AGADIR_r002560_c004608_Y2021_M08_N00977,SG_0046,2560,4608,2021,8,24,3.96,15.5,0.9988974641675854,train,54,7.799999999999999,2,"[5,8)",24,24
train,Agadir,AGADIR_r002560_c004608,AGADIR_r002560_c004608_Y2021_M09_N00978,agadir|AGADIR_r002560_c004608,agadir|AGADIR_r002560_c004608_Y2021_M09_N00978,SG_0046,2560,4608,2021,9,24,3.96,15.5,0.9988974641675854,train,55,7.799999999999999,2,"[5,8)",24,24
train,Agadir,AGADIR_r002560_c004608,AGADIR_r002560_c004608_Y2022_M07_N00979,agadir|AGADIR_r002560_c004608,agadir|AGADIR_r002560_c004608_Y2022_M07_N00979,SG_0046,2560,4608,2022,7,23,4.26,7.44,0.9988974641675854,train,56,6.048,2,"[5,8)",23,23
train,Agadir,AGADIR_r002560_c004608,AGADIR_r002560_c004608_Y2022_M08_N00980,agadir|AGADIR_r002560_c004608,agadir|AGADIR_r002560_c004608_Y2022_M08_N00980,SG_0046,2560,4608,2022,8,23,4.26,7.44,0.9988974641675854,train,57,6.048,2,"[5,8)",23,23
train,Agadir,AGADIR_r002560_c004608,AGADIR_r002560_c004608_Y2022_M09_N00981,agadir|AGADIR_r002560_c004608,agadir|AGADIR_r002560_c004608_Y2022_M09_N00981,SG_0046,2560,4608,2022,9,23,4.26,7.44,0.9988974641675854,train,58,6.048,2,"[5,8)",23,23
train,Agadir,AGADIR_r002560_c004608,AGADIR_r002560_c004608_Y2023_M05_N00982,agadir|AGADIR_r002560_c004608,agadir|AGADIR_r002560_c004608_Y2023_M05_N00982,SG_0046,2560,4608,2023,5,23,4.26,7.44,0.9988974641675854,train,59,6.048,2,"[5,8)",23,23
train,Agadir,AGADIR_r002560_c004608,AGADIR_r002560_c004608_Y2024_M07_N00983,agadir|AGADIR_r002560_c004608,agadir|AGADIR_r002560_c004608_Y2024_M07_N00983,SG_0046,2560,4608,2024,7,15,3.32,7.76,0.9988974641675854,train,60,4.48,1,"[2.5,5)",15,15
train,Agadir,AGADIR_r002560_c004608,AGADIR_r002560_c004608_Y2024_M08_N00984,agadir|AGADIR_r002560_c004608,agadir|AGADIR_r002560_c004608_Y2024_M08_N00984,SG_0046,2560,4608,2024,8,45,3.77,19.05,0.9988974641675854,train,61,7.132000000000001,2,"[5,8)",45,45
train,Agadir,AGADIR_r002560_c004608,AGADIR_r002560_c004608_Y2024_M09_N00985,agadir|AGADIR_r002560_c004608,agadir|AGADIR_r002560_c004608_Y2024_M09_N00985,SG_0046,2560,4608,2024,9,45,3.77,19.05,0.9988974641675854,train,62,7.132000000000001,2,"[5,8)",45,45
train,Agadir,AGADIR_r002560_c004608,AGADIR_r002560_c004608_Y2025_M05_N00986,agadir|AGADIR_r002560_c004608,agadir|AGADIR_r002560_c004608_Y2025_M05_N00986,SG_0046,2560,4608,2025,5,45,3.77,19.05,0.9988974641675854,train,63,7.132000000000001,2,"[5,8)",45,45
train,Agadir,AGADIR_r002560_c004608,AGADIR_r002560_c004608_Y2025_M06_N00987,agadir|AGADIR_r002560_c004608,agadir|AGADIR_r002560_c004608_Y2025_M06_N00987,SG_0046,2560,4608,2025,6,30,4.125,19.05,0.9988974641675854,train,0,7.333000000000001,2,"[5,8)",30,30
test,Agadir,AGADIR_r003072_c000000,AGADIR_r003072_c000000_Y2019_M05_N00988,agadir|AGADIR_r003072_c000000,agadir|AGADIR_r003072_c000000_Y2019_M05_N00988,SG_0047,3072,0,2019,5,341,2.24,10.52,0.9997783494953492,train,1,4.12,1,"[2.5,5)",341,341
test,Agadir,AGADIR_r003072_c000000,AGADIR_r003072_c000000_Y2019_M06_N00989,agadir|AGADIR_r003072_c000000,agadir|AGADIR_r003072_c000000_Y2019_M06_N00989,SG_0047,3072,0,2019,6,512,2.28,18.49,0.9997783494953492,train,2,4.49,1,"[2.5,5)",512,512
test,Agadir,AGADIR_r003072_c000000,AGADIR_r003072_c000000_Y2019_M07_N00990,agadir|AGADIR_r003072_c000000,agadir|AGADIR_r003072_c000000_Y2019_M07_N00990,SG_0047,3072,0,2019,7,512,2.28,18.49,0.9997783494953492,train,3,4.49,1,"[2.5,5)",512,512
test,Agadir,AGADIR_r003072_c000000,AGADIR_r003072_c000000_Y2019_M08_N00991,agadir|AGADIR_r003072_c000000,agadir|AGADIR_r003072_c000000_Y2019_M08_N00991,SG_0047,3072,0,2019,8,512,2.28,18.49,0.9997783494953492,train,4,4.49,1,"[2.5,5)",512,512
test,Agadir,AGADIR_r003072_c000000,AGADIR_r003072_c000000_Y2019_M09_N00992,agadir|AGADIR_r003072_c000000,agadir|AGADIR_r003072_c000000_Y2019_M09_N00992,SG_0047,3072,0,2019,9,512,2.28,18.49,0.9997783494953492,train,5,4.49,1,"[2.5,5)",512,512
test,Agadir,AGADIR_r003072_c000000,AGADIR_r003072_c000000_Y2020_M05_N00993,agadir|AGADIR_r003072_c000000,agadir|AGADIR_r003072_c000000_Y2020_M05_N00993,SG_0047,3072,0,2020,5,133,2.75,13.56,0.9997783494953492,train,6,3.414,1,"[2.5,5)",133,133
test,Agadir,AGADIR_r003072_c000000,AGADIR_r003072_c000000_Y2020_M06_N00994,agadir|AGADIR_r003072_c000000,agadir|AGADIR_r003072_c000000_Y2020_M06_N00994,SG_0047,3072,0,2020,6,133,2.75,13.56,0.9997783494953492,train,7,3.414,1,"[2.5,5)",133,133
test,Agadir,AGADIR_r003072_c000000,AGADIR_r003072_c000000_Y2020_M07_N00995,agadir|AGADIR_r003072_c000000,agadir|AGADIR_r003072_c000000_Y2020_M07_N00995,SG_0047,3072,0,2020,7,133,2.75,13.56,0.9997783494953492,train,8,3.414,1,"[2.5,5)",133,133
test,Agadir,AGADIR_r003072_c000000,AGADIR_r003072_c000000_Y2020_M08_N00996,agadir|AGADIR_r003072_c000000,agadir|AGADIR_r003072_c000000_Y2020_M08_N00996,SG_0047,3072,0,2020,8,133,2.75,13.56,0.9997783494953492,train,9,3.414,1,"[2.5,5)",133,133
test,Agadir,AGADIR_r003072_c000000,AGADIR_r003072_c000000_Y2020_M09_N00997,agadir|AGADIR_r003072_c000000,agadir|AGADIR_r003072_c000000_Y2020_M09_N00997,SG_0047,3072,0,2020,9,133,2.75,13.56,0.9997783494953492,train,10,3.414,1,"[2.5,5)",133,133
test,Agadir,AGADIR_r003072_c000000,AGADIR_r003072_c000000_Y2021_M05_N00998,agadir|AGADIR_r003072_c000000,agadir|AGADIR_r003072_c000000_Y2021_M05_N00998,SG_0047,3072,0,2021,5,4,3.1799998,8.84,0.9997783494953492,train,11,7.424000000000001,2,"[5,8)",4,4
test,Agadir,AGADIR_r003072_c000000,AGADIR_r003072_c000000_Y2021_M06_N00999,agadir|AGADIR_r003072_c000000,agadir|AGADIR_r003072_c000000_Y2021_M06_N00999,SG_0047,3072,0,2021,6,4,3.1799998,8.84,0.9997783494953492,train,12,7.424000000000001,2,"[5,8)",4,4
test,Agadir,AGADIR_r003072_c000000,AGADIR_r003072_c000000_Y2021_M07_N01000,agadir|AGADIR_r003072_c000000,agadir|AGADIR_r003072_c000000_Y2021_M07_N01000,SG_0047,3072,0,2021,7,4,3.1799998,8.84,0.9997783494953492,train,13,7.424000000000001,2,"[5,8)",4,4
test,Agadir,AGADIR_r003072_c000000,AGADIR_r003072_c000000_Y2021_M08_N01001,agadir|AGADIR_r003072_c000000,agadir|AGADIR_r003072_c000000_Y2021_M08_N01001,SG_0047,3072,0,2021,8,4,3.1799998,8.84,0.9997783494953492,train,14,7.424000000000001,2,"[5,8)",4,4
test,Agadir,AGADIR_r003072_c000000,AGADIR_r003072_c000000_Y2021_M09_N01002,agadir|AGADIR_r003072_c000000,agadir|AGADIR_r003072_c000000_Y2021_M09_N01002,SG_0047,3072,0,2021,9,4,3.1799998,8.84,0.9997783494953492,train,15,7.424000000000001,2,"[5,8)",4,4
test,Agadir,AGADIR_r003072_c000000,AGADIR_r003072_c000000_Y2022_M05_N01003,agadir|AGADIR_r003072_c000000,agadir|AGADIR_r003072_c000000_Y2022_M05_N01003,SG_0047,3072,0,2022,5,185,2.2,12.61,0.9997783494953492,train,16,3.876,1,"[2.5,5)",185,185
test,Agadir,AGADIR_r003072_c000000,AGADIR_r003072_c000000_Y2022_M06_N01004,agadir|AGADIR_r003072_c000000,agadir|AGADIR_r003072_c000000_Y2022_M06_N01004,SG_0047,3072,0,2022,6,391,2.24,12.61,0.9997783494953492,train,17,4.45,1,"[2.5,5)",391,391
test,Agadir,AGADIR_r003072_c000000,AGADIR_r003072_c000000_Y2022_M07_N01005,agadir|AGADIR_r003072_c000000,agadir|AGADIR_r003072_c000000_Y2022_M07_N01005,SG_0047,3072,0,2022,7,391,2.24,12.61,0.9997783494953492,train,18,4.45,1,"[2.5,5)",391,391
test,Agadir,AGADIR_r003072_c000000,AGADIR_r003072_c000000_Y2022_M08_N01006,agadir|AGADIR_r003072_c000000,agadir|AGADIR_r003072_c000000_Y2022_M08_N01006,SG_0047,3072,0,2022,8,451,2.24,12.61,0.9997783494953492,train,19,4.15,1,"[2.5,5)",451,451
test,Agadir,AGADIR_r003072_c000000,AGADIR_r003072_c000000_Y2022_M09_N01007,agadir|AGADIR_r003072_c000000,agadir|AGADIR_r003072_c000000_Y2022_M09_N01007,SG_0047,3072,0,2022,9,266,2.28,12.19,0.9997783494953492,train,20,4.48,1,"[2.5,5)",266,266
test,Agadir,AGADIR_r003072_c000000,AGADIR_r003072_c000000_Y2023_M05_N01008,agadir|AGADIR_r003072_c000000,agadir|AGADIR_r003072_c000000_Y2023_M05_N01008,SG_0047,3072,0,2023,5,60,2.2,3.85,0.9997783494953492,train,21,2.73,1,"[2.5,5)",60,60
test,Agadir,AGADIR_r003072_c000000,AGADIR_r003072_c000000_Y2023_M06_N01009,agadir|AGADIR_r003072_c000000,agadir|AGADIR_r003072_c000000_Y2023_M06_N01009,SG_0047,3072,0,2023,6,60,2.2,3.85,0.9997783494953492,train,22,2.73,1,"[2.5,5)",60,60
test,Agadir,AGADIR_r003072_c000000,AGADIR_r003072_c000000_Y2024_M05_N01010,agadir|AGADIR_r003072_c000000,agadir|AGADIR_r003072_c000000_Y2024_M05_N01010,SG_0047,3072,0,2024,5,121,2.53,8.64,0.9997783494953492,train,23,4.77,1,"[2.5,5)",121,121
test,Agadir,AGADIR_r003072_c000000,AGADIR_r003072_c000000_Y2024_M06_N01011,agadir|AGADIR_r003072_c000000,agadir|AGADIR_r003072_c000000_Y2024_M06_N01011,SG_0047,3072,0,2024,6,121,2.53,8.64,0.9997783494953492,train,24,4.77,1,"[2.5,5)",121,121
test,Agadir,AGADIR_r003072_c000000,AGADIR_r003072_c000000_Y2024_M07_N01012,agadir|AGADIR_r003072_c000000,agadir|AGADIR_r003072_c000000_Y2024_M07_N01012,SG_0047,3072,0,2024,7,121,2.53,8.64,0.9997783494953492,train,25,4.77,1,"[2.5,5)",121,121
test,Agadir,AGADIR_r003072_c000000,AGADIR_r003072_c000000_Y2024_M08_N01013,agadir|AGADIR_r003072_c000000,agadir|AGADIR_r003072_c000000_Y2024_M08_N01013,SG_0047,3072,0,2024,8,320,2.42,12.7,0.9997783494953492,train,26,4.223000000000001,1,"[2.5,5)",320,320
test,Agadir,AGADIR_r003072_c000000,AGADIR_r003072_c000000_Y2024_M09_N01014,agadir|AGADIR_r003072_c000000,agadir|AGADIR_r003072_c000000_Y2024_M09_N01014,SG_0047,3072,0,2024,9,320,2.42,12.7,0.9997783494953492,train,27,4.223000000000001,1,"[2.5,5)",320,320
test,Agadir,AGADIR_r003072_c000000,AGADIR_r003072_c000000_Y2025_M05_N01015,agadir|AGADIR_r003072_c000000,agadir|AGADIR_r003072_c000000_Y2025_M05_N01015,SG_0047,3072,0,2025,5,199,2.35,12.7,0.9997783494953492,train,28,3.1,1,"[2.5,5)",199,199
test,Agadir,AGADIR_r003072_c000000,AGADIR_r003072_c000000_Y2025_M06_N01016,agadir|AGADIR_r003072_c000000,agadir|AGADIR_r003072_c000000_Y2025_M06_N01016,SG_0047,3072,0,2025,6,199,2.35,12.7,0.9997783494953492,train,29,3.1,1,"[2.5,5)",199,199
train,Agadir,AGADIR_r003072_c000512,AGADIR_r003072_c000512_Y2019_M05_N01017,agadir|AGADIR_r003072_c000512,agadir|AGADIR_r003072_c000512_Y2019_M05_N01017,SG_0048,3072,512,2019,5,93,4.12,12.88,1.0,train,30,8.466,3,"[8,10)",93,93
train,Agadir,AGADIR_r003072_c000512,AGADIR_r003072_c000512_Y2019_M06_N01018,agadir|AGADIR_r003072_c000512,agadir|AGADIR_r003072_c000512_Y2019_M06_N01018,SG_0048,3072,512,2019,6,307,4.04,17.71,1.0,train,31,8.696000000000002,3,"[8,10)",307,307
train,Agadir,AGADIR_r003072_c000512,AGADIR_r003072_c000512_Y2019_M07_N01019,agadir|AGADIR_r003072_c000512,agadir|AGADIR_r003072_c000512_Y2019_M07_N01019,SG_0048,3072,512,2019,7,307,4.04,17.71,1.0,train,32,8.696000000000002,3,"[8,10)",307,307
train,Agadir,AGADIR_r003072_c000512,AGADIR_r003072_c000512_Y2019_M08_N01020,agadir|AGADIR_r003072_c000512,agadir|AGADIR_r003072_c000512_Y2019_M08_N01020,SG_0048,3072,512,2019,8,312,4.02,17.71,1.0,train,33,8.716000000000001,3,"[8,10)",312,312
train,Agadir,AGADIR_r003072_c000512,AGADIR_r003072_c000512_Y2019_M09_N01021,agadir|AGADIR_r003072_c000512,agadir|AGADIR_r003072_c000512_Y2019_M09_N01021,SG_0048,3072,512,2019,9,312,4.02,17.71,0.9998550415039062,train,34,8.716000000000001,3,"[8,10)",312,312
train,Agadir,AGADIR_r003072_c000512,AGADIR_r003072_c000512_Y2020_M05_N01022,agadir|AGADIR_r003072_c000512,agadir|AGADIR_r003072_c000512_Y2020_M05_N01022,SG_0048,3072,512,2020,5,5,3.4,10.66,1.0,train,35,8.280000000000001,3,"[8,10)",5,5
train,Agadir,AGADIR_r003072_c000512,AGADIR_r003072_c000512_Y2020_M06_N01023,agadir|AGADIR_r003072_c000512,agadir|AGADIR_r003072_c000512_Y2020_M06_N01023,SG_0048,3072,512,2020,6,5,3.4,10.66,1.0,train,36,8.280000000000001,3,"[8,10)",5,5
train,Agadir,AGADIR_r003072_c000512,AGADIR_r003072_c000512_Y2021_M05_N01024,agadir|AGADIR_r003072_c000512,agadir|AGADIR_r003072_c000512_Y2021_M05_N01024,SG_0048,3072,512,2021,5,3,4.45,5.99,1.0,train,37,5.682,2,"[5,8)",3,3
train,Agadir,AGADIR_r003072_c000512,AGADIR_r003072_c000512_Y2021_M06_N01025,agadir|AGADIR_r003072_c000512,agadir|AGADIR_r003072_c000512_Y2021_M06_N01025,SG_0048,3072,512,2021,6,3,4.45,5.99,1.0,train,38,5.682,2,"[5,8)",3,3
train,Agadir,AGADIR_r003072_c000512,AGADIR_r003072_c000512_Y2021_M07_N01026,agadir|AGADIR_r003072_c000512,agadir|AGADIR_r003072_c000512_Y2021_M07_N01026,SG_0048,3072,512,2021,7,3,4.45,5.99,1.0,train,39,5.682,2,"[5,8)",3,3
train,Agadir,AGADIR_r003072_c000512,AGADIR_r003072_c000512_Y2021_M08_N01027,agadir|AGADIR_r003072_c000512,agadir|AGADIR_r003072_c000512_Y2021_M08_N01027,SG_0048,3072,512,2021,8,3,4.45,5.99,1.0,train,40,5.682,2,"[5,8)",3,3
train,Agadir,AGADIR_r003072_c000512,AGADIR_r003072_c000512_Y2021_M09_N01028,agadir|AGADIR_r003072_c000512,agadir|AGADIR_r003072_c000512_Y2021_M09_N01028,SG_0048,3072,512,2021,9,3,4.45,5.99,0.99957275390625,train,41,5.682,2,"[5,8)",3,3
train,Agadir,AGADIR_r003072_c000512,AGADIR_r003072_c000512_Y2022_M05_N01029,agadir|AGADIR_r003072_c000512,agadir|AGADIR_r003072_c000512_Y2022_M05_N01029,SG_0048,3072,512,2022,5,238,4.315,18.35,1.0,train,42,8.877,3,"[8,10)",238,238
train,Agadir,AGADIR_r003072_c000512,AGADIR_r003072_c000512_Y2022_M06_N01030,agadir|AGADIR_r003072_c000512,agadir|AGADIR_r003072_c000512_Y2022_M06_N01030,SG_0048,3072,512,2022,6,299,4.19,18.35,1.0,train,43,8.94,3,"[8,10)",299,299
train,Agadir,AGADIR_r003072_c000512,AGADIR_r003072_c000512_Y2022_M07_N01031,agadir|AGADIR_r003072_c000512,agadir|AGADIR_r003072_c000512_Y2022_M07_N01031,SG_0048,3072,512,2022,7,299,4.19,18.35,1.0,train,44,8.94,3,"[8,10)",299,299
train,Agadir,AGADIR_r003072_c000512,AGADIR_r003072_c000512_Y2022_M08_N01032,agadir|AGADIR_r003072_c000512,agadir|AGADIR_r003072_c000512_Y2022_M08_N01032,SG_0048,3072,512,2022,8,512,4.34,18.35,1.0,train,45,8.94,3,"[8,10)",512,512
train,Agadir,AGADIR_r003072_c000512,AGADIR_r003072_c000512_Y2022_M09_N01033,agadir|AGADIR_r003072_c000512,agadir|AGADIR_r003072_c000512_Y2022_M09_N01033,SG_0048,3072,512,2022,9,395,4.38,18.35,0.9999237060546876,train,46,9.126,3,"[8,10)",395,395
train,Agadir,AGADIR_r003072_c000512,AGADIR_r003072_c000512_Y2023_M05_N01034,agadir|AGADIR_r003072_c000512,agadir|AGADIR_r003072_c000512_Y2023_M05_N01034,SG_0048,3072,512,2023,5,227,4.45,18.04,1.0,train,47,8.950000000000003,3,"[8,10)",227,227
train,Agadir,AGADIR_r003072_c000512,AGADIR_r003072_c000512_Y2023_M06_N01035,agadir|AGADIR_r003072_c000512,agadir|AGADIR_r003072_c000512_Y2023_M06_N01035,SG_0048,3072,512,2023,6,227,4.45,18.04,1.0,train,48,8.950000000000003,3,"[8,10)",227,227
train,Agadir,AGADIR_r003072_c000512,AGADIR_r003072_c000512_Y2024_M05_N01036,agadir|AGADIR_r003072_c000512,agadir|AGADIR_r003072_c000512_Y2024_M05_N01036,SG_0048,3072,512,2024,5,68,3.9850001,9.36,1.0,train,49,6.593,2,"[5,8)",68,68
train,Agadir,AGADIR_r003072_c000512,AGADIR_r003072_c000512_Y2024_M06_N01037,agadir|AGADIR_r003072_c000512,agadir|AGADIR_r003072_c000512_Y2024_M06_N01037,SG_0048,3072,512,2024,6,68,3.9850001,9.36,1.0,train,50,6.593,2,"[5,8)",68,68
train,Agadir,AGADIR_r003072_c000512,AGADIR_r003072_c000512_Y2024_M07_N01038,agadir|AGADIR_r003072_c000512,agadir|AGADIR_r003072_c000512_Y2024_M07_N01038,SG_0048,3072,512,2024,7,68,3.9850001,9.36,1.0,train,51,6.593,2,"[5,8)",68,68
train,Agadir,AGADIR_r003072_c000512,AGADIR_r003072_c000512_Y2024_M08_N01039,agadir|AGADIR_r003072_c000512,agadir|AGADIR_r003072_c000512_Y2024_M08_N01039,SG_0048,3072,512,2024,8,321,4.29,17.98,1.0,train,52,7.45,2,"[5,8)",321,321
train,Agadir,AGADIR_r003072_c000512,AGADIR_r003072_c000512_Y2024_M09_N01040,agadir|AGADIR_r003072_c000512,agadir|AGADIR_r003072_c000512_Y2024_M09_N01040,SG_0048,3072,512,2024,9,321,4.29,17.98,1.0,train,53,7.45,2,"[5,8)",321,321
train,Agadir,AGADIR_r003072_c000512,AGADIR_r003072_c000512_Y2025_M05_N01041,agadir|AGADIR_r003072_c000512,agadir|AGADIR_r003072_c000512_Y2025_M05_N01041,SG_0048,3072,512,2025,5,253,4.4,17.98,1.0,train,54,7.96,2,"[5,8)",253,253
train,Agadir,AGADIR_r003072_c000512,AGADIR_r003072_c000512_Y2025_M06_N01042,agadir|AGADIR_r003072_c000512,agadir|AGADIR_r003072_c000512_Y2025_M06_N01042,SG_0048,3072,512,2025,6,253,4.4,17.98,1.0,train,55,7.96,2,"[5,8)",253,253
test,Agadir,AGADIR_r003072_c001024,AGADIR_r003072_c001024_Y2019_M06_N01043,agadir|AGADIR_r003072_c001024,agadir|AGADIR_r003072_c001024_Y2019_M06_N01043,SG_0049,3072,1024,2019,6,429,3.4,19.81,1.0,train,56,5.91,2,"[5,8)",429,429
test,Agadir,AGADIR_r003072_c001024,AGADIR_r003072_c001024_Y2019_M07_N01044,agadir|AGADIR_r003072_c001024,agadir|AGADIR_r003072_c001024_Y2019_M07_N01044,SG_0049,3072,1024,2019,7,429,3.4,19.81,1.0,train,57,5.91,2,"[5,8)",429,429
test,Agadir,AGADIR_r003072_c001024,AGADIR_r003072_c001024_Y2019_M08_N01045,agadir|AGADIR_r003072_c001024,agadir|AGADIR_r003072_c001024_Y2019_M08_N01045,SG_0049,3072,1024,2019,8,512,3.36,19.81,1.0,train,58,5.9060000000000015,2,"[5,8)",512,512
test,Agadir,AGADIR_r003072_c001024,AGADIR_r003072_c001024_Y2019_M09_N01046,agadir|AGADIR_r003072_c001024,agadir|AGADIR_r003072_c001024_Y2019_M09_N01046,SG_0049,3072,1024,2019,9,512,3.36,19.81,1.0,train,59,5.9060000000000015,2,"[5,8)",512,512
test,Agadir,AGADIR_r003072_c001024,AGADIR_r003072_c001024_Y2020_M05_N01047,agadir|AGADIR_r003072_c001024,agadir|AGADIR_r003072_c001024_Y2020_M05_N01047,SG_0049,3072,1024,2020,5,388,3.59,10.81,1.0,train,60,5.545000000000002,2,"[5,8)",388,388
test,Agadir,AGADIR_r003072_c001024,AGADIR_r003072_c001024_Y2020_M06_N01048,agadir|AGADIR_r003072_c001024,agadir|AGADIR_r003072_c001024_Y2020_M06_N01048,SG_0049,3072,1024,2020,6,388,3.59,10.81,1.0,train,61,5.545000000000002,2,"[5,8)",388,388
test,Agadir,AGADIR_r003072_c001024,AGADIR_r003072_c001024_Y2020_M07_N01049,agadir|AGADIR_r003072_c001024,agadir|AGADIR_r003072_c001024_Y2020_M07_N01049,SG_0049,3072,1024,2020,7,229,3.7,7.78,1.0,train,62,5.774000000000001,2,"[5,8)",229,229
test,Agadir,AGADIR_r003072_c001024,AGADIR_r003072_c001024_Y2020_M08_N01050,agadir|AGADIR_r003072_c001024,agadir|AGADIR_r003072_c001024_Y2020_M08_N01050,SG_0049,3072,1024,2020,8,229,3.7,7.78,1.0,train,63,5.774000000000001,2,"[5,8)",229,229
test,Agadir,AGADIR_r003072_c001024,AGADIR_r003072_c001024_Y2020_M09_N01051,agadir|AGADIR_r003072_c001024,agadir|AGADIR_r003072_c001024_Y2020_M09_N01051,SG_0049,3072,1024,2020,9,229,3.7,7.78,1.0,train,0,5.774000000000001,2,"[5,8)",229,229
test,Agadir,AGADIR_r003072_c001024,AGADIR_r003072_c001024_Y2022_M05_N01052,agadir|AGADIR_r003072_c001024,agadir|AGADIR_r003072_c001024_Y2022_M05_N01052,SG_0049,3072,1024,2022,5,512,3.7,19.28,1.0,train,1,7.17,2,"[5,8)",512,512
test,Agadir,AGADIR_r003072_c001024,AGADIR_r003072_c001024_Y2022_M06_N01053,agadir|AGADIR_r003072_c001024,agadir|AGADIR_r003072_c001024_Y2022_M06_N01053,SG_0049,3072,1024,2022,6,512,3.69,19.28,1.0,train,2,7.017,2,"[5,8)",512,512
test,Agadir,AGADIR_r003072_c001024,AGADIR_r003072_c001024_Y2022_M07_N01054,agadir|AGADIR_r003072_c001024,agadir|AGADIR_r003072_c001024_Y2022_M07_N01054,SG_0049,3072,1024,2022,7,512,3.69,19.28,1.0,train,3,7.017,2,"[5,8)",512,512
test,Agadir,AGADIR_r003072_c001024,AGADIR_r003072_c001024_Y2022_M08_N01055,agadir|AGADIR_r003072_c001024,agadir|AGADIR_r003072_c001024_Y2022_M08_N01055,SG_0049,3072,1024,2022,8,512,3.69,19.28,1.0,train,4,7.017,2,"[5,8)",512,512
test,Agadir,AGADIR_r003072_c001024,AGADIR_r003072_c001024_Y2022_M09_N01056,agadir|AGADIR_r003072_c001024,agadir|AGADIR_r003072_c001024_Y2022_M09_N01056,SG_0049,3072,1024,2022,9,512,3.8249998,19.06,1.0,train,5,6.947000000000001,2,"[5,8)",512,512
test,Agadir,AGADIR_r003072_c001024,AGADIR_r003072_c001024_Y2023_M05_N01057,agadir|AGADIR_r003072_c001024,agadir|AGADIR_r003072_c001024_Y2023_M05_N01057,SG_0049,3072,1024,2023,5,235,3.81,18.72,1.0,train,6,6.32,2,"[5,8)",235,235
test,Agadir,AGADIR_r003072_c001024,AGADIR_r003072_c001024_Y2023_M06_N01058,agadir|AGADIR_r003072_c001024,agadir|AGADIR_r003072_c001024_Y2023_M06_N01058,SG_0049,3072,1024,2023,6,235,3.81,18.72,1.0,train,7,6.32,2,"[5,8)",235,235
test,Agadir,AGADIR_r003072_c001024,AGADIR_r003072_c001024_Y2024_M05_N01059,agadir|AGADIR_r003072_c001024,agadir|AGADIR_r003072_c001024_Y2024_M05_N01059,SG_0049,3072,1024,2024,5,218,3.28,7.36,1.0,train,8,5.11,2,"[5,8)",218,218
test,Agadir,AGADIR_r003072_c001024,AGADIR_r003072_c001024_Y2024_M06_N01060,agadir|AGADIR_r003072_c001024,agadir|AGADIR_r003072_c001024_Y2024_M06_N01060,SG_0049,3072,1024,2024,6,218,3.28,7.36,1.0,train,9,5.11,2,"[5,8)",218,218
test,Agadir,AGADIR_r003072_c001024,AGADIR_r003072_c001024_Y2024_M07_N01061,agadir|AGADIR_r003072_c001024,agadir|AGADIR_r003072_c001024_Y2024_M07_N01061,SG_0049,3072,1024,2024,7,218,3.28,7.36,1.0,train,10,5.11,2,"[5,8)",218,218
test,Agadir,AGADIR_r003072_c001024,AGADIR_r003072_c001024_Y2024_M08_N01062,agadir|AGADIR_r003072_c001024,agadir|AGADIR_r003072_c001024_Y2024_M08_N01062,SG_0049,3072,1024,2024,8,288,3.43,12.89,1.0,train,11,5.783,2,"[5,8)",288,288
test,Agadir,AGADIR_r003072_c001024,AGADIR_r003072_c001024_Y2024_M09_N01063,agadir|AGADIR_r003072_c001024,agadir|AGADIR_r003072_c001024_Y2024_M09_N01063,SG_0049,3072,1024,2024,9,288,3.43,12.89,1.0,train,12,5.783,2,"[5,8)",288,288
test,Agadir,AGADIR_r003072_c001024,AGADIR_r003072_c001024_Y2025_M05_N01064,agadir|AGADIR_r003072_c001024,agadir|AGADIR_r003072_c001024_Y2025_M05_N01064,SG_0049,3072,1024,2025,5,70,4.165,12.89,1.0,train,13,7.631,2,"[5,8)",70,70
test,Agadir,AGADIR_r003072_c001024,AGADIR_r003072_c001024_Y2025_M06_N01065,agadir|AGADIR_r003072_c001024,agadir|AGADIR_r003072_c001024_Y2025_M06_N01065,SG_0049,3072,1024,2025,6,70,4.165,12.89,1.0,train,14,7.631,2,"[5,8)",70,70
train,Agadir,AGADIR_r003072_c002048,AGADIR_r003072_c002048_Y2019_M05_N01066,agadir|AGADIR_r003072_c002048,agadir|AGADIR_r003072_c002048_Y2019_M05_N01066,SG_0051,3072,2048,2019,5,512,3.17,10.05,1.0,train,15,4.67,1,"[2.5,5)",512,512
train,Agadir,AGADIR_r003072_c002048,AGADIR_r003072_c002048_Y2019_M06_N01067,agadir|AGADIR_r003072_c002048,agadir|AGADIR_r003072_c002048_Y2019_M06_N01067,SG_0051,3072,2048,2019,6,512,3.17,10.05,1.0,train,16,4.67,1,"[2.5,5)",512,512
train,Agadir,AGADIR_r003072_c002048,AGADIR_r003072_c002048_Y2019_M07_N01068,agadir|AGADIR_r003072_c002048,agadir|AGADIR_r003072_c002048_Y2019_M07_N01068,SG_0051,3072,2048,2019,7,512,3.17,10.05,1.0,train,17,4.67,1,"[2.5,5)",512,512
train,Agadir,AGADIR_r003072_c002048,AGADIR_r003072_c002048_Y2019_M08_N01069,agadir|AGADIR_r003072_c002048,agadir|AGADIR_r003072_c002048_Y2019_M08_N01069,SG_0051,3072,2048,2019,8,512,3.17,10.05,1.0,train,18,4.67,1,"[2.5,5)",512,512
train,Agadir,AGADIR_r003072_c002048,AGADIR_r003072_c002048_Y2019_M09_N01070,agadir|AGADIR_r003072_c002048,agadir|AGADIR_r003072_c002048_Y2019_M09_N01070,SG_0051,3072,2048,2019,9,512,3.21,10.05,1.0,train,19,4.67,1,"[2.5,5)",512,512
train,Agadir,AGADIR_r003072_c002048,AGADIR_r003072_c002048_Y2020_M05_N01071,agadir|AGADIR_r003072_c002048,agadir|AGADIR_r003072_c002048_Y2020_M05_N01071,SG_0051,3072,2048,2020,5,512,3.2150002,9.84,1.0,train,20,5.346000000000001,2,"[5,8)",512,512
train,Agadir,AGADIR_r003072_c002048,AGADIR_r003072_c002048_Y2020_M06_N01072,agadir|AGADIR_r003072_c002048,agadir|AGADIR_r003072_c002048_Y2020_M06_N01072,SG_0051,3072,2048,2020,6,512,3.2150002,9.84,1.0,train,21,5.346000000000001,2,"[5,8)",512,512
train,Agadir,AGADIR_r003072_c002048,AGADIR_r003072_c002048_Y2020_M07_N01073,agadir|AGADIR_r003072_c002048,agadir|AGADIR_r003072_c002048_Y2020_M07_N01073,SG_0051,3072,2048,2020,7,512,3.2150002,9.84,1.0,train,22,5.346000000000001,2,"[5,8)",512,512
train,Agadir,AGADIR_r003072_c002048,AGADIR_r003072_c002048_Y2020_M08_N01074,agadir|AGADIR_r003072_c002048,agadir|AGADIR_r003072_c002048_Y2020_M08_N01074,SG_0051,3072,2048,2020,8,512,3.21,12.84,1.0,train,23,5.456000000000001,2,"[5,8)",512,512
train,Agadir,AGADIR_r003072_c002048,AGADIR_r003072_c002048_Y2020_M09_N01075,agadir|AGADIR_r003072_c002048,agadir|AGADIR_r003072_c002048_Y2020_M09_N01075,SG_0051,3072,2048,2020,9,512,3.21,12.84,1.0,train,24,5.456000000000001,2,"[5,8)",512,512
train,Agadir,AGADIR_r003072_c002048,AGADIR_r003072_c002048_Y2021_M08_N01076,agadir|AGADIR_r003072_c002048,agadir|AGADIR_r003072_c002048_Y2021_M08_N01076,SG_0051,3072,2048,2021,8,19,4.64,7.52,1.0,train,25,7.18,2,"[5,8)",19,19
train,Agadir,AGADIR_r003072_c002048,AGADIR_r003072_c002048_Y2021_M09_N01077,agadir|AGADIR_r003072_c002048,agadir|AGADIR_r003072_c002048_Y2021_M09_N01077,SG_0051,3072,2048,2021,9,19,4.64,7.52,1.0,train,26,7.18,2,"[5,8)",19,19
train,Agadir,AGADIR_r003072_c002048,AGADIR_r003072_c002048_Y2022_M05_N01078,agadir|AGADIR_r003072_c002048,agadir|AGADIR_r003072_c002048_Y2022_M05_N01078,SG_0051,3072,2048,2022,5,309,2.91,13.49,1.0,train,27,5.273999999999999,2,"[5,8)",309,309
train,Agadir,AGADIR_r003072_c002048,AGADIR_r003072_c002048_Y2022_M06_N01079,agadir|AGADIR_r003072_c002048,agadir|AGADIR_r003072_c002048_Y2022_M06_N01079,SG_0051,3072,2048,2022,6,512,3.1,16.85,1.0,train,28,5.28,2,"[5,8)",512,512
train,Agadir,AGADIR_r003072_c002048,AGADIR_r003072_c002048_Y2022_M07_N01080,agadir|AGADIR_r003072_c002048,agadir|AGADIR_r003072_c002048_Y2022_M07_N01080,SG_0051,3072,2048,2022,7,512,3.09,16.85,1.0,train,29,5.198,2,"[5,8)",512,512
train,Agadir,AGADIR_r003072_c002048,AGADIR_r003072_c002048_Y2022_M08_N01081,agadir|AGADIR_r003072_c002048,agadir|AGADIR_r003072_c002048_Y2022_M08_N01081,SG_0051,3072,2048,2022,8,512,3.09,16.85,1.0,train,30,5.198,2,"[5,8)",512,512
train,Agadir,AGADIR_r003072_c002048,AGADIR_r003072_c002048_Y2022_M09_N01082,agadir|AGADIR_r003072_c002048,agadir|AGADIR_r003072_c002048_Y2022_M09_N01082,SG_0051,3072,2048,2022,9,512,3.09,16.85,1.0,train,31,5.198,2,"[5,8)",512,512
train,Agadir,AGADIR_r003072_c002048,AGADIR_r003072_c002048_Y2024_M05_N01083,agadir|AGADIR_r003072_c002048,agadir|AGADIR_r003072_c002048_Y2024_M05_N01083,SG_0051,3072,2048,2024,5,236,3.32,10.0,1.0,train,32,5.105,2,"[5,8)",236,236
train,Agadir,AGADIR_r003072_c002048,AGADIR_r003072_c002048_Y2024_M06_N01084,agadir|AGADIR_r003072_c002048,agadir|AGADIR_r003072_c002048_Y2024_M06_N01084,SG_0051,3072,2048,2024,6,236,3.32,10.0,1.0,train,33,5.105,2,"[5,8)",236,236
train,Agadir,AGADIR_r003072_c002048,AGADIR_r003072_c002048_Y2024_M07_N01085,agadir|AGADIR_r003072_c002048,agadir|AGADIR_r003072_c002048_Y2024_M07_N01085,SG_0051,3072,2048,2024,7,236,3.32,10.0,1.0,train,34,5.105,2,"[5,8)",236,236
train,Agadir,AGADIR_r003072_c002048,AGADIR_r003072_c002048_Y2024_M08_N01086,agadir|AGADIR_r003072_c002048,agadir|AGADIR_r003072_c002048_Y2024_M08_N01086,SG_0051,3072,2048,2024,8,236,3.32,10.0,1.0,train,35,5.105,2,"[5,8)",236,236
train,Agadir,AGADIR_r003072_c002048,AGADIR_r003072_c002048_Y2024_M09_N01087,agadir|AGADIR_r003072_c002048,agadir|AGADIR_r003072_c002048_Y2024_M09_N01087,SG_0051,3072,2048,2024,9,236,3.32,10.0,1.0,train,36,5.105,2,"[5,8)",236,236
val,Agadir,AGADIR_r003072_c003584,AGADIR_r003072_c003584_Y2019_M08_N01088,agadir|AGADIR_r003072_c003584,agadir|AGADIR_r003072_c003584_Y2019_M08_N01088,SG_0054,3072,3584,2019,8,23,4.15,8.57,0.998747236551216,train,37,6.504,2,"[5,8)",23,23
val,Agadir,AGADIR_r003072_c003584,AGADIR_r003072_c003584_Y2019_M09_N01089,agadir|AGADIR_r003072_c003584,agadir|AGADIR_r003072_c003584_Y2019_M09_N01089,SG_0054,3072,3584,2019,9,23,4.15,8.57,0.998747236551216,train,38,6.504,2,"[5,8)",23,23
val,Agadir,AGADIR_r003072_c003584,AGADIR_r003072_c003584_Y2020_M05_N01090,agadir|AGADIR_r003072_c003584,agadir|AGADIR_r003072_c003584_Y2020_M05_N01090,SG_0054,3072,3584,2020,5,23,4.15,8.57,0.998747236551216,train,39,6.504,2,"[5,8)",23,23
val,Agadir,AGADIR_r003072_c003584,AGADIR_r003072_c003584_Y2020_M06_N01091,agadir|AGADIR_r003072_c003584,agadir|AGADIR_r003072_c003584_Y2020_M06_N01091,SG_0054,3072,3584,2020,6,23,4.15,8.57,0.998747236551216,train,40,6.504,2,"[5,8)",23,23
val,Agadir,AGADIR_r003072_c003584,AGADIR_r003072_c003584_Y2022_M05_N01092,agadir|AGADIR_r003072_c003584,agadir|AGADIR_r003072_c003584_Y2022_M05_N01092,SG_0054,3072,3584,2022,5,2,5.015,6.85,0.998747236551216,train,41,6.483,2,"[5,8)",2,2
val,Agadir,AGADIR_r003072_c003584,AGADIR_r003072_c003584_Y2022_M06_N01093,agadir|AGADIR_r003072_c003584,agadir|AGADIR_r003072_c003584_Y2022_M06_N01093,SG_0054,3072,3584,2022,6,2,5.015,6.85,0.998747236551216,train,42,6.483,2,"[5,8)",2,2
val,Agadir,AGADIR_r003072_c003584,AGADIR_r003072_c003584_Y2022_M07_N01094,agadir|AGADIR_r003072_c003584,agadir|AGADIR_r003072_c003584_Y2022_M07_N01094,SG_0054,3072,3584,2022,7,7,3.18,6.85,0.998747236551216,train,43,4.780000000000001,1,"[2.5,5)",7,7
val,Agadir,AGADIR_r003072_c003584,AGADIR_r003072_c003584_Y2022_M08_N01095,agadir|AGADIR_r003072_c003584,agadir|AGADIR_r003072_c003584_Y2022_M08_N01095,SG_0054,3072,3584,2022,8,7,3.18,6.85,0.998747236551216,train,44,4.780000000000001,1,"[2.5,5)",7,7
val,Agadir,AGADIR_r003072_c003584,AGADIR_r003072_c003584_Y2022_M09_N01096,agadir|AGADIR_r003072_c003584,agadir|AGADIR_r003072_c003584_Y2022_M09_N01096,SG_0054,3072,3584,2022,9,5,3.14,3.4,0.998747236551216,train,45,3.324,1,"[2.5,5)",5,5
val,Agadir,AGADIR_r003072_c003584,AGADIR_r003072_c003584_Y2023_M05_N01097,agadir|AGADIR_r003072_c003584,agadir|AGADIR_r003072_c003584_Y2023_M05_N01097,SG_0054,3072,3584,2023,5,5,3.14,3.4,0.998747236551216,train,46,3.324,1,"[2.5,5)",5,5
val,Agadir,AGADIR_r003072_c003584,AGADIR_r003072_c003584_Y2024_M07_N01098,agadir|AGADIR_r003072_c003584,agadir|AGADIR_r003072_c003584_Y2024_M07_N01098,SG_0054,3072,3584,2024,7,16,3.9,6.96,0.998747236551216,train,47,5.505000000000001,2,"[5,8)",16,16
val,Agadir,AGADIR_r003072_c003584,AGADIR_r003072_c003584_Y2024_M08_N01099,agadir|AGADIR_r003072_c003584,agadir|AGADIR_r003072_c003584_Y2024_M08_N01099,SG_0054,3072,3584,2024,8,17,3.9,6.96,0.998747236551216,train,48,5.476000000000001,2,"[5,8)",17,17
val,Agadir,AGADIR_r003072_c003584,AGADIR_r003072_c003584_Y2024_M09_N01100,agadir|AGADIR_r003072_c003584,agadir|AGADIR_r003072_c003584_Y2024_M09_N01100,SG_0054,3072,3584,2024,9,17,3.9,6.96,0.998747236551216,train,49,5.476000000000001,2,"[5,8)",17,17
val,Agadir,AGADIR_r003072_c003584,AGADIR_r003072_c003584_Y2025_M05_N01101,agadir|AGADIR_r003072_c003584,agadir|AGADIR_r003072_c003584_Y2025_M05_N01101,SG_0054,3072,3584,2025,5,17,3.9,6.96,0.998747236551216,train,50,5.476000000000001,2,"[5,8)",17,17
val,Agadir,AGADIR_r003072_c003584,AGADIR_r003072_c003584_Y2025_M06_N01102,agadir|AGADIR_r003072_c003584,agadir|AGADIR_r003072_c003584_Y2025_M06_N01102,SG_0054,3072,3584,2025,6,1,2.39,2.39,0.998747236551216,train,51,2.39,0,"[0,2.5)",1,1
train,Agadir,AGADIR_r003584_c000512,AGADIR_r003584_c000512_Y2019_M05_N01103,agadir|AGADIR_r003584_c000512,agadir|AGADIR_r003584_c000512_Y2019_M05_N01103,SG_0056,3584,512,2019,5,261,4.75,19.92,0.9999472811254264,train,52,10.33,4,"[10,15)",261,261
train,Agadir,AGADIR_r003584_c000512,AGADIR_r003584_c000512_Y2019_M06_N01104,agadir|AGADIR_r003584_c000512,agadir|AGADIR_r003584_c000512_Y2019_M06_N01104,SG_0056,3584,512,2019,6,274,4.62,19.92,0.9999472811254264,train,53,10.33,4,"[10,15)",274,274
train,Agadir,AGADIR_r003584_c000512,AGADIR_r003584_c000512_Y2019_M07_N01105,agadir|AGADIR_r003584_c000512,agadir|AGADIR_r003584_c000512_Y2019_M07_N01105,SG_0056,3584,512,2019,7,274,4.62,19.92,0.9999472811254264,train,54,10.33,4,"[10,15)",274,274
train,Agadir,AGADIR_r003584_c000512,AGADIR_r003584_c000512_Y2019_M08_N01106,agadir|AGADIR_r003584_c000512,agadir|AGADIR_r003584_c000512_Y2019_M08_N01106,SG_0056,3584,512,2019,8,349,4.57,19.92,0.9999472811254264,train,55,10.164,4,"[10,15)",349,349
train,Agadir,AGADIR_r003584_c000512,AGADIR_r003584_c000512_Y2019_M09_N01107,agadir|AGADIR_r003584_c000512,agadir|AGADIR_r003584_c000512_Y2019_M09_N01107,SG_0056,3584,512,2019,9,349,4.57,19.92,0.997497881106772,train,56,10.164,4,"[10,15)",349,349
train,Agadir,AGADIR_r003584_c000512,AGADIR_r003584_c000512_Y2020_M05_N01108,agadir|AGADIR_r003584_c000512,agadir|AGADIR_r003584_c000512_Y2020_M05_N01108,SG_0056,3584,512,2020,5,225,4.37,18.56,0.9999472811254264,train,57,8.774,3,"[8,10)",225,225
train,Agadir,AGADIR_r003584_c000512,AGADIR_r003584_c000512_Y2020_M06_N01109,agadir|AGADIR_r003584_c000512,agadir|AGADIR_r003584_c000512_Y2020_M06_N01109,SG_0056,3584,512,2020,6,225,4.37,18.56,0.9999472811254264,train,58,8.774,3,"[8,10)",225,225
train,Agadir,AGADIR_r003584_c000512,AGADIR_r003584_c000512_Y2020_M07_N01110,agadir|AGADIR_r003584_c000512,agadir|AGADIR_r003584_c000512_Y2020_M07_N01110,SG_0056,3584,512,2020,7,150,4.28,18.56,0.9999472811254264,train,59,8.452999999999998,3,"[8,10)",150,150
train,Agadir,AGADIR_r003584_c000512,AGADIR_r003584_c000512_Y2020_M08_N01111,agadir|AGADIR_r003584_c000512,agadir|AGADIR_r003584_c000512_Y2020_M08_N01111,SG_0056,3584,512,2020,8,150,4.28,18.56,0.9999472811254264,train,60,8.452999999999998,3,"[8,10)",150,150
train,Agadir,AGADIR_r003584_c000512,AGADIR_r003584_c000512_Y2020_M09_N01112,agadir|AGADIR_r003584_c000512,agadir|AGADIR_r003584_c000512_Y2020_M09_N01112,SG_0056,3584,512,2020,9,150,4.28,18.56,0.999683686752558,train,61,8.452999999999998,3,"[8,10)",150,150
train,Agadir,AGADIR_r003584_c000512,AGADIR_r003584_c000512_Y2021_M05_N01113,agadir|AGADIR_r003584_c000512,agadir|AGADIR_r003584_c000512_Y2021_M05_N01113,SG_0056,3584,512,2021,5,117,4.9,17.75,0.9999472811254264,train,62,10.202,4,"[10,15)",117,117
train,Agadir,AGADIR_r003584_c000512,AGADIR_r003584_c000512_Y2021_M06_N01114,agadir|AGADIR_r003584_c000512,agadir|AGADIR_r003584_c000512_Y2021_M06_N01114,SG_0056,3584,512,2021,6,117,4.9,17.75,0.9999472811254264,train,63,10.202,4,"[10,15)",117,117
train,Agadir,AGADIR_r003584_c000512,AGADIR_r003584_c000512_Y2021_M07_N01115,agadir|AGADIR_r003584_c000512,agadir|AGADIR_r003584_c000512_Y2021_M07_N01115,SG_0056,3584,512,2021,7,117,4.9,17.75,0.9999472811254264,train,0,10.202,4,"[10,15)",117,117
train,Agadir,AGADIR_r003584_c000512,AGADIR_r003584_c000512_Y2021_M08_N01116,agadir|AGADIR_r003584_c000512,agadir|AGADIR_r003584_c000512_Y2021_M08_N01116,SG_0056,3584,512,2021,8,117,4.9,17.75,0.9999472811254264,train,1,10.202,4,"[10,15)",117,117
train,Agadir,AGADIR_r003584_c000512,AGADIR_r003584_c000512_Y2021_M09_N01117,agadir|AGADIR_r003584_c000512,agadir|AGADIR_r003584_c000512_Y2021_M09_N01117,SG_0056,3584,512,2021,9,117,4.9,17.75,0.9969179734864614,train,2,10.202,4,"[10,15)",117,117
train,Agadir,AGADIR_r003584_c000512,AGADIR_r003584_c000512_Y2022_M05_N01118,agadir|AGADIR_r003584_c000512,agadir|AGADIR_r003584_c000512_Y2022_M05_N01118,SG_0056,3584,512,2022,5,443,4.85,19.94,0.9999472811254264,train,3,9.798,3,"[8,10)",443,443
train,Agadir,AGADIR_r003584_c000512,AGADIR_r003584_c000512_Y2022_M06_N01119,agadir|AGADIR_r003584_c000512,agadir|AGADIR_r003584_c000512_Y2022_M06_N01119,SG_0056,3584,512,2022,6,443,4.85,19.94,0.9999472811254264,train,4,9.798,3,"[8,10)",443,443
train,Agadir,AGADIR_r003584_c000512,AGADIR_r003584_c000512_Y2022_M07_N01120,agadir|AGADIR_r003584_c000512,agadir|AGADIR_r003584_c000512_Y2022_M07_N01120,SG_0056,3584,512,2022,7,443,4.85,19.94,0.9999472811254264,train,5,9.798,3,"[8,10)",443,443
train,Agadir,AGADIR_r003584_c000512,AGADIR_r003584_c000512_Y2022_M08_N01121,agadir|AGADIR_r003584_c000512,agadir|AGADIR_r003584_c000512_Y2022_M08_N01121,SG_0056,3584,512,2022,8,460,4.9,19.94,0.9999472811254264,train,6,9.95,3,"[8,10)",460,460
train,Agadir,AGADIR_r003584_c000512,AGADIR_r003584_c000512_Y2022_M09_N01122,agadir|AGADIR_r003584_c000512,agadir|AGADIR_r003584_c000512_Y2022_M09_N01122,SG_0056,3584,512,2022,9,257,4.74,18.31,0.9965246095761808,train,7,12.19,4,"[10,15)",257,257
train,Agadir,AGADIR_r003584_c000512,AGADIR_r003584_c000512_Y2023_M05_N01123,agadir|AGADIR_r003584_c000512,agadir|AGADIR_r003584_c000512_Y2023_M05_N01123,SG_0056,3584,512,2023,5,17,7.52,16.36,0.9999310599332498,train,8,14.026,4,"[10,15)",17,17
train,Agadir,AGADIR_r003584_c000512,AGADIR_r003584_c000512_Y2023_M06_N01124,agadir|AGADIR_r003584_c000512,agadir|AGADIR_r003584_c000512_Y2023_M06_N01124,SG_0056,3584,512,2023,6,17,7.52,16.36,0.9999472811254264,train,9,14.026,4,"[10,15)",17,17
train,Agadir,AGADIR_r003584_c000512,AGADIR_r003584_c000512_Y2024_M05_N01125,agadir|AGADIR_r003584_c000512,agadir|AGADIR_r003584_c000512_Y2024_M05_N01125,SG_0056,3584,512,2024,5,329,3.95,18.3,0.9999472811254264,train,10,8.277999999999999,3,"[8,10)",329,329
train,Agadir,AGADIR_r003584_c000512,AGADIR_r003584_c000512_Y2024_M06_N01126,agadir|AGADIR_r003584_c000512,agadir|AGADIR_r003584_c000512_Y2024_M06_N01126,SG_0056,3584,512,2024,6,329,3.95,18.3,0.9999472811254264,train,11,8.277999999999999,3,"[8,10)",329,329
train,Agadir,AGADIR_r003584_c000512,AGADIR_r003584_c000512_Y2024_M07_N01127,agadir|AGADIR_r003584_c000512,agadir|AGADIR_r003584_c000512_Y2024_M07_N01127,SG_0056,3584,512,2024,7,329,3.95,18.3,0.9999472811254264,train,12,8.277999999999999,3,"[8,10)",329,329
train,Agadir,AGADIR_r003584_c000512,AGADIR_r003584_c000512_Y2024_M08_N01128,agadir|AGADIR_r003584_c000512,agadir|AGADIR_r003584_c000512_Y2024_M08_N01128,SG_0056,3584,512,2024,8,390,4.115,18.3,0.9999472811254264,train,13,8.437000000000003,3,"[8,10)",390,390
train,Agadir,AGADIR_r003584_c000512,AGADIR_r003584_c000512_Y2024_M09_N01129,agadir|AGADIR_r003584_c000512,agadir|AGADIR_r003584_c000512_Y2024_M09_N01129,SG_0056,3584,512,2024,9,390,4.115,18.3,0.9999472811254264,train,14,8.437000000000003,3,"[8,10)",390,390
train,Agadir,AGADIR_r003584_c000512,AGADIR_r003584_c000512_Y2025_M05_N01130,agadir|AGADIR_r003584_c000512,agadir|AGADIR_r003584_c000512_Y2025_M05_N01130,SG_0056,3584,512,2025,5,61,4.82,15.99,0.9999472811254264,train,15,9.53,3,"[8,10)",61,61
train,Agadir,AGADIR_r003584_c000512,AGADIR_r003584_c000512_Y2025_M06_N01131,agadir|AGADIR_r003584_c000512,agadir|AGADIR_r003584_c000512_Y2025_M06_N01131,SG_0056,3584,512,2025,6,61,4.82,15.99,0.9999472811254264,train,16,9.53,3,"[8,10)",61,61
train,Agadir,AGADIR_r003584_c001024,AGADIR_r003584_c001024_Y2019_M05_N01132,agadir|AGADIR_r003584_c001024,agadir|AGADIR_r003584_c001024_Y2019_M05_N01132,SG_0057,3584,1024,2019,5,74,5.105,19.4,0.99920654296875,train,17,9.687,3,"[8,10)",74,74
train,Agadir,AGADIR_r003584_c001024,AGADIR_r003584_c001024_Y2019_M06_N01133,agadir|AGADIR_r003584_c001024,agadir|AGADIR_r003584_c001024_Y2019_M06_N01133,SG_0057,3584,1024,2019,6,101,4.38,19.4,0.99945068359375,train,18,8.65,3,"[8,10)",101,101
train,Agadir,AGADIR_r003584_c001024,AGADIR_r003584_c001024_Y2019_M07_N01134,agadir|AGADIR_r003584_c001024,agadir|AGADIR_r003584_c001024_Y2019_M07_N01134,SG_0057,3584,1024,2019,7,101,4.38,19.4,1.0,train,19,8.65,3,"[8,10)",101,101
train,Agadir,AGADIR_r003584_c001024,AGADIR_r003584_c001024_Y2019_M08_N01135,agadir|AGADIR_r003584_c001024,agadir|AGADIR_r003584_c001024_Y2019_M08_N01135,SG_0057,3584,1024,2019,8,101,4.38,19.4,1.0,train,20,8.65,3,"[8,10)",101,101
train,Agadir,AGADIR_r003584_c001024,AGADIR_r003584_c001024_Y2019_M09_N01136,agadir|AGADIR_r003584_c001024,agadir|AGADIR_r003584_c001024_Y2019_M09_N01136,SG_0057,3584,1024,2019,9,101,4.38,19.4,0.9923210144042968,train,21,8.65,3,"[8,10)",101,101
train,Agadir,AGADIR_r003584_c001024,AGADIR_r003584_c001024_Y2020_M05_N01137,agadir|AGADIR_r003584_c001024,agadir|AGADIR_r003584_c001024_Y2020_M05_N01137,SG_0057,3584,1024,2020,5,512,4.19,19.23,1.0,train,22,8.336000000000002,3,"[8,10)",512,512
train,Agadir,AGADIR_r003584_c001024,AGADIR_r003584_c001024_Y2020_M06_N01138,agadir|AGADIR_r003584_c001024,agadir|AGADIR_r003584_c001024_Y2020_M06_N01138,SG_0057,3584,1024,2020,6,512,4.19,19.23,1.0,train,23,8.336000000000002,3,"[8,10)",512,512
train,Agadir,AGADIR_r003584_c001024,AGADIR_r003584_c001024_Y2020_M07_N01139,agadir|AGADIR_r003584_c001024,agadir|AGADIR_r003584_c001024_Y2020_M07_N01139,SG_0057,3584,1024,2020,7,512,4.19,19.23,1.0,train,24,8.336000000000002,3,"[8,10)",512,512
train,Agadir,AGADIR_r003584_c001024,AGADIR_r003584_c001024_Y2020_M08_N01140,agadir|AGADIR_r003584_c001024,agadir|AGADIR_r003584_c001024_Y2020_M08_N01140,SG_0057,3584,1024,2020,8,512,4.3,19.23,1.0,train,25,8.336000000000002,3,"[8,10)",512,512
train,Agadir,AGADIR_r003584_c001024,AGADIR_r003584_c001024_Y2020_M09_N01141,agadir|AGADIR_r003584_c001024,agadir|AGADIR_r003584_c001024_Y2020_M09_N01141,SG_0057,3584,1024,2020,9,512,4.3,19.23,1.0,train,26,8.336000000000002,3,"[8,10)",512,512
train,Agadir,AGADIR_r003584_c001024,AGADIR_r003584_c001024_Y2021_M05_N01142,agadir|AGADIR_r003584_c001024,agadir|AGADIR_r003584_c001024_Y2021_M05_N01142,SG_0057,3584,1024,2021,5,3,2.51,2.92,0.9988555908203124,train,27,2.838,1,"[2.5,5)",3,3
train,Agadir,AGADIR_r003584_c001024,AGADIR_r003584_c001024_Y2021_M06_N01143,agadir|AGADIR_r003584_c001024,agadir|AGADIR_r003584_c001024_Y2021_M06_N01143,SG_0057,3584,1024,2021,6,3,2.51,2.92,1.0,train,28,2.838,1,"[2.5,5)",3,3
train,Agadir,AGADIR_r003584_c001024,AGADIR_r003584_c001024_Y2021_M07_N01144,agadir|AGADIR_r003584_c001024,agadir|AGADIR_r003584_c001024_Y2021_M07_N01144,SG_0057,3584,1024,2021,7,3,2.51,2.92,1.0,train,29,2.838,1,"[2.5,5)",3,3
train,Agadir,AGADIR_r003584_c001024,AGADIR_r003584_c001024_Y2021_M08_N01145,agadir|AGADIR_r003584_c001024,agadir|AGADIR_r003584_c001024_Y2021_M08_N01145,SG_0057,3584,1024,2021,8,3,2.51,2.92,1.0,train,30,2.838,1,"[2.5,5)",3,3
train,Agadir,AGADIR_r003584_c001024,AGADIR_r003584_c001024_Y2021_M09_N01146,agadir|AGADIR_r003584_c001024,agadir|AGADIR_r003584_c001024_Y2021_M09_N01146,SG_0057,3584,1024,2021,9,3,2.51,2.92,0.9893112182617188,train,31,2.838,1,"[2.5,5)",3,3
train,Agadir,AGADIR_r003584_c001024,AGADIR_r003584_c001024_Y2022_M05_N01147,agadir|AGADIR_r003584_c001024,agadir|AGADIR_r003584_c001024_Y2022_M05_N01147,SG_0057,3584,1024,2022,5,267,4.37,19.31,1.0,train,32,8.443999999999999,3,"[8,10)",267,267
train,Agadir,AGADIR_r003584_c001024,AGADIR_r003584_c001024_Y2022_M06_N01148,agadir|AGADIR_r003584_c001024,agadir|AGADIR_r003584_c001024_Y2022_M06_N01148,SG_0057,3584,1024,2022,6,267,4.37,19.31,1.0,train,33,8.443999999999999,3,"[8,10)",267,267
train,Agadir,AGADIR_r003584_c001024,AGADIR_r003584_c001024_Y2022_M07_N01149,agadir|AGADIR_r003584_c001024,agadir|AGADIR_r003584_c001024_Y2022_M07_N01149,SG_0057,3584,1024,2022,7,267,4.37,19.31,1.0,train,34,8.443999999999999,3,"[8,10)",267,267
train,Agadir,AGADIR_r003584_c001024,AGADIR_r003584_c001024_Y2022_M08_N01150,agadir|AGADIR_r003584_c001024,agadir|AGADIR_r003584_c001024_Y2022_M08_N01150,SG_0057,3584,1024,2022,8,512,4.295,19.31,1.0,train,35,8.227000000000002,3,"[8,10)",512,512
train,Agadir,AGADIR_r003584_c001024,AGADIR_r003584_c001024_Y2022_M09_N01151,agadir|AGADIR_r003584_c001024,agadir|AGADIR_r003584_c001024_Y2022_M09_N01151,SG_0057,3584,1024,2022,9,492,4.04,19.31,0.992401123046875,train,36,7.188000000000001,2,"[5,8)",492,492
train,Agadir,AGADIR_r003584_c001024,AGADIR_r003584_c001024_Y2023_M05_N01152,agadir|AGADIR_r003584_c001024,agadir|AGADIR_r003584_c001024_Y2023_M05_N01152,SG_0057,3584,1024,2023,5,338,3.96,19.02,0.998371124267578,train,37,7.094000000000001,2,"[5,8)",338,338
train,Agadir,AGADIR_r003584_c001024,AGADIR_r003584_c001024_Y2023_M06_N01153,agadir|AGADIR_r003584_c001024,agadir|AGADIR_r003584_c001024_Y2023_M06_N01153,SG_0057,3584,1024,2023,6,338,3.96,19.02,1.0,train,38,7.094000000000001,2,"[5,8)",338,338
train,Agadir,AGADIR_r003584_c001024,AGADIR_r003584_c001024_Y2024_M05_N01154,agadir|AGADIR_r003584_c001024,agadir|AGADIR_r003584_c001024_Y2024_M05_N01154,SG_0057,3584,1024,2024,5,253,4.14,17.54,1.0,train,39,8.268000000000004,3,"[8,10)",253,253
train,Agadir,AGADIR_r003584_c001024,AGADIR_r003584_c001024_Y2024_M06_N01155,agadir|AGADIR_r003584_c001024,agadir|AGADIR_r003584_c001024_Y2024_M06_N01155,SG_0057,3584,1024,2024,6,253,4.14,17.54,1.0,train,40,8.268000000000004,3,"[8,10)",253,253
train,Agadir,AGADIR_r003584_c001024,AGADIR_r003584_c001024_Y2024_M07_N01156,agadir|AGADIR_r003584_c001024,agadir|AGADIR_r003584_c001024_Y2024_M07_N01156,SG_0057,3584,1024,2024,7,253,4.14,17.54,1.0,train,41,8.268000000000004,3,"[8,10)",253,253
train,Agadir,AGADIR_r003584_c001024,AGADIR_r003584_c001024_Y2024_M08_N01157,agadir|AGADIR_r003584_c001024,agadir|AGADIR_r003584_c001024_Y2024_M08_N01157,SG_0057,3584,1024,2024,8,512,4.41,18.04,1.0,train,42,8.458000000000006,3,"[8,10)",512,512
train,Agadir,AGADIR_r003584_c001024,AGADIR_r003584_c001024_Y2024_M09_N01158,agadir|AGADIR_r003584_c001024,agadir|AGADIR_r003584_c001024_Y2024_M09_N01158,SG_0057,3584,1024,2024,9,512,4.4049997,18.04,1.0,train,43,8.322000000000003,3,"[8,10)",512,512
train,Agadir,AGADIR_r003584_c001024,AGADIR_r003584_c001024_Y2025_M05_N01159,agadir|AGADIR_r003584_c001024,agadir|AGADIR_r003584_c001024_Y2025_M05_N01159,SG_0057,3584,1024,2025,5,276,4.48,18.04,1.0,train,44,8.405000000000001,3,"[8,10)",276,276
train,Agadir,AGADIR_r003584_c001024,AGADIR_r003584_c001024_Y2025_M06_N01160,agadir|AGADIR_r003584_c001024,agadir|AGADIR_r003584_c001024_Y2025_M06_N01160,SG_0057,3584,1024,2025,6,276,4.48,18.04,1.0,train,45,8.405000000000001,3,"[8,10)",276,276
train,Agadir,AGADIR_r003584_c002048,AGADIR_r003584_c002048_Y2019_M05_N01161,agadir|AGADIR_r003584_c002048,agadir|AGADIR_r003584_c002048_Y2019_M05_N01161,SG_0059,3584,2048,2019,5,365,3.21,15.69,0.9996539208987408,train,46,4.86,1,"[2.5,5)",365,365
train,Agadir,AGADIR_r003584_c002048,AGADIR_r003584_c002048_Y2019_M06_N01162,agadir|AGADIR_r003584_c002048,agadir|AGADIR_r003584_c002048_Y2019_M06_N01162,SG_0059,3584,2048,2019,6,512,3.2649999,15.69,0.9996539208987408,train,47,4.86,1,"[2.5,5)",512,512
train,Agadir,AGADIR_r003584_c002048,AGADIR_r003584_c002048_Y2019_M07_N01163,agadir|AGADIR_r003584_c002048,agadir|AGADIR_r003584_c002048_Y2019_M07_N01163,SG_0059,3584,2048,2019,7,512,3.2649999,15.69,0.9996539208987408,train,48,4.86,1,"[2.5,5)",512,512
train,Agadir,AGADIR_r003584_c002048,AGADIR_r003584_c002048_Y2019_M08_N01164,agadir|AGADIR_r003584_c002048,agadir|AGADIR_r003584_c002048_Y2019_M08_N01164,SG_0059,3584,2048,2019,8,512,3.2649999,15.69,0.9996539208987408,train,49,4.86,1,"[2.5,5)",512,512
train,Agadir,AGADIR_r003584_c002048,AGADIR_r003584_c002048_Y2019_M09_N01165,agadir|AGADIR_r003584_c002048,agadir|AGADIR_r003584_c002048_Y2019_M09_N01165,SG_0059,3584,2048,2019,9,512,3.2649999,15.69,0.9996539208987408,train,50,4.86,1,"[2.5,5)",512,512
train,Agadir,AGADIR_r003584_c002048,AGADIR_r003584_c002048_Y2020_M05_N01166,agadir|AGADIR_r003584_c002048,agadir|AGADIR_r003584_c002048_Y2020_M05_N01166,SG_0059,3584,2048,2020,5,12,3.74,11.08,0.9996539208987408,train,51,7.142000000000001,2,"[5,8)",12,12
train,Agadir,AGADIR_r003584_c002048,AGADIR_r003584_c002048_Y2020_M06_N01167,agadir|AGADIR_r003584_c002048,agadir|AGADIR_r003584_c002048_Y2020_M06_N01167,SG_0059,3584,2048,2020,6,12,3.74,11.08,0.9996539208987408,train,52,7.142000000000001,2,"[5,8)",12,12
train,Agadir,AGADIR_r003584_c002048,AGADIR_r003584_c002048_Y2020_M07_N01168,agadir|AGADIR_r003584_c002048,agadir|AGADIR_r003584_c002048_Y2020_M07_N01168,SG_0059,3584,2048,2020,7,12,3.74,11.08,0.9996539208987408,train,53,7.142000000000001,2,"[5,8)",12,12
train,Agadir,AGADIR_r003584_c002048,AGADIR_r003584_c002048_Y2020_M08_N01169,agadir|AGADIR_r003584_c002048,agadir|AGADIR_r003584_c002048_Y2020_M08_N01169,SG_0059,3584,2048,2020,8,12,3.74,11.08,0.9996539208987408,train,54,7.142000000000001,2,"[5,8)",12,12
train,Agadir,AGADIR_r003584_c002048,AGADIR_r003584_c002048_Y2020_M09_N01170,agadir|AGADIR_r003584_c002048,agadir|AGADIR_r003584_c002048_Y2020_M09_N01170,SG_0059,3584,2048,2020,9,12,3.74,11.08,0.9996539208987408,train,55,7.142000000000001,2,"[5,8)",12,12
train,Agadir,AGADIR_r003584_c002048,AGADIR_r003584_c002048_Y2022_M05_N01171,agadir|AGADIR_r003584_c002048,agadir|AGADIR_r003584_c002048_Y2022_M05_N01171,SG_0059,3584,2048,2022,5,198,2.96,11.33,0.9996539208987408,train,56,5.379,2,"[5,8)",198,198
train,Agadir,AGADIR_r003584_c002048,AGADIR_r003584_c002048_Y2022_M06_N01172,agadir|AGADIR_r003584_c002048,agadir|AGADIR_r003584_c002048_Y2022_M06_N01172,SG_0059,3584,2048,2022,6,198,2.96,11.33,0.9996539208987408,train,57,5.379,2,"[5,8)",198,198
train,Agadir,AGADIR_r003584_c002048,AGADIR_r003584_c002048_Y2022_M07_N01173,agadir|AGADIR_r003584_c002048,agadir|AGADIR_r003584_c002048_Y2022_M07_N01173,SG_0059,3584,2048,2022,7,198,2.96,11.33,0.9996539208987408,train,58,5.379,2,"[5,8)",198,198
train,Agadir,AGADIR_r003584_c002048,AGADIR_r003584_c002048_Y2022_M08_N01174,agadir|AGADIR_r003584_c002048,agadir|AGADIR_r003584_c002048_Y2022_M08_N01174,SG_0059,3584,2048,2022,8,198,2.96,11.33,0.9996539208987408,train,59,5.379,2,"[5,8)",198,198
train,Agadir,AGADIR_r003584_c002048,AGADIR_r003584_c002048_Y2022_M09_N01175,agadir|AGADIR_r003584_c002048,agadir|AGADIR_r003584_c002048_Y2022_M09_N01175,SG_0059,3584,2048,2022,9,198,2.96,11.33,0.9996539208987408,train,60,5.379,2,"[5,8)",198,198
train,Agadir,AGADIR_r003584_c002560,AGADIR_r003584_c002560_Y2019_M05_N01176,agadir|AGADIR_r003584_c002560,agadir|AGADIR_r003584_c002560_Y2019_M05_N01176,SG_0060,3584,2560,2019,5,26,3.025,5.53,0.9984475263920514,train,61,4.835000000000001,1,"[2.5,5)",26,26
train,Agadir,AGADIR_r003584_c002560,AGADIR_r003584_c002560_Y2019_M06_N01177,agadir|AGADIR_r003584_c002560,agadir|AGADIR_r003584_c002560_Y2019_M06_N01177,SG_0060,3584,2560,2019,6,26,3.025,5.53,0.9984475263920514,train,62,4.835000000000001,1,"[2.5,5)",26,26
train,Agadir,AGADIR_r003584_c002560,AGADIR_r003584_c002560_Y2019_M07_N01178,agadir|AGADIR_r003584_c002560,agadir|AGADIR_r003584_c002560_Y2019_M07_N01178,SG_0060,3584,2560,2019,7,26,3.025,5.53,0.9984475263920514,train,63,4.835000000000001,1,"[2.5,5)",26,26
train,Agadir,AGADIR_r003584_c002560,AGADIR_r003584_c002560_Y2019_M08_N01179,agadir|AGADIR_r003584_c002560,agadir|AGADIR_r003584_c002560_Y2019_M08_N01179,SG_0060,3584,2560,2019,8,26,3.025,5.53,0.9984475263920514,train,0,4.835000000000001,1,"[2.5,5)",26,26
train,Agadir,AGADIR_r003584_c002560,AGADIR_r003584_c002560_Y2019_M09_N01180,agadir|AGADIR_r003584_c002560,agadir|AGADIR_r003584_c002560_Y2019_M09_N01180,SG_0060,3584,2560,2019,9,26,3.025,5.53,0.9984475263920514,train,1,4.835000000000001,1,"[2.5,5)",26,26
train,Agadir,AGADIR_r003584_c002560,AGADIR_r003584_c002560_Y2022_M06_N01181,agadir|AGADIR_r003584_c002560,agadir|AGADIR_r003584_c002560_Y2022_M06_N01181,SG_0060,3584,2560,2022,6,8,3.275,4.41,0.9984475263920514,train,2,4.095,1,"[2.5,5)",8,8
train,Agadir,AGADIR_r003584_c002560,AGADIR_r003584_c002560_Y2022_M07_N01182,agadir|AGADIR_r003584_c002560,agadir|AGADIR_r003584_c002560_Y2022_M07_N01182,SG_0060,3584,2560,2022,7,8,3.275,4.41,0.9984475263920514,train,3,4.095,1,"[2.5,5)",8,8
train,Agadir,AGADIR_r003584_c002560,AGADIR_r003584_c002560_Y2022_M08_N01183,agadir|AGADIR_r003584_c002560,agadir|AGADIR_r003584_c002560_Y2022_M08_N01183,SG_0060,3584,2560,2022,8,8,3.275,4.41,0.9984475263920514,train,4,4.095,1,"[2.5,5)",8,8
train,Agadir,AGADIR_r003584_c002560,AGADIR_r003584_c002560_Y2022_M09_N01184,agadir|AGADIR_r003584_c002560,agadir|AGADIR_r003584_c002560_Y2022_M09_N01184,SG_0060,3584,2560,2022,9,8,3.275,4.41,0.9984475263920514,train,5,4.095,1,"[2.5,5)",8,8
train,Agadir,AGADIR_r003584_c002560,AGADIR_r003584_c002560_Y2024_M05_N01185,agadir|AGADIR_r003584_c002560,agadir|AGADIR_r003584_c002560_Y2024_M05_N01185,SG_0060,3584,2560,2024,5,8,3.54,5.18,0.9984475263920514,train,6,4.739,1,"[2.5,5)",8,8
train,Agadir,AGADIR_r003584_c002560,AGADIR_r003584_c002560_Y2024_M06_N01186,agadir|AGADIR_r003584_c002560,agadir|AGADIR_r003584_c002560_Y2024_M06_N01186,SG_0060,3584,2560,2024,6,8,3.54,5.18,0.9984475263920514,train,7,4.739,1,"[2.5,5)",8,8
train,Agadir,AGADIR_r003584_c002560,AGADIR_r003584_c002560_Y2024_M07_N01187,agadir|AGADIR_r003584_c002560,agadir|AGADIR_r003584_c002560_Y2024_M07_N01187,SG_0060,3584,2560,2024,7,8,3.54,5.18,0.9984475263920514,train,8,4.739,1,"[2.5,5)",8,8
train,Agadir,AGADIR_r003584_c002560,AGADIR_r003584_c002560_Y2024_M08_N01188,agadir|AGADIR_r003584_c002560,agadir|AGADIR_r003584_c002560_Y2024_M08_N01188,SG_0060,3584,2560,2024,8,8,3.54,5.18,0.9984475263920514,train,9,4.739,1,"[2.5,5)",8,8
train,Agadir,AGADIR_r003584_c002560,AGADIR_r003584_c002560_Y2024_M09_N01189,agadir|AGADIR_r003584_c002560,agadir|AGADIR_r003584_c002560_Y2024_M09_N01189,SG_0060,3584,2560,2024,9,8,3.54,5.18,0.9984475263920514,train,10,4.739,1,"[2.5,5)",8,8
train,Agadir,AGADIR_r004096_c001024,AGADIR_r004096_c001024_Y2019_M05_N01190,agadir|AGADIR_r004096_c001024,agadir|AGADIR_r004096_c001024_Y2019_M05_N01190,SG_0062,4096,1024,2019,5,149,3.85,14.9,0.9996233376150512,train,11,7.008000000000001,2,"[5,8)",149,149
train,Agadir,AGADIR_r004096_c001024,AGADIR_r004096_c001024_Y2019_M06_N01191,agadir|AGADIR_r004096_c001024,agadir|AGADIR_r004096_c001024_Y2019_M06_N01191,SG_0062,4096,1024,2019,6,149,3.85,14.9,0.9996233376150512,train,12,7.008000000000001,2,"[5,8)",149,149
train,Agadir,AGADIR_r004096_c001024,AGADIR_r004096_c001024_Y2019_M07_N01192,agadir|AGADIR_r004096_c001024,agadir|AGADIR_r004096_c001024_Y2019_M07_N01192,SG_0062,4096,1024,2019,7,149,3.85,14.9,0.9996233376150512,train,13,7.008000000000001,2,"[5,8)",149,149
train,Agadir,AGADIR_r004096_c001024,AGADIR_r004096_c001024_Y2019_M08_N01193,agadir|AGADIR_r004096_c001024,agadir|AGADIR_r004096_c001024_Y2019_M08_N01193,SG_0062,4096,1024,2019,8,149,3.85,14.9,0.9996233376150512,train,14,7.008000000000001,2,"[5,8)",149,149
train,Agadir,AGADIR_r004096_c001024,AGADIR_r004096_c001024_Y2019_M09_N01194,agadir|AGADIR_r004096_c001024,agadir|AGADIR_r004096_c001024_Y2019_M09_N01194,SG_0062,4096,1024,2019,9,149,3.85,14.9,0.9972957572362638,train,15,7.008000000000001,2,"[5,8)",149,149
train,Agadir,AGADIR_r004096_c001024,AGADIR_r004096_c001024_Y2020_M05_N01195,agadir|AGADIR_r004096_c001024,agadir|AGADIR_r004096_c001024_Y2020_M05_N01195,SG_0062,4096,1024,2020,5,275,4.0,16.13,0.9996233376150512,train,16,7.977999999999999,2,"[5,8)",275,275
train,Agadir,AGADIR_r004096_c001024,AGADIR_r004096_c001024_Y2020_M06_N01196,agadir|AGADIR_r004096_c001024,agadir|AGADIR_r004096_c001024_Y2020_M06_N01196,SG_0062,4096,1024,2020,6,275,4.0,16.13,0.9996233376150512,train,17,7.977999999999999,2,"[5,8)",275,275
train,Agadir,AGADIR_r004096_c001024,AGADIR_r004096_c001024_Y2020_M07_N01197,agadir|AGADIR_r004096_c001024,agadir|AGADIR_r004096_c001024_Y2020_M07_N01197,SG_0062,4096,1024,2020,7,275,4.0,16.13,0.9996233376150512,train,18,7.977999999999999,2,"[5,8)",275,275
train,Agadir,AGADIR_r004096_c001024,AGADIR_r004096_c001024_Y2020_M08_N01198,agadir|AGADIR_r004096_c001024,agadir|AGADIR_r004096_c001024_Y2020_M08_N01198,SG_0062,4096,1024,2020,8,275,4.0,16.13,0.9996233376150512,train,19,7.977999999999999,2,"[5,8)",275,275
train,Agadir,AGADIR_r004096_c001024,AGADIR_r004096_c001024_Y2020_M09_N01199,agadir|AGADIR_r004096_c001024,agadir|AGADIR_r004096_c001024_Y2020_M09_N01199,SG_0062,4096,1024,2020,9,275,4.0,16.13,0.9996233376150512,train,20,7.977999999999999,2,"[5,8)",275,275
train,Agadir,AGADIR_r004096_c001024,AGADIR_r004096_c001024_Y2021_M05_N01200,agadir|AGADIR_r004096_c001024,agadir|AGADIR_r004096_c001024_Y2021_M05_N01200,SG_0062,4096,1024,2021,5,63,3.63,7.9,0.9996233376150512,train,21,6.088000000000001,2,"[5,8)",63,63
train,Agadir,AGADIR_r004096_c001024,AGADIR_r004096_c001024_Y2021_M06_N01201,agadir|AGADIR_r004096_c001024,agadir|AGADIR_r004096_c001024_Y2021_M06_N01201,SG_0062,4096,1024,2021,6,63,3.63,7.9,0.9996233376150512,train,22,6.088000000000001,2,"[5,8)",63,63
train,Agadir,AGADIR_r004096_c001024,AGADIR_r004096_c001024_Y2021_M07_N01202,agadir|AGADIR_r004096_c001024,agadir|AGADIR_r004096_c001024_Y2021_M07_N01202,SG_0062,4096,1024,2021,7,63,3.63,7.9,0.9996233376150512,train,23,6.088000000000001,2,"[5,8)",63,63
train,Agadir,AGADIR_r004096_c001024,AGADIR_r004096_c001024_Y2021_M08_N01203,agadir|AGADIR_r004096_c001024,agadir|AGADIR_r004096_c001024_Y2021_M08_N01203,SG_0062,4096,1024,2021,8,63,3.63,7.9,0.9996233376150512,train,24,6.088000000000001,2,"[5,8)",63,63
train,Agadir,AGADIR_r004096_c001024,AGADIR_r004096_c001024_Y2021_M09_N01204,agadir|AGADIR_r004096_c001024,agadir|AGADIR_r004096_c001024_Y2021_M09_N01204,SG_0062,4096,1024,2021,9,63,3.63,7.9,0.9922059860345176,train,25,6.088000000000001,2,"[5,8)",63,63
train,Agadir,AGADIR_r004096_c001024,AGADIR_r004096_c001024_Y2022_M05_N01205,agadir|AGADIR_r004096_c001024,agadir|AGADIR_r004096_c001024_Y2022_M05_N01205,SG_0062,4096,1024,2022,5,104,4.365,14.36,0.9996233376150512,train,26,7.119,2,"[5,8)",104,104
train,Agadir,AGADIR_r004096_c001024,AGADIR_r004096_c001024_Y2022_M06_N01206,agadir|AGADIR_r004096_c001024,agadir|AGADIR_r004096_c001024_Y2022_M06_N01206,SG_0062,4096,1024,2022,6,104,4.365,14.36,0.9996233376150512,train,27,7.119,2,"[5,8)",104,104
train,Agadir,AGADIR_r004096_c001024,AGADIR_r004096_c001024_Y2022_M07_N01207,agadir|AGADIR_r004096_c001024,agadir|AGADIR_r004096_c001024_Y2022_M07_N01207,SG_0062,4096,1024,2022,7,104,4.365,14.36,0.9996233376150512,train,28,7.119,2,"[5,8)",104,104
train,Agadir,AGADIR_r004096_c001024,AGADIR_r004096_c001024_Y2022_M08_N01208,agadir|AGADIR_r004096_c001024,agadir|AGADIR_r004096_c001024_Y2022_M08_N01208,SG_0062,4096,1024,2022,8,121,4.53,17.82,0.9996233376150512,train,29,8.94,3,"[8,10)",121,121
train,Agadir,AGADIR_r004096_c001024,AGADIR_r004096_c001024_Y2022_M09_N01209,agadir|AGADIR_r004096_c001024,agadir|AGADIR_r004096_c001024_Y2022_M09_N01209,SG_0062,4096,1024,2022,9,23,6.04,17.82,0.9973826793250984,train,30,14.962000000000002,4,"[10,15)",23,23
train,Agadir,AGADIR_r004096_c001024,AGADIR_r004096_c001024_Y2023_M05_N01210,agadir|AGADIR_r004096_c001024,agadir|AGADIR_r004096_c001024_Y2023_M05_N01210,SG_0062,4096,1024,2023,5,17,6.7,17.82,0.9996233376150512,train,31,16.162,5,"[15,20]",17,17
train,Agadir,AGADIR_r004096_c001024,AGADIR_r004096_c001024_Y2023_M06_N01211,agadir|AGADIR_r004096_c001024,agadir|AGADIR_r004096_c001024_Y2023_M06_N01211,SG_0062,4096,1024,2023,6,17,6.7,17.82,0.9996233376150512,train,32,16.162,5,"[15,20]",17,17
train,Agadir,AGADIR_r004096_c001024,AGADIR_r004096_c001024_Y2024_M05_N01212,agadir|AGADIR_r004096_c001024,agadir|AGADIR_r004096_c001024_Y2024_M05_N01212,SG_0062,4096,1024,2024,5,142,3.9850001,13.04,0.9996233376150512,train,33,6.776000000000001,2,"[5,8)",142,142
train,Agadir,AGADIR_r004096_c001024,AGADIR_r004096_c001024_Y2024_M06_N01213,agadir|AGADIR_r004096_c001024,agadir|AGADIR_r004096_c001024_Y2024_M06_N01213,SG_0062,4096,1024,2024,6,142,3.9850001,13.04,0.9996233376150512,train,34,6.776000000000001,2,"[5,8)",142,142
train,Agadir,AGADIR_r004096_c001024,AGADIR_r004096_c001024_Y2024_M07_N01214,agadir|AGADIR_r004096_c001024,agadir|AGADIR_r004096_c001024_Y2024_M07_N01214,SG_0062,4096,1024,2024,7,142,3.9850001,13.04,0.9996233376150512,train,35,6.776000000000001,2,"[5,8)",142,142
train,Agadir,AGADIR_r004096_c001024,AGADIR_r004096_c001024_Y2024_M08_N01215,agadir|AGADIR_r004096_c001024,agadir|AGADIR_r004096_c001024_Y2024_M08_N01215,SG_0062,4096,1024,2024,8,196,4.365,16.21,0.9996233376150512,train,36,7.38,2,"[5,8)",196,196
train,Agadir,AGADIR_r004096_c001024,AGADIR_r004096_c001024_Y2024_M09_N01216,agadir|AGADIR_r004096_c001024,agadir|AGADIR_r004096_c001024_Y2024_M09_N01216,SG_0062,4096,1024,2024,9,196,4.365,16.21,0.9996233376150512,train,37,7.38,2,"[5,8)",196,196
train,Agadir,AGADIR_r004096_c001024,AGADIR_r004096_c001024_Y2025_M05_N01217,agadir|AGADIR_r004096_c001024,agadir|AGADIR_r004096_c001024_Y2025_M05_N01217,SG_0062,4096,1024,2025,5,54,4.87,16.21,0.9996233376150512,train,38,8.232000000000001,3,"[8,10)",54,54
train,Agadir,AGADIR_r004096_c001024,AGADIR_r004096_c001024_Y2025_M06_N01218,agadir|AGADIR_r004096_c001024,agadir|AGADIR_r004096_c001024_Y2025_M06_N01218,SG_0062,4096,1024,2025,6,54,4.87,16.21,0.9996233376150512,train,39,8.232000000000001,3,"[8,10)",54,54
train,Agadir,AGADIR_r004096_c001536,AGADIR_r004096_c001536_Y2020_M05_N01219,agadir|AGADIR_r004096_c001536,agadir|AGADIR_r004096_c001536_Y2020_M05_N01219,SG_0063,4096,1536,2020,5,4,5.67,8.83,0.9979744468681832,train,40,7.978000000000001,2,"[5,8)",4,4
train,Agadir,AGADIR_r004096_c001536,AGADIR_r004096_c001536_Y2020_M06_N01220,agadir|AGADIR_r004096_c001536,agadir|AGADIR_r004096_c001536_Y2020_M06_N01220,SG_0063,4096,1536,2020,6,4,5.67,8.83,0.9979744468681832,train,41,7.978000000000001,2,"[5,8)",4,4
train,Agadir,AGADIR_r004096_c001536,AGADIR_r004096_c001536_Y2020_M07_N01221,agadir|AGADIR_r004096_c001536,agadir|AGADIR_r004096_c001536_Y2020_M07_N01221,SG_0063,4096,1536,2020,7,4,5.67,8.83,0.9979744468681832,train,42,7.978000000000001,2,"[5,8)",4,4
train,Agadir,AGADIR_r004096_c001536,AGADIR_r004096_c001536_Y2020_M08_N01222,agadir|AGADIR_r004096_c001536,agadir|AGADIR_r004096_c001536_Y2020_M08_N01222,SG_0063,4096,1536,2020,8,4,5.67,8.83,0.9979744468681832,train,43,7.978000000000001,2,"[5,8)",4,4
train,Agadir,AGADIR_r004096_c001536,AGADIR_r004096_c001536_Y2020_M09_N01223,agadir|AGADIR_r004096_c001536,agadir|AGADIR_r004096_c001536_Y2020_M09_N01223,SG_0063,4096,1536,2020,9,4,5.67,8.83,0.9979744468681832,train,44,7.978000000000001,2,"[5,8)",4,4
train,Agadir,AGADIR_r004096_c001536,AGADIR_r004096_c001536_Y2022_M05_N01224,agadir|AGADIR_r004096_c001536,agadir|AGADIR_r004096_c001536_Y2022_M05_N01224,SG_0063,4096,1536,2022,5,3,7.87,12.94,0.9979744468681832,train,45,11.926,4,"[10,15)",3,3
train,Agadir,AGADIR_r004096_c001536,AGADIR_r004096_c001536_Y2022_M06_N01225,agadir|AGADIR_r004096_c001536,agadir|AGADIR_r004096_c001536_Y2022_M06_N01225,SG_0063,4096,1536,2022,6,3,7.87,12.94,0.9979744468681832,train,46,11.926,4,"[10,15)",3,3
train,Agadir,AGADIR_r004096_c001536,AGADIR_r004096_c001536_Y2022_M07_N01226,agadir|AGADIR_r004096_c001536,agadir|AGADIR_r004096_c001536_Y2022_M07_N01226,SG_0063,4096,1536,2022,7,3,7.87,12.94,0.9979744468681832,train,47,11.926,4,"[10,15)",3,3
train,Agadir,AGADIR_r004096_c001536,AGADIR_r004096_c001536_Y2022_M08_N01227,agadir|AGADIR_r004096_c001536,agadir|AGADIR_r004096_c001536_Y2022_M08_N01227,SG_0063,4096,1536,2022,8,7,10.07,17.22,0.9979744468681832,train,48,14.652,4,"[10,15)",7,7
train,Agadir,AGADIR_r004096_c001536,AGADIR_r004096_c001536_Y2022_M09_N01228,agadir|AGADIR_r004096_c001536,agadir|AGADIR_r004096_c001536_Y2022_M09_N01228,SG_0063,4096,1536,2022,9,7,10.07,17.22,0.9842630102835774,train,49,14.652,4,"[10,15)",7,7
train,Agadir,AGADIR_r004096_c001536,AGADIR_r004096_c001536_Y2023_M05_N01229,agadir|AGADIR_r004096_c001536,agadir|AGADIR_r004096_c001536_Y2023_M05_N01229,SG_0063,4096,1536,2023,5,4,10.895,17.22,0.9979744468681832,train,50,15.57,5,"[15,20]",4,4
train,Agadir,AGADIR_r004096_c001536,AGADIR_r004096_c001536_Y2023_M06_N01230,agadir|AGADIR_r004096_c001536,agadir|AGADIR_r004096_c001536_Y2023_M06_N01230,SG_0063,4096,1536,2023,6,4,10.895,17.22,0.9979744468681832,train,51,15.57,5,"[15,20]",4,4
train,Agadir,AGADIR_r004096_c001536,AGADIR_r004096_c001536_Y2024_M08_N01231,agadir|AGADIR_r004096_c001536,agadir|AGADIR_r004096_c001536_Y2024_M08_N01231,SG_0063,4096,1536,2024,8,2,14.594999,15.21,0.9979744468681832,train,52,15.087000000000002,5,"[15,20]",2,2
train,Agadir,AGADIR_r004096_c001536,AGADIR_r004096_c001536_Y2024_M09_N01232,agadir|AGADIR_r004096_c001536,agadir|AGADIR_r004096_c001536_Y2024_M09_N01232,SG_0063,4096,1536,2024,9,2,14.594999,15.21,0.9979744468681832,train,53,15.087000000000002,5,"[15,20]",2,2
train,Agadir,AGADIR_r004096_c001536,AGADIR_r004096_c001536_Y2025_M05_N01233,agadir|AGADIR_r004096_c001536,agadir|AGADIR_r004096_c001536_Y2025_M05_N01233,SG_0063,4096,1536,2025,5,2,14.594999,15.21,0.9979744468681832,train,54,15.087000000000002,5,"[15,20]",2,2
train,Agadir,AGADIR_r004096_c001536,AGADIR_r004096_c001536_Y2025_M06_N01234,agadir|AGADIR_r004096_c001536,agadir|AGADIR_r004096_c001536_Y2025_M06_N01234,SG_0063,4096,1536,2025,6,2,14.594999,15.21,0.9979744468681832,train,55,15.087000000000002,5,"[15,20]",2,2
train,Agadir,AGADIR_r001024_c001536,AGADIR_r001024_c001536_Y2019_M05_N01235,agadir|AGADIR_r001024_c001536,agadir|AGADIR_r001024_c001536_Y2019_M05_N01235,SG_0010,1024,1536,2019,5,512,2.47,9.17,1.0,val,0,4.746000000000001,1,"[2.5,5)",512,512
train,Agadir,AGADIR_r001024_c001536,AGADIR_r001024_c001536_Y2019_M06_N01236,agadir|AGADIR_r001024_c001536,agadir|AGADIR_r001024_c001536_Y2019_M06_N01236,SG_0010,1024,1536,2019,6,512,2.47,9.17,1.0,val,1,4.746000000000001,1,"[2.5,5)",512,512
train,Agadir,AGADIR_r001024_c001536,AGADIR_r001024_c001536_Y2019_M07_N01237,agadir|AGADIR_r001024_c001536,agadir|AGADIR_r001024_c001536_Y2019_M07_N01237,SG_0010,1024,1536,2019,7,512,2.47,9.17,1.0,val,2,4.746000000000001,1,"[2.5,5)",512,512
train,Agadir,AGADIR_r001024_c001536,AGADIR_r001024_c001536_Y2019_M08_N01238,agadir|AGADIR_r001024_c001536,agadir|AGADIR_r001024_c001536_Y2019_M08_N01238,SG_0010,1024,1536,2019,8,512,2.47,9.17,1.0,val,3,4.746000000000001,1,"[2.5,5)",512,512
train,Agadir,AGADIR_r001024_c001536,AGADIR_r001024_c001536_Y2019_M09_N01239,agadir|AGADIR_r001024_c001536,agadir|AGADIR_r001024_c001536_Y2019_M09_N01239,SG_0010,1024,1536,2019,9,512,2.54,9.17,1.0,val,4,4.596000000000001,1,"[2.5,5)",512,512
train,Agadir,AGADIR_r001024_c001536,AGADIR_r001024_c001536_Y2020_M05_N01240,agadir|AGADIR_r001024_c001536,agadir|AGADIR_r001024_c001536_Y2020_M05_N01240,SG_0010,1024,1536,2020,5,332,3.01,10.39,1.0,val,5,4.943000000000002,1,"[2.5,5)",332,332
train,Agadir,AGADIR_r001024_c001536,AGADIR_r001024_c001536_Y2020_M06_N01241,agadir|AGADIR_r001024_c001536,agadir|AGADIR_r001024_c001536_Y2020_M06_N01241,SG_0010,1024,1536,2020,6,332,3.01,10.39,1.0,val,6,4.943000000000002,1,"[2.5,5)",332,332
train,Agadir,AGADIR_r001024_c001536,AGADIR_r001024_c001536_Y2020_M07_N01242,agadir|AGADIR_r001024_c001536,agadir|AGADIR_r001024_c001536_Y2020_M07_N01242,SG_0010,1024,1536,2020,7,332,3.01,10.39,1.0,val,7,4.943000000000002,1,"[2.5,5)",332,332
train,Agadir,AGADIR_r001024_c001536,AGADIR_r001024_c001536_Y2020_M08_N01243,agadir|AGADIR_r001024_c001536,agadir|AGADIR_r001024_c001536_Y2020_M08_N01243,SG_0010,1024,1536,2020,8,332,3.01,10.39,1.0,val,8,4.943000000000002,1,"[2.5,5)",332,332
train,Agadir,AGADIR_r001024_c001536,AGADIR_r001024_c001536_Y2020_M09_N01244,agadir|AGADIR_r001024_c001536,agadir|AGADIR_r001024_c001536_Y2020_M09_N01244,SG_0010,1024,1536,2020,9,332,3.01,10.39,1.0,val,9,4.943000000000002,1,"[2.5,5)",332,332
train,Agadir,AGADIR_r001024_c001536,AGADIR_r001024_c001536_Y2021_M05_N01245,agadir|AGADIR_r001024_c001536,agadir|AGADIR_r001024_c001536_Y2021_M05_N01245,SG_0010,1024,1536,2021,5,216,2.13,4.71,1.0,val,10,2.31,0,"[0,2.5)",216,216
train,Agadir,AGADIR_r001024_c001536,AGADIR_r001024_c001536_Y2021_M06_N01246,agadir|AGADIR_r001024_c001536,agadir|AGADIR_r001024_c001536_Y2021_M06_N01246,SG_0010,1024,1536,2021,6,216,2.13,4.71,1.0,val,11,2.31,0,"[0,2.5)",216,216
train,Agadir,AGADIR_r001024_c001536,AGADIR_r001024_c001536_Y2021_M07_N01247,agadir|AGADIR_r001024_c001536,agadir|AGADIR_r001024_c001536_Y2021_M07_N01247,SG_0010,1024,1536,2021,7,216,2.13,4.71,1.0,val,12,2.31,0,"[0,2.5)",216,216
train,Agadir,AGADIR_r001024_c001536,AGADIR_r001024_c001536_Y2021_M08_N01248,agadir|AGADIR_r001024_c001536,agadir|AGADIR_r001024_c001536_Y2021_M08_N01248,SG_0010,1024,1536,2021,8,216,2.13,4.71,1.0,val,13,2.31,0,"[0,2.5)",216,216
train,Agadir,AGADIR_r001024_c001536,AGADIR_r001024_c001536_Y2021_M09_N01249,agadir|AGADIR_r001024_c001536,agadir|AGADIR_r001024_c001536_Y2021_M09_N01249,SG_0010,1024,1536,2021,9,216,2.13,4.71,1.0,val,14,2.31,0,"[0,2.5)",216,216
train,Agadir,AGADIR_r001024_c001536,AGADIR_r001024_c001536_Y2022_M05_N01250,agadir|AGADIR_r001024_c001536,agadir|AGADIR_r001024_c001536_Y2022_M05_N01250,SG_0010,1024,1536,2022,5,477,2.58,14.75,1.0,val,15,5.026000000000002,2,"[5,8)",477,477
train,Agadir,AGADIR_r001024_c001536,AGADIR_r001024_c001536_Y2022_M06_N01251,agadir|AGADIR_r001024_c001536,agadir|AGADIR_r001024_c001536_Y2022_M06_N01251,SG_0010,1024,1536,2022,6,512,2.58,14.75,1.0,val,16,5.01,2,"[5,8)",512,512
train,Agadir,AGADIR_r001024_c001536,AGADIR_r001024_c001536_Y2022_M07_N01252,agadir|AGADIR_r001024_c001536,agadir|AGADIR_r001024_c001536_Y2022_M07_N01252,SG_0010,1024,1536,2022,7,512,2.58,14.75,1.0,val,17,5.01,2,"[5,8)",512,512
train,Agadir,AGADIR_r001024_c001536,AGADIR_r001024_c001536_Y2022_M08_N01253,agadir|AGADIR_r001024_c001536,agadir|AGADIR_r001024_c001536_Y2022_M08_N01253,SG_0010,1024,1536,2022,8,512,2.62,11.59,1.0,val,18,4.82,1,"[2.5,5)",512,512
train,Agadir,AGADIR_r001024_c001536,AGADIR_r001024_c001536_Y2022_M09_N01254,agadir|AGADIR_r001024_c001536,agadir|AGADIR_r001024_c001536_Y2022_M09_N01254,SG_0010,1024,1536,2022,9,136,3.025,11.59,1.0,val,19,5.455,2,"[5,8)",136,136
train,Agadir,AGADIR_r001024_c001536,AGADIR_r001024_c001536_Y2024_M06_N01255,agadir|AGADIR_r001024_c001536,agadir|AGADIR_r001024_c001536_Y2024_M06_N01255,SG_0010,1024,1536,2024,6,9,2.09,2.17,1.0,val,20,2.17,0,"[0,2.5)",9,9
train,Agadir,AGADIR_r001024_c001536,AGADIR_r001024_c001536_Y2024_M07_N01256,agadir|AGADIR_r001024_c001536,agadir|AGADIR_r001024_c001536_Y2024_M07_N01256,SG_0010,1024,1536,2024,7,9,2.09,2.17,1.0,val,21,2.17,0,"[0,2.5)",9,9
train,Agadir,AGADIR_r001024_c001536,AGADIR_r001024_c001536_Y2024_M08_N01257,agadir|AGADIR_r001024_c001536,agadir|AGADIR_r001024_c001536_Y2024_M08_N01257,SG_0010,1024,1536,2024,8,9,2.09,2.17,1.0,val,22,2.17,0,"[0,2.5)",9,9
train,Agadir,AGADIR_r001024_c001536,AGADIR_r001024_c001536_Y2024_M09_N01258,agadir|AGADIR_r001024_c001536,agadir|AGADIR_r001024_c001536_Y2024_M09_N01258,SG_0010,1024,1536,2024,9,9,2.09,2.17,1.0,val,23,2.17,0,"[0,2.5)",9,9
train,Agadir,AGADIR_r001024_c003072,AGADIR_r001024_c003072_Y2019_M05_N01259,agadir|AGADIR_r001024_c003072,agadir|AGADIR_r001024_c003072_Y2019_M05_N01259,SG_0013,1024,3072,2019,5,327,4.0,11.83,1.0,val,24,7.502000000000001,2,"[5,8)",327,327
train,Agadir,AGADIR_r001024_c003072,AGADIR_r001024_c003072_Y2019_M06_N01260,agadir|AGADIR_r001024_c003072,agadir|AGADIR_r001024_c003072_Y2019_M06_N01260,SG_0013,1024,3072,2019,6,327,4.0,11.83,1.0,val,25,7.502000000000001,2,"[5,8)",327,327
train,Agadir,AGADIR_r001024_c003072,AGADIR_r001024_c003072_Y2019_M07_N01261,agadir|AGADIR_r001024_c003072,agadir|AGADIR_r001024_c003072_Y2019_M07_N01261,SG_0013,1024,3072,2019,7,327,4.0,11.83,1.0,val,26,7.502000000000001,2,"[5,8)",327,327
train,Agadir,AGADIR_r001024_c003072,AGADIR_r001024_c003072_Y2019_M08_N01262,agadir|AGADIR_r001024_c003072,agadir|AGADIR_r001024_c003072_Y2019_M08_N01262,SG_0013,1024,3072,2019,8,512,3.96,13.88,1.0,val,27,7.336000000000001,2,"[5,8)",512,512
train,Agadir,AGADIR_r001024_c003072,AGADIR_r001024_c003072_Y2019_M09_N01263,agadir|AGADIR_r001024_c003072,agadir|AGADIR_r001024_c003072_Y2019_M09_N01263,SG_0013,1024,3072,2019,9,512,3.835,13.88,1.0,val,28,7.07,2,"[5,8)",512,512
train,Agadir,AGADIR_r001024_c003072,AGADIR_r001024_c003072_Y2020_M05_N01264,agadir|AGADIR_r001024_c003072,agadir|AGADIR_r001024_c003072_Y2020_M05_N01264,SG_0013,1024,3072,2020,5,512,3.9250002,18.63,1.0,val,29,7.389000000000004,2,"[5,8)",512,512
train,Agadir,AGADIR_r001024_c003072,AGADIR_r001024_c003072_Y2020_M06_N01265,agadir|AGADIR_r001024_c003072,agadir|AGADIR_r001024_c003072_Y2020_M06_N01265,SG_0013,1024,3072,2020,6,512,3.96,18.63,1.0,val,30,7.623000000000002,2,"[5,8)",512,512
train,Agadir,AGADIR_r001024_c003072,AGADIR_r001024_c003072_Y2020_M07_N01266,agadir|AGADIR_r001024_c003072,agadir|AGADIR_r001024_c003072_Y2020_M07_N01266,SG_0013,1024,3072,2020,7,270,4.08,18.63,1.0,val,31,9.054,3,"[8,10)",270,270
train,Agadir,AGADIR_r001024_c003072,AGADIR_r001024_c003072_Y2020_M08_N01267,agadir|AGADIR_r001024_c003072,agadir|AGADIR_r001024_c003072_Y2020_M08_N01267,SG_0013,1024,3072,2020,8,270,4.08,18.63,1.0,val,32,9.054,3,"[8,10)",270,270
train,Agadir,AGADIR_r001024_c003072,AGADIR_r001024_c003072_Y2020_M09_N01268,agadir|AGADIR_r001024_c003072,agadir|AGADIR_r001024_c003072_Y2020_M09_N01268,SG_0013,1024,3072,2020,9,270,4.08,18.63,1.0,val,33,9.054,3,"[8,10)",270,270
train,Agadir,AGADIR_r001024_c003072,AGADIR_r001024_c003072_Y2021_M05_N01269,agadir|AGADIR_r001024_c003072,agadir|AGADIR_r001024_c003072_Y2021_M05_N01269,SG_0013,1024,3072,2021,5,258,4.3,18.04,1.0,val,34,8.064,3,"[8,10)",258,258
train,Agadir,AGADIR_r001024_c003072,AGADIR_r001024_c003072_Y2021_M06_N01270,agadir|AGADIR_r001024_c003072,agadir|AGADIR_r001024_c003072_Y2021_M06_N01270,SG_0013,1024,3072,2021,6,258,4.3,18.04,1.0,val,35,8.064,3,"[8,10)",258,258
train,Agadir,AGADIR_r001024_c003072,AGADIR_r001024_c003072_Y2021_M07_N01271,agadir|AGADIR_r001024_c003072,agadir|AGADIR_r001024_c003072_Y2021_M07_N01271,SG_0013,1024,3072,2021,7,258,4.3,18.04,1.0,val,36,8.064,3,"[8,10)",258,258
train,Agadir,AGADIR_r001024_c003072,AGADIR_r001024_c003072_Y2021_M08_N01272,agadir|AGADIR_r001024_c003072,agadir|AGADIR_r001024_c003072_Y2021_M08_N01272,SG_0013,1024,3072,2021,8,258,4.3,18.04,1.0,val,37,8.064,3,"[8,10)",258,258
train,Agadir,AGADIR_r001024_c003072,AGADIR_r001024_c003072_Y2021_M09_N01273,agadir|AGADIR_r001024_c003072,agadir|AGADIR_r001024_c003072_Y2021_M09_N01273,SG_0013,1024,3072,2021,9,258,4.3,18.04,1.0,val,38,8.064,3,"[8,10)",258,258
train,Agadir,AGADIR_r001024_c003072,AGADIR_r001024_c003072_Y2022_M05_N01274,agadir|AGADIR_r001024_c003072,agadir|AGADIR_r001024_c003072_Y2022_M05_N01274,SG_0013,1024,3072,2022,5,453,4.1,17.76,1.0,val,39,8.74,3,"[8,10)",453,453
train,Agadir,AGADIR_r001024_c003072,AGADIR_r001024_c003072_Y2022_M06_N01275,agadir|AGADIR_r001024_c003072,agadir|AGADIR_r001024_c003072_Y2022_M06_N01275,SG_0013,1024,3072,2022,6,453,4.1,17.76,1.0,val,40,8.74,3,"[8,10)",453,453
train,Agadir,AGADIR_r001024_c003072,AGADIR_r001024_c003072_Y2022_M07_N01276,agadir|AGADIR_r001024_c003072,agadir|AGADIR_r001024_c003072_Y2022_M07_N01276,SG_0013,1024,3072,2022,7,453,4.1,17.76,1.0,val,41,8.74,3,"[8,10)",453,453
train,Agadir,AGADIR_r001024_c003072,AGADIR_r001024_c003072_Y2022_M08_N01277,agadir|AGADIR_r001024_c003072,agadir|AGADIR_r001024_c003072_Y2022_M08_N01277,SG_0013,1024,3072,2022,8,453,4.1,17.76,1.0,val,42,8.74,3,"[8,10)",453,453
train,Agadir,AGADIR_r001024_c003072,AGADIR_r001024_c003072_Y2022_M09_N01278,agadir|AGADIR_r001024_c003072,agadir|AGADIR_r001024_c003072_Y2022_M09_N01278,SG_0013,1024,3072,2022,9,453,4.1,17.76,1.0,val,43,8.74,3,"[8,10)",453,453
train,Agadir,AGADIR_r001024_c003072,AGADIR_r001024_c003072_Y2024_M05_N01279,agadir|AGADIR_r001024_c003072,agadir|AGADIR_r001024_c003072_Y2024_M05_N01279,SG_0013,1024,3072,2024,5,226,3.66,18.7,1.0,val,44,7.404999999999999,2,"[5,8)",226,226
train,Agadir,AGADIR_r001024_c003072,AGADIR_r001024_c003072_Y2024_M06_N01280,agadir|AGADIR_r001024_c003072,agadir|AGADIR_r001024_c003072_Y2024_M06_N01280,SG_0013,1024,3072,2024,6,226,3.66,18.7,1.0,val,45,7.404999999999999,2,"[5,8)",226,226
train,Agadir,AGADIR_r001024_c003072,AGADIR_r001024_c003072_Y2024_M07_N01281,agadir|AGADIR_r001024_c003072,agadir|AGADIR_r001024_c003072_Y2024_M07_N01281,SG_0013,1024,3072,2024,7,512,4.07,18.7,1.0,val,46,7.426000000000001,2,"[5,8)",512,512
train,Agadir,AGADIR_r001024_c003072,AGADIR_r001024_c003072_Y2024_M08_N01282,agadir|AGADIR_r001024_c003072,agadir|AGADIR_r001024_c003072_Y2024_M08_N01282,SG_0013,1024,3072,2024,8,512,4.07,18.7,1.0,val,47,7.426000000000001,2,"[5,8)",512,512
train,Agadir,AGADIR_r001024_c003072,AGADIR_r001024_c003072_Y2024_M09_N01283,agadir|AGADIR_r001024_c003072,agadir|AGADIR_r001024_c003072_Y2024_M09_N01283,SG_0013,1024,3072,2024,9,512,4.1,18.7,1.0,val,48,7.457000000000001,2,"[5,8)",512,512
train,Agadir,AGADIR_r001024_c003072,AGADIR_r001024_c003072_Y2025_M05_N01284,agadir|AGADIR_r001024_c003072,agadir|AGADIR_r001024_c003072_Y2025_M05_N01284,SG_0013,1024,3072,2025,5,296,4.44,15.41,1.0,val,49,7.41,2,"[5,8)",296,296
train,Agadir,AGADIR_r001536_c002048,AGADIR_r001536_c002048_Y2019_M06_N01285,agadir|AGADIR_r001536_c002048,agadir|AGADIR_r001536_c002048_Y2019_M06_N01285,SG_0021,1536,2048,2019,6,177,5.16,19.66,1.0,val,50,9.34,3,"[8,10)",177,177
train,Agadir,AGADIR_r001536_c002048,AGADIR_r001536_c002048_Y2019_M07_N01286,agadir|AGADIR_r001536_c002048,agadir|AGADIR_r001536_c002048_Y2019_M07_N01286,SG_0021,1536,2048,2019,7,177,5.16,19.66,1.0,val,51,9.34,3,"[8,10)",177,177
train,Agadir,AGADIR_r001536_c002048,AGADIR_r001536_c002048_Y2019_M08_N01287,agadir|AGADIR_r001536_c002048,agadir|AGADIR_r001536_c002048_Y2019_M08_N01287,SG_0021,1536,2048,2019,8,287,4.49,19.79,1.0,val,52,8.886000000000001,3,"[8,10)",287,287
train,Agadir,AGADIR_r001536_c002048,AGADIR_r001536_c002048_Y2019_M09_N01288,agadir|AGADIR_r001536_c002048,agadir|AGADIR_r001536_c002048_Y2019_M09_N01288,SG_0021,1536,2048,2019,9,287,4.49,19.79,1.0,val,53,8.886000000000001,3,"[8,10)",287,287
train,Agadir,AGADIR_r001536_c002048,AGADIR_r001536_c002048_Y2020_M05_N01289,agadir|AGADIR_r001536_c002048,agadir|AGADIR_r001536_c002048_Y2020_M05_N01289,SG_0021,1536,2048,2020,5,115,3.89,19.79,1.0,val,54,6.6160000000000005,2,"[5,8)",115,115
train,Agadir,AGADIR_r001536_c002048,AGADIR_r001536_c002048_Y2020_M06_N01290,agadir|AGADIR_r001536_c002048,agadir|AGADIR_r001536_c002048_Y2020_M06_N01290,SG_0021,1536,2048,2020,6,115,3.89,19.79,1.0,val,55,6.6160000000000005,2,"[5,8)",115,115
train,Agadir,AGADIR_r001536_c002048,AGADIR_r001536_c002048_Y2020_M07_N01291,agadir|AGADIR_r001536_c002048,agadir|AGADIR_r001536_c002048_Y2020_M07_N01291,SG_0021,1536,2048,2020,7,5,5.1,6.44,1.0,val,56,6.040000000000001,2,"[5,8)",5,5
train,Agadir,AGADIR_r001536_c002048,AGADIR_r001536_c002048_Y2020_M08_N01292,agadir|AGADIR_r001536_c002048,agadir|AGADIR_r001536_c002048_Y2020_M08_N01292,SG_0021,1536,2048,2020,8,5,5.1,6.44,1.0,val,57,6.040000000000001,2,"[5,8)",5,5
train,Agadir,AGADIR_r001536_c002048,AGADIR_r001536_c002048_Y2020_M09_N01293,agadir|AGADIR_r001536_c002048,agadir|AGADIR_r001536_c002048_Y2020_M09_N01293,SG_0021,1536,2048,2020,9,5,5.1,6.44,1.0,val,58,6.040000000000001,2,"[5,8)",5,5
train,Agadir,AGADIR_r001536_c002048,AGADIR_r001536_c002048_Y2022_M05_N01294,agadir|AGADIR_r001536_c002048,agadir|AGADIR_r001536_c002048_Y2022_M05_N01294,SG_0021,1536,2048,2022,5,512,4.75,16.77,1.0,val,59,9.632000000000009,3,"[8,10)",512,512
train,Agadir,AGADIR_r001536_c002048,AGADIR_r001536_c002048_Y2022_M06_N01295,agadir|AGADIR_r001536_c002048,agadir|AGADIR_r001536_c002048_Y2022_M06_N01295,SG_0021,1536,2048,2022,6,512,4.75,16.77,1.0,val,60,9.632000000000009,3,"[8,10)",512,512
train,Agadir,AGADIR_r001536_c002048,AGADIR_r001536_c002048_Y2022_M07_N01296,agadir|AGADIR_r001536_c002048,agadir|AGADIR_r001536_c002048_Y2022_M07_N01296,SG_0021,1536,2048,2022,7,512,4.71,16.77,1.0,val,61,9.348000000000004,3,"[8,10)",512,512
train,Agadir,AGADIR_r001536_c002048,AGADIR_r001536_c002048_Y2022_M08_N01297,agadir|AGADIR_r001536_c002048,agadir|AGADIR_r001536_c002048_Y2022_M08_N01297,SG_0021,1536,2048,2022,8,512,4.68,18.85,1.0,val,62,9.396,3,"[8,10)",512,512
train,Agadir,AGADIR_r001536_c002048,AGADIR_r001536_c002048_Y2022_M09_N01298,agadir|AGADIR_r001536_c002048,agadir|AGADIR_r001536_c002048_Y2022_M09_N01298,SG_0021,1536,2048,2022,9,308,4.58,18.85,1.0,val,63,9.297,3,"[8,10)",308,308
train,Agadir,AGADIR_r001536_c002048,AGADIR_r001536_c002048_Y2024_M05_N01299,agadir|AGADIR_r001536_c002048,agadir|AGADIR_r001536_c002048_Y2024_M05_N01299,SG_0021,1536,2048,2024,5,9,4.59,6.09,1.0,val,0,5.458,2,"[5,8)",9,9
train,Agadir,AGADIR_r001536_c002048,AGADIR_r001536_c002048_Y2024_M06_N01300,agadir|AGADIR_r001536_c002048,agadir|AGADIR_r001536_c002048_Y2024_M06_N01300,SG_0021,1536,2048,2024,6,9,4.59,6.09,1.0,val,1,5.458,2,"[5,8)",9,9
train,Agadir,AGADIR_r001536_c002048,AGADIR_r001536_c002048_Y2024_M07_N01301,agadir|AGADIR_r001536_c002048,agadir|AGADIR_r001536_c002048_Y2024_M07_N01301,SG_0021,1536,2048,2024,7,9,4.59,6.09,1.0,val,2,5.458,2,"[5,8)",9,9
train,Agadir,AGADIR_r001536_c002048,AGADIR_r001536_c002048_Y2024_M08_N01302,agadir|AGADIR_r001536_c002048,agadir|AGADIR_r001536_c002048_Y2024_M08_N01302,SG_0021,1536,2048,2024,8,9,4.59,6.09,1.0,val,3,5.458,2,"[5,8)",9,9
train,Agadir,AGADIR_r001536_c002048,AGADIR_r001536_c002048_Y2024_M09_N01303,agadir|AGADIR_r001536_c002048,agadir|AGADIR_r001536_c002048_Y2024_M09_N01303,SG_0021,1536,2048,2024,9,9,4.59,6.09,1.0,val,4,5.458,2,"[5,8)",9,9
train,Agadir,AGADIR_r002048_c000000,AGADIR_r002048_c000000_Y2019_M05_N01304,agadir|AGADIR_r002048_c000000,agadir|AGADIR_r002048_c000000_Y2019_M05_N01304,SG_0027,2048,0,2019,5,11,2.02,2.28,0.999771138328424,val,5,2.13,0,"[0,2.5)",11,11
train,Agadir,AGADIR_r002048_c000000,AGADIR_r002048_c000000_Y2019_M06_N01305,agadir|AGADIR_r002048_c000000,agadir|AGADIR_r002048_c000000_Y2019_M06_N01305,SG_0027,2048,0,2019,6,260,1.94,3.48,0.999771138328424,val,6,2.17,0,"[0,2.5)",260,260
train,Agadir,AGADIR_r002048_c000000,AGADIR_r002048_c000000_Y2019_M07_N01306,agadir|AGADIR_r002048_c000000,agadir|AGADIR_r002048_c000000_Y2019_M07_N01306,SG_0027,2048,0,2019,7,260,1.94,3.48,0.999771138328424,val,7,2.17,0,"[0,2.5)",260,260
train,Agadir,AGADIR_r002048_c000000,AGADIR_r002048_c000000_Y2019_M08_N01307,agadir|AGADIR_r002048_c000000,agadir|AGADIR_r002048_c000000_Y2019_M08_N01307,SG_0027,2048,0,2019,8,260,1.94,3.48,0.999771138328424,val,8,2.17,0,"[0,2.5)",260,260
train,Agadir,AGADIR_r002048_c000000,AGADIR_r002048_c000000_Y2019_M09_N01308,agadir|AGADIR_r002048_c000000,agadir|AGADIR_r002048_c000000_Y2019_M09_N01308,SG_0027,2048,0,2019,9,260,1.94,3.48,0.999771138328424,val,9,2.17,0,"[0,2.5)",260,260
train,Agadir,AGADIR_r002048_c000000,AGADIR_r002048_c000000_Y2020_M05_N01309,agadir|AGADIR_r002048_c000000,agadir|AGADIR_r002048_c000000_Y2020_M05_N01309,SG_0027,2048,0,2020,5,14,2.695,3.98,0.999771138328424,val,10,3.047,1,"[2.5,5)",14,14
train,Agadir,AGADIR_r002048_c000000,AGADIR_r002048_c000000_Y2020_M06_N01310,agadir|AGADIR_r002048_c000000,agadir|AGADIR_r002048_c000000_Y2020_M06_N01310,SG_0027,2048,0,2020,6,14,2.695,3.98,0.999771138328424,val,11,3.047,1,"[2.5,5)",14,14
train,Agadir,AGADIR_r002048_c000000,AGADIR_r002048_c000000_Y2020_M07_N01311,agadir|AGADIR_r002048_c000000,agadir|AGADIR_r002048_c000000_Y2020_M07_N01311,SG_0027,2048,0,2020,7,14,2.695,3.98,0.999771138328424,val,12,3.047,1,"[2.5,5)",14,14
train,Agadir,AGADIR_r002048_c000000,AGADIR_r002048_c000000_Y2020_M08_N01312,agadir|AGADIR_r002048_c000000,agadir|AGADIR_r002048_c000000_Y2020_M08_N01312,SG_0027,2048,0,2020,8,14,2.695,3.98,0.999771138328424,val,13,3.047,1,"[2.5,5)",14,14
train,Agadir,AGADIR_r002048_c000000,AGADIR_r002048_c000000_Y2020_M09_N01313,agadir|AGADIR_r002048_c000000,agadir|AGADIR_r002048_c000000_Y2020_M09_N01313,SG_0027,2048,0,2020,9,14,2.695,3.98,0.999771138328424,val,14,3.047,1,"[2.5,5)",14,14
train,Agadir,AGADIR_r002048_c000000,AGADIR_r002048_c000000_Y2021_M05_N01314,agadir|AGADIR_r002048_c000000,agadir|AGADIR_r002048_c000000_Y2021_M05_N01314,SG_0027,2048,0,2021,5,512,2.02,3.14,0.999771138328424,val,15,2.17,0,"[0,2.5)",512,512
train,Agadir,AGADIR_r002048_c000000,AGADIR_r002048_c000000_Y2021_M06_N01315,agadir|AGADIR_r002048_c000000,agadir|AGADIR_r002048_c000000_Y2021_M06_N01315,SG_0027,2048,0,2021,6,512,2.02,3.14,0.999771138328424,val,16,2.17,0,"[0,2.5)",512,512
train,Agadir,AGADIR_r002048_c000000,AGADIR_r002048_c000000_Y2021_M07_N01316,agadir|AGADIR_r002048_c000000,agadir|AGADIR_r002048_c000000_Y2021_M07_N01316,SG_0027,2048,0,2021,7,512,2.02,3.14,0.999771138328424,val,17,2.17,0,"[0,2.5)",512,512
train,Agadir,AGADIR_r002048_c000000,AGADIR_r002048_c000000_Y2021_M08_N01317,agadir|AGADIR_r002048_c000000,agadir|AGADIR_r002048_c000000_Y2021_M08_N01317,SG_0027,2048,0,2021,8,512,2.02,3.14,0.999771138328424,val,18,2.17,0,"[0,2.5)",512,512
train,Agadir,AGADIR_r002048_c000000,AGADIR_r002048_c000000_Y2021_M09_N01318,agadir|AGADIR_r002048_c000000,agadir|AGADIR_r002048_c000000_Y2021_M09_N01318,SG_0027,2048,0,2021,9,512,2.02,3.14,0.999771138328424,val,19,2.17,0,"[0,2.5)",512,512
train,Agadir,AGADIR_r002048_c000000,AGADIR_r002048_c000000_Y2022_M05_N01319,agadir|AGADIR_r002048_c000000,agadir|AGADIR_r002048_c000000_Y2022_M05_N01319,SG_0027,2048,0,2022,5,296,2.16,4.82,0.999771138328424,val,20,2.39,0,"[0,2.5)",296,296
train,Agadir,AGADIR_r002048_c000000,AGADIR_r002048_c000000_Y2022_M06_N01320,agadir|AGADIR_r002048_c000000,agadir|AGADIR_r002048_c000000_Y2022_M06_N01320,SG_0027,2048,0,2022,6,296,2.16,4.82,0.999771138328424,val,21,2.39,0,"[0,2.5)",296,296
train,Agadir,AGADIR_r002048_c000000,AGADIR_r002048_c000000_Y2022_M07_N01321,agadir|AGADIR_r002048_c000000,agadir|AGADIR_r002048_c000000_Y2022_M07_N01321,SG_0027,2048,0,2022,7,212,2.22,4.82,0.999771138328424,val,22,2.39,0,"[0,2.5)",212,212
train,Agadir,AGADIR_r002048_c000000,AGADIR_r002048_c000000_Y2022_M08_N01322,agadir|AGADIR_r002048_c000000,agadir|AGADIR_r002048_c000000_Y2022_M08_N01322,SG_0027,2048,0,2022,8,275,2.2,5.72,0.999771138328424,val,23,2.39,0,"[0,2.5)",275,275
train,Agadir,AGADIR_r002048_c000000,AGADIR_r002048_c000000_Y2022_M09_N01323,agadir|AGADIR_r002048_c000000,agadir|AGADIR_r002048_c000000_Y2022_M09_N01323,SG_0027,2048,0,2022,9,275,2.2,5.72,0.999771138328424,val,24,2.39,0,"[0,2.5)",275,275
train,Agadir,AGADIR_r002048_c000000,AGADIR_r002048_c000000_Y2023_M05_N01324,agadir|AGADIR_r002048_c000000,agadir|AGADIR_r002048_c000000_Y2023_M05_N01324,SG_0027,2048,0,2023,5,63,2.13,5.72,0.999771138328424,val,25,2.28,0,"[0,2.5)",63,63
train,Agadir,AGADIR_r002048_c000000,AGADIR_r002048_c000000_Y2023_M06_N01325,agadir|AGADIR_r002048_c000000,agadir|AGADIR_r002048_c000000_Y2023_M06_N01325,SG_0027,2048,0,2023,6,63,2.13,5.72,0.999771138328424,val,26,2.28,0,"[0,2.5)",63,63
train,Agadir,AGADIR_r002048_c000000,AGADIR_r002048_c000000_Y2024_M06_N01326,agadir|AGADIR_r002048_c000000,agadir|AGADIR_r002048_c000000_Y2024_M06_N01326,SG_0027,2048,0,2024,6,197,1.98,5.87,0.999771138328424,val,27,2.09,0,"[0,2.5)",197,197
train,Agadir,AGADIR_r002048_c000000,AGADIR_r002048_c000000_Y2024_M07_N01327,agadir|AGADIR_r002048_c000000,agadir|AGADIR_r002048_c000000_Y2024_M07_N01327,SG_0027,2048,0,2024,7,197,1.98,5.87,0.999771138328424,val,28,2.09,0,"[0,2.5)",197,197
train,Agadir,AGADIR_r002048_c000000,AGADIR_r002048_c000000_Y2024_M08_N01328,agadir|AGADIR_r002048_c000000,agadir|AGADIR_r002048_c000000_Y2024_M08_N01328,SG_0027,2048,0,2024,8,223,1.98,5.87,0.999771138328424,val,29,2.5,1,"[2.5,5)",223,223
train,Agadir,AGADIR_r002048_c000000,AGADIR_r002048_c000000_Y2024_M09_N01329,agadir|AGADIR_r002048_c000000,agadir|AGADIR_r002048_c000000_Y2024_M09_N01329,SG_0027,2048,0,2024,9,223,1.98,5.87,0.999771138328424,val,30,2.5,1,"[2.5,5)",223,223
train,Agadir,AGADIR_r002048_c000000,AGADIR_r002048_c000000_Y2025_M05_N01330,agadir|AGADIR_r002048_c000000,agadir|AGADIR_r002048_c000000_Y2025_M05_N01330,SG_0027,2048,0,2025,5,26,2.5549998,3.92,0.999771138328424,val,31,2.875,1,"[2.5,5)",26,26
train,Agadir,AGADIR_r002048_c000000,AGADIR_r002048_c000000_Y2025_M06_N01331,agadir|AGADIR_r002048_c000000,agadir|AGADIR_r002048_c000000_Y2025_M06_N01331,SG_0027,2048,0,2025,6,26,2.5549998,3.92,0.999771138328424,val,32,2.875,1,"[2.5,5)",26,26
train,Agadir,AGADIR_r002048_c002048,AGADIR_r002048_c002048_Y2019_M08_N01332,agadir|AGADIR_r002048_c002048,agadir|AGADIR_r002048_c002048_Y2019_M08_N01332,SG_0031,2048,2048,2019,8,264,3.55,16.87,1.0,val,33,7.82,2,"[5,8)",264,264
train,Agadir,AGADIR_r002048_c002048,AGADIR_r002048_c002048_Y2019_M09_N01333,agadir|AGADIR_r002048_c002048,agadir|AGADIR_r002048_c002048_Y2019_M09_N01333,SG_0031,2048,2048,2019,9,264,3.55,16.87,0.9991455078125,val,34,7.82,2,"[5,8)",264,264
train,Agadir,AGADIR_r002048_c002048,AGADIR_r002048_c002048_Y2020_M05_N01334,agadir|AGADIR_r002048_c002048,agadir|AGADIR_r002048_c002048_Y2020_M05_N01334,SG_0031,2048,2048,2020,5,505,3.7,16.88,1.0,val,35,7.506000000000003,2,"[5,8)",505,505
train,Agadir,AGADIR_r002048_c002048,AGADIR_r002048_c002048_Y2020_M06_N01335,agadir|AGADIR_r002048_c002048,agadir|AGADIR_r002048_c002048_Y2020_M06_N01335,SG_0031,2048,2048,2020,6,505,3.7,16.88,1.0,val,36,7.506000000000003,2,"[5,8)",505,505
train,Agadir,AGADIR_r002048_c002048,AGADIR_r002048_c002048_Y2020_M07_N01336,agadir|AGADIR_r002048_c002048,agadir|AGADIR_r002048_c002048_Y2020_M07_N01336,SG_0031,2048,2048,2020,7,241,3.85,16.88,1.0,val,37,7.11,2,"[5,8)",241,241
train,Agadir,AGADIR_r002048_c002048,AGADIR_r002048_c002048_Y2020_M08_N01337,agadir|AGADIR_r002048_c002048,agadir|AGADIR_r002048_c002048_Y2020_M08_N01337,SG_0031,2048,2048,2020,8,241,3.85,16.88,1.0,val,38,7.11,2,"[5,8)",241,241
train,Agadir,AGADIR_r002048_c002048,AGADIR_r002048_c002048_Y2020_M09_N01338,agadir|AGADIR_r002048_c002048,agadir|AGADIR_r002048_c002048_Y2020_M09_N01338,SG_0031,2048,2048,2020,9,241,3.85,16.88,0.9997787475585938,val,39,7.11,2,"[5,8)",241,241
train,Agadir,AGADIR_r002048_c002048,AGADIR_r002048_c002048_Y2021_M08_N01339,agadir|AGADIR_r002048_c002048,agadir|AGADIR_r002048_c002048_Y2021_M08_N01339,SG_0031,2048,2048,2021,8,190,2.99,10.33,1.0,val,40,6.174,2,"[5,8)",190,190
train,Agadir,AGADIR_r002048_c002048,AGADIR_r002048_c002048_Y2021_M09_N01340,agadir|AGADIR_r002048_c002048,agadir|AGADIR_r002048_c002048_Y2021_M09_N01340,SG_0031,2048,2048,2021,9,190,2.99,10.33,0.9999847412109376,val,41,6.174,2,"[5,8)",190,190
train,Agadir,AGADIR_r002048_c002048,AGADIR_r002048_c002048_Y2022_M05_N01341,agadir|AGADIR_r002048_c002048,agadir|AGADIR_r002048_c002048_Y2022_M05_N01341,SG_0031,2048,2048,2022,5,512,3.81,19.58,1.0,val,42,7.766000000000001,2,"[5,8)",512,512
train,Agadir,AGADIR_r002048_c002048,AGADIR_r002048_c002048_Y2022_M06_N01342,agadir|AGADIR_r002048_c002048,agadir|AGADIR_r002048_c002048_Y2022_M06_N01342,SG_0031,2048,2048,2022,6,512,3.81,19.58,1.0,val,43,7.766000000000001,2,"[5,8)",512,512
train,Agadir,AGADIR_r002048_c002048,AGADIR_r002048_c002048_Y2022_M07_N01343,agadir|AGADIR_r002048_c002048,agadir|AGADIR_r002048_c002048_Y2022_M07_N01343,SG_0031,2048,2048,2022,7,512,3.81,19.58,1.0,val,44,7.766000000000001,2,"[5,8)",512,512
train,Agadir,AGADIR_r002048_c002048,AGADIR_r002048_c002048_Y2022_M08_N01344,agadir|AGADIR_r002048_c002048,agadir|AGADIR_r002048_c002048_Y2022_M08_N01344,SG_0031,2048,2048,2022,8,512,3.7,19.58,1.0,val,45,7.727000000000001,2,"[5,8)",512,512
train,Agadir,AGADIR_r002048_c002048,AGADIR_r002048_c002048_Y2022_M09_N01345,agadir|AGADIR_r002048_c002048,agadir|AGADIR_r002048_c002048_Y2022_M09_N01345,SG_0031,2048,2048,2022,9,453,3.47,16.07,0.9990386962890624,val,46,7.314000000000001,2,"[5,8)",453,453
train,Agadir,AGADIR_r002048_c002048,AGADIR_r002048_c002048_Y2024_M05_N01346,agadir|AGADIR_r002048_c002048,agadir|AGADIR_r002048_c002048_Y2024_M05_N01346,SG_0031,2048,2048,2024,5,179,3.73,11.76,1.0,val,47,6.648000000000001,2,"[5,8)",179,179
train,Agadir,AGADIR_r002048_c002048,AGADIR_r002048_c002048_Y2024_M06_N01347,agadir|AGADIR_r002048_c002048,agadir|AGADIR_r002048_c002048_Y2024_M06_N01347,SG_0031,2048,2048,2024,6,179,3.73,11.76,1.0,val,48,6.648000000000001,2,"[5,8)",179,179
train,Agadir,AGADIR_r002048_c002048,AGADIR_r002048_c002048_Y2024_M07_N01348,agadir|AGADIR_r002048_c002048,agadir|AGADIR_r002048_c002048_Y2024_M07_N01348,SG_0031,2048,2048,2024,7,179,3.73,11.76,1.0,val,49,6.648000000000001,2,"[5,8)",179,179
train,Agadir,AGADIR_r002048_c002048,AGADIR_r002048_c002048_Y2024_M08_N01349,agadir|AGADIR_r002048_c002048,agadir|AGADIR_r002048_c002048_Y2024_M08_N01349,SG_0031,2048,2048,2024,8,179,3.73,11.76,1.0,val,50,6.648000000000001,2,"[5,8)",179,179
train,Agadir,AGADIR_r002048_c002048,AGADIR_r002048_c002048_Y2024_M09_N01350,agadir|AGADIR_r002048_c002048,agadir|AGADIR_r002048_c002048_Y2024_M09_N01350,SG_0031,2048,2048,2024,9,179,3.73,11.76,1.0,val,51,6.648000000000001,2,"[5,8)",179,179
train,Agadir,AGADIR_r002560_c004096,AGADIR_r002560_c004096_Y2019_M05_N01351,agadir|AGADIR_r002560_c004096,agadir|AGADIR_r002560_c004096_Y2019_M05_N01351,SG_0045,2560,4096,2019,5,179,3.03,14.64,0.999702269621577,val,52,5.752000000000002,2,"[5,8)",179,179
train,Agadir,AGADIR_r002560_c004096,AGADIR_r002560_c004096_Y2019_M06_N01352,agadir|AGADIR_r002560_c004096,agadir|AGADIR_r002560_c004096_Y2019_M06_N01352,SG_0045,2560,4096,2019,6,179,3.03,14.64,0.999702269621577,val,53,5.752000000000002,2,"[5,8)",179,179
train,Agadir,AGADIR_r002560_c004096,AGADIR_r002560_c004096_Y2019_M07_N01353,agadir|AGADIR_r002560_c004096,agadir|AGADIR_r002560_c004096_Y2019_M07_N01353,SG_0045,2560,4096,2019,7,179,3.03,14.64,0.999702269621577,val,54,5.752000000000002,2,"[5,8)",179,179
train,Agadir,AGADIR_r002560_c004096,AGADIR_r002560_c004096_Y2019_M08_N01354,agadir|AGADIR_r002560_c004096,agadir|AGADIR_r002560_c004096_Y2019_M08_N01354,SG_0045,2560,4096,2019,8,478,3.03,14.9,0.999702269621577,val,55,5.69,2,"[5,8)",478,478
train,Agadir,AGADIR_r002560_c004096,AGADIR_r002560_c004096_Y2019_M09_N01355,agadir|AGADIR_r002560_c004096,agadir|AGADIR_r002560_c004096_Y2019_M09_N01355,SG_0045,2560,4096,2019,9,478,3.03,14.9,0.999702269621577,val,56,5.69,2,"[5,8)",478,478
train,Agadir,AGADIR_r002560_c004096,AGADIR_r002560_c004096_Y2020_M05_N01356,agadir|AGADIR_r002560_c004096,agadir|AGADIR_r002560_c004096_Y2020_M05_N01356,SG_0045,2560,4096,2020,5,346,2.95,14.9,0.999702269621577,val,57,5.404999999999999,2,"[5,8)",346,346
train,Agadir,AGADIR_r002560_c004096,AGADIR_r002560_c004096_Y2020_M06_N01357,agadir|AGADIR_r002560_c004096,agadir|AGADIR_r002560_c004096_Y2020_M06_N01357,SG_0045,2560,4096,2020,6,346,2.95,14.9,0.999702269621577,val,58,5.404999999999999,2,"[5,8)",346,346
train,Agadir,AGADIR_r002560_c004096,AGADIR_r002560_c004096_Y2020_M07_N01358,agadir|AGADIR_r002560_c004096,agadir|AGADIR_r002560_c004096_Y2020_M07_N01358,SG_0045,2560,4096,2020,7,47,2.71,5.81,0.999702269621577,val,59,3.572,1,"[2.5,5)",47,47
train,Agadir,AGADIR_r002560_c004096,AGADIR_r002560_c004096_Y2020_M08_N01359,agadir|AGADIR_r002560_c004096,agadir|AGADIR_r002560_c004096_Y2020_M08_N01359,SG_0045,2560,4096,2020,8,47,2.71,5.81,0.999702269621577,val,60,3.572,1,"[2.5,5)",47,47
train,Agadir,AGADIR_r002560_c004096,AGADIR_r002560_c004096_Y2020_M09_N01360,agadir|AGADIR_r002560_c004096,agadir|AGADIR_r002560_c004096_Y2020_M09_N01360,SG_0045,2560,4096,2020,9,47,2.71,5.81,0.999702269621577,val,61,3.572,1,"[2.5,5)",47,47
train,Agadir,AGADIR_r002560_c004096,AGADIR_r002560_c004096_Y2021_M05_N01361,agadir|AGADIR_r002560_c004096,agadir|AGADIR_r002560_c004096_Y2021_M05_N01361,SG_0045,2560,4096,2021,5,217,2.62,14.11,0.999702269621577,val,62,4.032000000000001,1,"[2.5,5)",217,217
train,Agadir,AGADIR_r002560_c004096,AGADIR_r002560_c004096_Y2021_M06_N01362,agadir|AGADIR_r002560_c004096,agadir|AGADIR_r002560_c004096_Y2021_M06_N01362,SG_0045,2560,4096,2021,6,217,2.62,14.11,0.999702269621577,val,63,4.032000000000001,1,"[2.5,5)",217,217
train,Agadir,AGADIR_r002560_c004096,AGADIR_r002560_c004096_Y2021_M07_N01363,agadir|AGADIR_r002560_c004096,agadir|AGADIR_r002560_c004096_Y2021_M07_N01363,SG_0045,2560,4096,2021,7,217,2.62,14.11,0.999702269621577,val,0,4.032000000000001,1,"[2.5,5)",217,217
train,Agadir,AGADIR_r002560_c004096,AGADIR_r002560_c004096_Y2021_M08_N01364,agadir|AGADIR_r002560_c004096,agadir|AGADIR_r002560_c004096_Y2021_M08_N01364,SG_0045,2560,4096,2021,8,217,2.62,14.11,0.999702269621577,val,1,4.032000000000001,1,"[2.5,5)",217,217
train,Agadir,AGADIR_r002560_c004096,AGADIR_r002560_c004096_Y2021_M09_N01365,agadir|AGADIR_r002560_c004096,agadir|AGADIR_r002560_c004096_Y2021_M09_N01365,SG_0045,2560,4096,2021,9,217,2.62,14.11,0.999702269621577,val,2,4.032000000000001,1,"[2.5,5)",217,217
train,Agadir,AGADIR_r002560_c004096,AGADIR_r002560_c004096_Y2022_M05_N01366,agadir|AGADIR_r002560_c004096,agadir|AGADIR_r002560_c004096_Y2022_M05_N01366,SG_0045,2560,4096,2022,5,257,2.87,7.77,0.999702269621577,val,3,4.654,1,"[2.5,5)",257,257
train,Agadir,AGADIR_r002560_c004096,AGADIR_r002560_c004096_Y2022_M06_N01367,agadir|AGADIR_r002560_c004096,agadir|AGADIR_r002560_c004096_Y2022_M06_N01367,SG_0045,2560,4096,2022,6,257,2.87,7.77,0.999702269621577,val,4,4.654,1,"[2.5,5)",257,257
train,Agadir,AGADIR_r002560_c004096,AGADIR_r002560_c004096_Y2022_M07_N01368,agadir|AGADIR_r002560_c004096,agadir|AGADIR_r002560_c004096_Y2022_M07_N01368,SG_0045,2560,4096,2022,7,489,2.94,13.96,0.999702269621577,val,5,4.97,1,"[2.5,5)",489,489
train,Agadir,AGADIR_r002560_c004096,AGADIR_r002560_c004096_Y2022_M08_N01369,agadir|AGADIR_r002560_c004096,agadir|AGADIR_r002560_c004096_Y2022_M08_N01369,SG_0045,2560,4096,2022,8,489,2.94,13.96,0.999702269621577,val,6,4.97,1,"[2.5,5)",489,489
train,Agadir,AGADIR_r002560_c004096,AGADIR_r002560_c004096_Y2022_M09_N01370,agadir|AGADIR_r002560_c004096,agadir|AGADIR_r002560_c004096_Y2022_M09_N01370,SG_0045,2560,4096,2022,9,489,2.94,13.96,0.999702269621577,val,7,4.97,1,"[2.5,5)",489,489
train,Agadir,AGADIR_r002560_c004096,AGADIR_r002560_c004096_Y2023_M05_N01371,agadir|AGADIR_r002560_c004096,agadir|AGADIR_r002560_c004096_Y2023_M05_N01371,SG_0045,2560,4096,2023,5,232,3.045,13.96,0.999702269621577,val,8,5.409000000000001,2,"[5,8)",232,232
train,Agadir,AGADIR_r002560_c004096,AGADIR_r002560_c004096_Y2024_M07_N01372,agadir|AGADIR_r002560_c004096,agadir|AGADIR_r002560_c004096_Y2024_M07_N01372,SG_0045,2560,4096,2024,7,262,2.975,9.21,0.999702269621577,val,9,5.437,2,"[5,8)",262,262
train,Agadir,AGADIR_r002560_c004096,AGADIR_r002560_c004096_Y2024_M08_N01373,agadir|AGADIR_r002560_c004096,agadir|AGADIR_r002560_c004096_Y2024_M08_N01373,SG_0045,2560,4096,2024,8,404,3.11,9.83,0.999702269621577,val,10,5.431,2,"[5,8)",404,404
train,Agadir,AGADIR_r002560_c004096,AGADIR_r002560_c004096_Y2024_M09_N01374,agadir|AGADIR_r002560_c004096,agadir|AGADIR_r002560_c004096_Y2024_M09_N01374,SG_0045,2560,4096,2024,9,404,3.11,9.83,0.999702269621577,val,11,5.431,2,"[5,8)",404,404
train,Agadir,AGADIR_r002560_c004096,AGADIR_r002560_c004096_Y2025_M05_N01375,agadir|AGADIR_r002560_c004096,agadir|AGADIR_r002560_c004096_Y2025_M05_N01375,SG_0045,2560,4096,2025,5,404,3.11,9.83,0.999702269621577,val,12,5.431,2,"[5,8)",404,404
train,Agadir,AGADIR_r002560_c004096,AGADIR_r002560_c004096_Y2025_M06_N01376,agadir|AGADIR_r002560_c004096,agadir|AGADIR_r002560_c004096_Y2025_M06_N01376,SG_0045,2560,4096,2025,6,142,3.1550002,9.83,0.9813269613942944,val,13,5.23,2,"[5,8)",142,142
train,Agadir,AGADIR_r003072_c002560,AGADIR_r003072_c002560_Y2019_M05_N01377,agadir|AGADIR_r003072_c002560,agadir|AGADIR_r003072_c002560_Y2019_M05_N01377,SG_0052,3072,2560,2019,5,304,3.58,13.6,0.9999036346496282,val,14,5.64,2,"[5,8)",304,304
train,Agadir,AGADIR_r003072_c002560,AGADIR_r003072_c002560_Y2019_M06_N01378,agadir|AGADIR_r003072_c002560,agadir|AGADIR_r003072_c002560_Y2019_M06_N01378,SG_0052,3072,2560,2019,6,304,3.58,13.6,0.9999036346496282,val,15,5.64,2,"[5,8)",304,304
train,Agadir,AGADIR_r003072_c002560,AGADIR_r003072_c002560_Y2019_M07_N01379,agadir|AGADIR_r003072_c002560,agadir|AGADIR_r003072_c002560_Y2019_M07_N01379,SG_0052,3072,2560,2019,7,304,3.58,13.6,0.9999036346496282,val,16,5.64,2,"[5,8)",304,304
train,Agadir,AGADIR_r003072_c002560,AGADIR_r003072_c002560_Y2019_M08_N01380,agadir|AGADIR_r003072_c002560,agadir|AGADIR_r003072_c002560_Y2019_M08_N01380,SG_0052,3072,2560,2019,8,304,3.58,13.6,0.9999036346496282,val,17,5.64,2,"[5,8)",304,304
train,Agadir,AGADIR_r003072_c002560,AGADIR_r003072_c002560_Y2019_M09_N01381,agadir|AGADIR_r003072_c002560,agadir|AGADIR_r003072_c002560_Y2019_M09_N01381,SG_0052,3072,2560,2019,9,304,3.58,13.6,0.9999036346496282,val,18,5.64,2,"[5,8)",304,304
train,Agadir,AGADIR_r003072_c002560,AGADIR_r003072_c002560_Y2020_M05_N01382,agadir|AGADIR_r003072_c002560,agadir|AGADIR_r003072_c002560_Y2020_M05_N01382,SG_0052,3072,2560,2020,5,3,6.1,9.62,0.9999036346496282,val,19,8.916,3,"[8,10)",3,3
train,Agadir,AGADIR_r003072_c002560,AGADIR_r003072_c002560_Y2020_M06_N01383,agadir|AGADIR_r003072_c002560,agadir|AGADIR_r003072_c002560_Y2020_M06_N01383,SG_0052,3072,2560,2020,6,3,6.1,9.62,0.9999036346496282,val,20,8.916,3,"[8,10)",3,3
train,Agadir,AGADIR_r003072_c002560,AGADIR_r003072_c002560_Y2020_M07_N01384,agadir|AGADIR_r003072_c002560,agadir|AGADIR_r003072_c002560_Y2020_M07_N01384,SG_0052,3072,2560,2020,7,3,6.1,9.62,0.9999036346496282,val,21,8.916,3,"[8,10)",3,3
train,Agadir,AGADIR_r003072_c002560,AGADIR_r003072_c002560_Y2020_M08_N01385,agadir|AGADIR_r003072_c002560,agadir|AGADIR_r003072_c002560_Y2020_M08_N01385,SG_0052,3072,2560,2020,8,3,6.1,9.62,0.9999036346496282,val,22,8.916,3,"[8,10)",3,3
train,Agadir,AGADIR_r003072_c002560,AGADIR_r003072_c002560_Y2020_M09_N01386,agadir|AGADIR_r003072_c002560,agadir|AGADIR_r003072_c002560_Y2020_M09_N01386,SG_0052,3072,2560,2020,9,3,6.1,9.62,0.9999036346496282,val,23,8.916,3,"[8,10)",3,3
train,Agadir,AGADIR_r003072_c002560,AGADIR_r003072_c002560_Y2021_M08_N01387,agadir|AGADIR_r003072_c002560,agadir|AGADIR_r003072_c002560_Y2021_M08_N01387,SG_0052,3072,2560,2021,8,231,3.4,13.73,0.9999036346496282,val,24,6.17,2,"[5,8)",231,231
train,Agadir,AGADIR_r003072_c002560,AGADIR_r003072_c002560_Y2021_M09_N01388,agadir|AGADIR_r003072_c002560,agadir|AGADIR_r003072_c002560_Y2021_M09_N01388,SG_0052,3072,2560,2021,9,231,3.4,13.73,0.9999036346496282,val,25,6.17,2,"[5,8)",231,231
train,Agadir,AGADIR_r003072_c002560,AGADIR_r003072_c002560_Y2022_M05_N01389,agadir|AGADIR_r003072_c002560,agadir|AGADIR_r003072_c002560_Y2022_M05_N01389,SG_0052,3072,2560,2022,5,375,3.48,17.37,0.9999036346496282,val,26,6.466000000000003,2,"[5,8)",375,375
train,Agadir,AGADIR_r003072_c002560,AGADIR_r003072_c002560_Y2022_M06_N01390,agadir|AGADIR_r003072_c002560,agadir|AGADIR_r003072_c002560_Y2022_M06_N01390,SG_0052,3072,2560,2022,6,512,3.29,17.37,0.9999036346496282,val,27,5.83,2,"[5,8)",512,512
train,Agadir,AGADIR_r003072_c002560,AGADIR_r003072_c002560_Y2022_M07_N01391,agadir|AGADIR_r003072_c002560,agadir|AGADIR_r003072_c002560_Y2022_M07_N01391,SG_0052,3072,2560,2022,7,455,3.29,17.37,0.9999036346496282,val,28,5.7940000000000005,2,"[5,8)",455,455
train,Agadir,AGADIR_r003072_c002560,AGADIR_r003072_c002560_Y2022_M08_N01392,agadir|AGADIR_r003072_c002560,agadir|AGADIR_r003072_c002560_Y2022_M08_N01392,SG_0052,3072,2560,2022,8,455,3.29,17.37,0.9999036346496282,val,29,5.7940000000000005,2,"[5,8)",455,455
train,Agadir,AGADIR_r003072_c002560,AGADIR_r003072_c002560_Y2022_M09_N01393,agadir|AGADIR_r003072_c002560,agadir|AGADIR_r003072_c002560_Y2022_M09_N01393,SG_0052,3072,2560,2022,9,455,3.29,17.37,0.9999036346496282,val,30,5.7940000000000005,2,"[5,8)",455,455
train,Agadir,AGADIR_r003072_c002560,AGADIR_r003072_c002560_Y2024_M05_N01394,agadir|AGADIR_r003072_c002560,agadir|AGADIR_r003072_c002560_Y2024_M05_N01394,SG_0052,3072,2560,2024,5,191,3.24,10.4,0.9999036346496282,val,31,5.15,2,"[5,8)",191,191
train,Agadir,AGADIR_r003072_c002560,AGADIR_r003072_c002560_Y2024_M06_N01395,agadir|AGADIR_r003072_c002560,agadir|AGADIR_r003072_c002560_Y2024_M06_N01395,SG_0052,3072,2560,2024,6,191,3.24,10.4,0.9999036346496282,val,32,5.15,2,"[5,8)",191,191
train,Agadir,AGADIR_r003072_c002560,AGADIR_r003072_c002560_Y2024_M07_N01396,agadir|AGADIR_r003072_c002560,agadir|AGADIR_r003072_c002560_Y2024_M07_N01396,SG_0052,3072,2560,2024,7,191,3.24,10.4,0.9999036346496282,val,33,5.15,2,"[5,8)",191,191
train,Agadir,AGADIR_r003072_c002560,AGADIR_r003072_c002560_Y2024_M08_N01397,agadir|AGADIR_r003072_c002560,agadir|AGADIR_r003072_c002560_Y2024_M08_N01397,SG_0052,3072,2560,2024,8,191,3.24,10.4,0.9999036346496282,val,34,5.15,2,"[5,8)",191,191
train,Agadir,AGADIR_r003072_c002560,AGADIR_r003072_c002560_Y2024_M09_N01398,agadir|AGADIR_r003072_c002560,agadir|AGADIR_r003072_c002560_Y2024_M09_N01398,SG_0052,3072,2560,2024,9,191,3.24,10.4,0.9999036346496282,val,35,5.15,2,"[5,8)",191,191
train,Agadir,AGADIR_r003072_c003072,AGADIR_r003072_c003072_Y2019_M05_N01399,agadir|AGADIR_r003072_c003072,agadir|AGADIR_r003072_c003072_Y2019_M05_N01399,SG_0053,3072,3072,2019,5,179,4.07,16.71,0.999688118121158,val,36,6.722,2,"[5,8)",179,179
train,Agadir,AGADIR_r003072_c003072,AGADIR_r003072_c003072_Y2019_M06_N01400,agadir|AGADIR_r003072_c003072,agadir|AGADIR_r003072_c003072_Y2019_M06_N01400,SG_0053,3072,3072,2019,6,179,4.07,16.71,0.999688118121158,val,37,6.722,2,"[5,8)",179,179
train,Agadir,AGADIR_r003072_c003072,AGADIR_r003072_c003072_Y2019_M07_N01401,agadir|AGADIR_r003072_c003072,agadir|AGADIR_r003072_c003072_Y2019_M07_N01401,SG_0053,3072,3072,2019,7,179,4.07,16.71,0.999688118121158,val,38,6.722,2,"[5,8)",179,179
train,Agadir,AGADIR_r003072_c003072,AGADIR_r003072_c003072_Y2019_M08_N01402,agadir|AGADIR_r003072_c003072,agadir|AGADIR_r003072_c003072_Y2019_M08_N01402,SG_0053,3072,3072,2019,8,249,4.22,16.71,0.999688118121158,val,39,6.722,2,"[5,8)",249,249
train,Agadir,AGADIR_r003072_c003072,AGADIR_r003072_c003072_Y2019_M09_N01403,agadir|AGADIR_r003072_c003072,agadir|AGADIR_r003072_c003072_Y2019_M09_N01403,SG_0053,3072,3072,2019,9,249,4.22,16.71,0.9996224587782436,val,40,6.722,2,"[5,8)",249,249
train,Agadir,AGADIR_r003072_c003072,AGADIR_r003072_c003072_Y2020_M05_N01404,agadir|AGADIR_r003072_c003072,agadir|AGADIR_r003072_c003072_Y2020_M05_N01404,SG_0053,3072,3072,2020,5,70,4.45,13.21,0.999688118121158,val,41,6.726000000000001,2,"[5,8)",70,70
train,Agadir,AGADIR_r003072_c003072,AGADIR_r003072_c003072_Y2020_M06_N01405,agadir|AGADIR_r003072_c003072,agadir|AGADIR_r003072_c003072_Y2020_M06_N01405,SG_0053,3072,3072,2020,6,70,4.45,13.21,0.999688118121158,val,42,6.726000000000001,2,"[5,8)",70,70
train,Agadir,AGADIR_r003072_c003072,AGADIR_r003072_c003072_Y2022_M05_N01406,agadir|AGADIR_r003072_c003072,agadir|AGADIR_r003072_c003072_Y2022_M05_N01406,SG_0053,3072,3072,2022,5,130,4.15,14.64,0.999688118121158,val,43,7.15,2,"[5,8)",130,130
train,Agadir,AGADIR_r003072_c003072,AGADIR_r003072_c003072_Y2022_M06_N01407,agadir|AGADIR_r003072_c003072,agadir|AGADIR_r003072_c003072_Y2022_M06_N01407,SG_0053,3072,3072,2022,6,130,4.15,14.64,0.999688118121158,val,44,7.15,2,"[5,8)",130,130
train,Agadir,AGADIR_r003072_c003072,AGADIR_r003072_c003072_Y2022_M07_N01408,agadir|AGADIR_r003072_c003072,agadir|AGADIR_r003072_c003072_Y2022_M07_N01408,SG_0053,3072,3072,2022,7,130,4.15,14.64,0.999688118121158,val,45,7.15,2,"[5,8)",130,130
train,Agadir,AGADIR_r003072_c003072,AGADIR_r003072_c003072_Y2022_M08_N01409,agadir|AGADIR_r003072_c003072,agadir|AGADIR_r003072_c003072_Y2022_M08_N01409,SG_0053,3072,3072,2022,8,130,4.15,14.64,0.999688118121158,val,46,7.15,2,"[5,8)",130,130
train,Agadir,AGADIR_r003072_c003072,AGADIR_r003072_c003072_Y2022_M09_N01410,agadir|AGADIR_r003072_c003072,agadir|AGADIR_r003072_c003072_Y2022_M09_N01410,SG_0053,3072,3072,2022,9,1,5.67,5.67,0.999688118121158,val,47,5.67,2,"[5,8)",1,1
train,Agadir,AGADIR_r003072_c003072,AGADIR_r003072_c003072_Y2024_M07_N01411,agadir|AGADIR_r003072_c003072,agadir|AGADIR_r003072_c003072_Y2024_M07_N01411,SG_0053,3072,3072,2024,7,48,3.98,8.66,0.999688118121158,val,48,5.9590000000000005,2,"[5,8)",48,48
train,Agadir,AGADIR_r003072_c003072,AGADIR_r003072_c003072_Y2024_M08_N01412,agadir|AGADIR_r003072_c003072,agadir|AGADIR_r003072_c003072_Y2024_M08_N01412,SG_0053,3072,3072,2024,8,48,3.98,8.66,0.999688118121158,val,49,5.9590000000000005,2,"[5,8)",48,48
train,Agadir,AGADIR_r003072_c003072,AGADIR_r003072_c003072_Y2024_M09_N01413,agadir|AGADIR_r003072_c003072,agadir|AGADIR_r003072_c003072_Y2024_M09_N01413,SG_0053,3072,3072,2024,9,48,3.98,8.66,0.999688118121158,val,50,5.9590000000000005,2,"[5,8)",48,48
train,Agadir,AGADIR_r003072_c003072,AGADIR_r003072_c003072_Y2025_M05_N01414,agadir|AGADIR_r003072_c003072,agadir|AGADIR_r003072_c003072_Y2025_M05_N01414,SG_0053,3072,3072,2025,5,48,3.98,8.66,0.999688118121158,val,51,5.9590000000000005,2,"[5,8)",48,48
train,Agadir,AGADIR_r003584_c000000,AGADIR_r003584_c000000_Y2019_M05_N01415,agadir|AGADIR_r003584_c000000,agadir|AGADIR_r003584_c000000_Y2019_M05_N01415,SG_0055,3584,0,2019,5,23,3.93,13.26,0.9990586758707248,val,52,6.504,2,"[5,8)",23,23
train,Agadir,AGADIR_r003584_c000000,AGADIR_r003584_c000000_Y2019_M06_N01416,agadir|AGADIR_r003584_c000000,agadir|AGADIR_r003584_c000000_Y2019_M06_N01416,SG_0055,3584,0,2019,6,47,3.93,18.65,0.9990586758707248,val,53,6.869999999999998,2,"[5,8)",47,47
train,Agadir,AGADIR_r003584_c000000,AGADIR_r003584_c000000_Y2019_M07_N01417,agadir|AGADIR_r003584_c000000,agadir|AGADIR_r003584_c000000_Y2019_M07_N01417,SG_0055,3584,0,2019,7,47,3.93,18.65,0.9990586758707248,val,54,6.869999999999998,2,"[5,8)",47,47
train,Agadir,AGADIR_r003584_c000000,AGADIR_r003584_c000000_Y2019_M08_N01418,agadir|AGADIR_r003584_c000000,agadir|AGADIR_r003584_c000000_Y2019_M08_N01418,SG_0055,3584,0,2019,8,47,3.93,18.65,0.9990586758707248,val,55,6.869999999999998,2,"[5,8)",47,47
train,Agadir,AGADIR_r003584_c000000,AGADIR_r003584_c000000_Y2019_M09_N01419,agadir|AGADIR_r003584_c000000,agadir|AGADIR_r003584_c000000_Y2019_M09_N01419,SG_0055,3584,0,2019,9,47,3.93,18.65,0.9990586758707248,val,56,6.869999999999998,2,"[5,8)",47,47
train,Agadir,AGADIR_r003584_c000000,AGADIR_r003584_c000000_Y2021_M05_N01420,agadir|AGADIR_r003584_c000000,agadir|AGADIR_r003584_c000000_Y2021_M05_N01420,SG_0055,3584,0,2021,5,14,4.565,10.03,0.9990586758707248,val,57,8.853,3,"[8,10)",14,14
train,Agadir,AGADIR_r003584_c000000,AGADIR_r003584_c000000_Y2021_M06_N01421,agadir|AGADIR_r003584_c000000,agadir|AGADIR_r003584_c000000_Y2021_M06_N01421,SG_0055,3584,0,2021,6,14,4.565,10.03,0.9990586758707248,val,58,8.853,3,"[8,10)",14,14
train,Agadir,AGADIR_r003584_c000000,AGADIR_r003584_c000000_Y2021_M07_N01422,agadir|AGADIR_r003584_c000000,agadir|AGADIR_r003584_c000000_Y2021_M07_N01422,SG_0055,3584,0,2021,7,14,4.565,10.03,0.9990586758707248,val,59,8.853,3,"[8,10)",14,14
train,Agadir,AGADIR_r003584_c000000,AGADIR_r003584_c000000_Y2021_M08_N01423,agadir|AGADIR_r003584_c000000,agadir|AGADIR_r003584_c000000_Y2021_M08_N01423,SG_0055,3584,0,2021,8,14,4.565,10.03,0.9990586758707248,val,60,8.853,3,"[8,10)",14,14
train,Agadir,AGADIR_r003584_c000000,AGADIR_r003584_c000000_Y2021_M09_N01424,agadir|AGADIR_r003584_c000000,agadir|AGADIR_r003584_c000000_Y2021_M09_N01424,SG_0055,3584,0,2021,9,14,4.565,10.03,0.9990586758707248,val,61,8.853,3,"[8,10)",14,14
train,Agadir,AGADIR_r003584_c000000,AGADIR_r003584_c000000_Y2022_M05_N01425,agadir|AGADIR_r003584_c000000,agadir|AGADIR_r003584_c000000_Y2022_M05_N01425,SG_0055,3584,0,2022,5,2,4.16,5.0,0.9990586758707248,val,62,4.832,1,"[2.5,5)",2,2
train,Agadir,AGADIR_r003584_c000000,AGADIR_r003584_c000000_Y2022_M06_N01426,agadir|AGADIR_r003584_c000000,agadir|AGADIR_r003584_c000000_Y2022_M06_N01426,SG_0055,3584,0,2022,6,2,4.16,5.0,0.9990586758707248,val,63,4.832,1,"[2.5,5)",2,2
train,Agadir,AGADIR_r003584_c000000,AGADIR_r003584_c000000_Y2022_M07_N01427,agadir|AGADIR_r003584_c000000,agadir|AGADIR_r003584_c000000_Y2022_M07_N01427,SG_0055,3584,0,2022,7,2,4.16,5.0,0.9990586758707248,val,0,4.832,1,"[2.5,5)",2,2
train,Agadir,AGADIR_r003584_c000000,AGADIR_r003584_c000000_Y2022_M08_N01428,agadir|AGADIR_r003584_c000000,agadir|AGADIR_r003584_c000000_Y2022_M08_N01428,SG_0055,3584,0,2022,8,2,4.16,5.0,0.9990586758707248,val,1,4.832,1,"[2.5,5)",2,2
train,Agadir,AGADIR_r003584_c000000,AGADIR_r003584_c000000_Y2022_M09_N01429,agadir|AGADIR_r003584_c000000,agadir|AGADIR_r003584_c000000_Y2022_M09_N01429,SG_0055,3584,0,2022,9,2,4.16,5.0,0.9990586758707248,val,2,4.832,1,"[2.5,5)",2,2
train,Agadir,AGADIR_r003584_c000000,AGADIR_r003584_c000000_Y2024_M05_N01430,agadir|AGADIR_r003584_c000000,agadir|AGADIR_r003584_c000000_Y2024_M05_N01430,SG_0055,3584,0,2024,5,17,3.69,7.64,0.9990586758707248,val,3,4.75,1,"[2.5,5)",17,17
train,Agadir,AGADIR_r003584_c000000,AGADIR_r003584_c000000_Y2024_M06_N01431,agadir|AGADIR_r003584_c000000,agadir|AGADIR_r003584_c000000_Y2024_M06_N01431,SG_0055,3584,0,2024,6,17,3.69,7.64,0.9990586758707248,val,4,4.75,1,"[2.5,5)",17,17
train,Agadir,AGADIR_r003584_c000000,AGADIR_r003584_c000000_Y2024_M07_N01432,agadir|AGADIR_r003584_c000000,agadir|AGADIR_r003584_c000000_Y2024_M07_N01432,SG_0055,3584,0,2024,7,17,3.69,7.64,0.9990586758707248,val,5,4.75,1,"[2.5,5)",17,17
train,Agadir,AGADIR_r003584_c000000,AGADIR_r003584_c000000_Y2024_M08_N01433,agadir|AGADIR_r003584_c000000,agadir|AGADIR_r003584_c000000_Y2024_M08_N01433,SG_0055,3584,0,2024,8,17,3.69,7.64,0.9990586758707248,val,6,4.75,1,"[2.5,5)",17,17
train,Agadir,AGADIR_r003584_c000000,AGADIR_r003584_c000000_Y2024_M09_N01434,agadir|AGADIR_r003584_c000000,agadir|AGADIR_r003584_c000000_Y2024_M09_N01434,SG_0055,3584,0,2024,9,17,3.69,7.64,0.9990586758707248,val,7,4.75,1,"[2.5,5)",17,17
train,Agadir,AGADIR_r004096_c000512,AGADIR_r004096_c000512_Y2019_M05_N01435,agadir|AGADIR_r004096_c000512,agadir|AGADIR_r004096_c000512_Y2019_M05_N01435,SG_0061,4096,512,2019,5,138,3.95,18.43,0.9996700288055934,val,8,8.184,3,"[8,10)",138,138
train,Agadir,AGADIR_r004096_c000512,AGADIR_r004096_c000512_Y2019_M06_N01436,agadir|AGADIR_r004096_c000512,agadir|AGADIR_r004096_c000512_Y2019_M06_N01436,SG_0061,4096,512,2019,6,138,3.95,18.43,0.9996700288055934,val,9,8.184,3,"[8,10)",138,138
train,Agadir,AGADIR_r004096_c000512,AGADIR_r004096_c000512_Y2019_M07_N01437,agadir|AGADIR_r004096_c000512,agadir|AGADIR_r004096_c000512_Y2019_M07_N01437,SG_0061,4096,512,2019,7,138,3.95,18.43,0.9996700288055934,val,10,8.184,3,"[8,10)",138,138
train,Agadir,AGADIR_r004096_c000512,AGADIR_r004096_c000512_Y2019_M08_N01438,agadir|AGADIR_r004096_c000512,agadir|AGADIR_r004096_c000512_Y2019_M08_N01438,SG_0061,4096,512,2019,8,146,4.08,18.43,0.9996700288055934,val,11,8.1,3,"[8,10)",146,146
train,Agadir,AGADIR_r004096_c000512,AGADIR_r004096_c000512_Y2019_M09_N01439,agadir|AGADIR_r004096_c000512,agadir|AGADIR_r004096_c000512_Y2019_M09_N01439,SG_0061,4096,512,2019,9,146,4.08,18.43,0.999634356244036,val,12,8.1,3,"[8,10)",146,146
train,Agadir,AGADIR_r004096_c000512,AGADIR_r004096_c000512_Y2020_M05_N01440,agadir|AGADIR_r004096_c000512,agadir|AGADIR_r004096_c000512_Y2020_M05_N01440,SG_0061,4096,512,2020,5,327,3.93,17.63,0.9996700288055934,val,13,6.694000000000001,2,"[5,8)",327,327
train,Agadir,AGADIR_r004096_c000512,AGADIR_r004096_c000512_Y2020_M06_N01441,agadir|AGADIR_r004096_c000512,agadir|AGADIR_r004096_c000512_Y2020_M06_N01441,SG_0061,4096,512,2020,6,327,3.93,17.63,0.9996700288055934,val,14,6.694000000000001,2,"[5,8)",327,327
train,Agadir,AGADIR_r004096_c000512,AGADIR_r004096_c000512_Y2020_M07_N01442,agadir|AGADIR_r004096_c000512,agadir|AGADIR_r004096_c000512_Y2020_M07_N01442,SG_0061,4096,512,2020,7,319,3.89,17.63,0.9996700288055934,val,15,6.601999999999999,2,"[5,8)",319,319
train,Agadir,AGADIR_r004096_c000512,AGADIR_r004096_c000512_Y2020_M08_N01443,agadir|AGADIR_r004096_c000512,agadir|AGADIR_r004096_c000512_Y2020_M08_N01443,SG_0061,4096,512,2020,8,319,3.89,17.63,0.9996700288055934,val,16,6.601999999999999,2,"[5,8)",319,319
train,Agadir,AGADIR_r004096_c000512,AGADIR_r004096_c000512_Y2020_M09_N01444,agadir|AGADIR_r004096_c000512,agadir|AGADIR_r004096_c000512_Y2020_M09_N01444,SG_0061,4096,512,2020,9,319,3.89,17.63,0.9996700288055934,val,17,6.601999999999999,2,"[5,8)",319,319
train,Agadir,AGADIR_r004096_c000512,AGADIR_r004096_c000512_Y2021_M05_N01445,agadir|AGADIR_r004096_c000512,agadir|AGADIR_r004096_c000512_Y2021_M05_N01445,SG_0061,4096,512,2021,5,188,3.65,18.2,0.9996700288055934,val,18,6.323000000000001,2,"[5,8)",188,188
train,Agadir,AGADIR_r004096_c000512,AGADIR_r004096_c000512_Y2021_M06_N01446,agadir|AGADIR_r004096_c000512,agadir|AGADIR_r004096_c000512_Y2021_M06_N01446,SG_0061,4096,512,2021,6,188,3.65,18.2,0.9996700288055934,val,19,6.323000000000001,2,"[5,8)",188,188
train,Agadir,AGADIR_r004096_c000512,AGADIR_r004096_c000512_Y2021_M07_N01447,agadir|AGADIR_r004096_c000512,agadir|AGADIR_r004096_c000512_Y2021_M07_N01447,SG_0061,4096,512,2021,7,188,3.65,18.2,0.9996700288055934,val,20,6.323000000000001,2,"[5,8)",188,188
train,Agadir,AGADIR_r004096_c000512,AGADIR_r004096_c000512_Y2021_M08_N01448,agadir|AGADIR_r004096_c000512,agadir|AGADIR_r004096_c000512_Y2021_M08_N01448,SG_0061,4096,512,2021,8,188,3.65,18.2,0.9996700288055934,val,21,6.323000000000001,2,"[5,8)",188,188
train,Agadir,AGADIR_r004096_c000512,AGADIR_r004096_c000512_Y2021_M09_N01449,agadir|AGADIR_r004096_c000512,agadir|AGADIR_r004096_c000512_Y2021_M09_N01449,SG_0061,4096,512,2021,9,188,3.65,18.2,0.9995184204189742,val,22,6.323000000000001,2,"[5,8)",188,188
train,Agadir,AGADIR_r004096_c000512,AGADIR_r004096_c000512_Y2022_M05_N01450,agadir|AGADIR_r004096_c000512,agadir|AGADIR_r004096_c000512_Y2022_M05_N01450,SG_0061,4096,512,2022,5,78,3.4850001,19.32,0.9996700288055934,val,23,5.973,2,"[5,8)",78,78
train,Agadir,AGADIR_r004096_c000512,AGADIR_r004096_c000512_Y2022_M06_N01451,agadir|AGADIR_r004096_c000512,agadir|AGADIR_r004096_c000512_Y2022_M06_N01451,SG_0061,4096,512,2022,6,78,3.4850001,19.32,0.9996700288055934,val,24,5.973,2,"[5,8)",78,78
train,Agadir,AGADIR_r004096_c000512,AGADIR_r004096_c000512_Y2022_M07_N01452,agadir|AGADIR_r004096_c000512,agadir|AGADIR_r004096_c000512_Y2022_M07_N01452,SG_0061,4096,512,2022,7,78,3.4850001,19.32,0.9996700288055934,val,25,5.973,2,"[5,8)",78,78
train,Agadir,AGADIR_r004096_c000512,AGADIR_r004096_c000512_Y2022_M08_N01453,agadir|AGADIR_r004096_c000512,agadir|AGADIR_r004096_c000512_Y2022_M08_N01453,SG_0061,4096,512,2022,8,78,3.4850001,19.32,0.9996700288055934,val,26,5.973,2,"[5,8)",78,78
train,Agadir,AGADIR_r004096_c000512,AGADIR_r004096_c000512_Y2022_M09_N01454,agadir|AGADIR_r004096_c000512,agadir|AGADIR_r004096_c000512_Y2022_M09_N01454,SG_0061,4096,512,2022,9,68,3.395,19.32,0.9996700288055934,val,27,5.973,2,"[5,8)",68,68
train,Agadir,AGADIR_r004096_c000512,AGADIR_r004096_c000512_Y2024_M05_N01455,agadir|AGADIR_r004096_c000512,agadir|AGADIR_r004096_c000512_Y2024_M05_N01455,SG_0061,4096,512,2024,5,146,3.5749998,18.33,0.9996700288055934,val,28,6.699999999999999,2,"[5,8)",146,146
train,Agadir,AGADIR_r004096_c000512,AGADIR_r004096_c000512_Y2024_M06_N01456,agadir|AGADIR_r004096_c000512,agadir|AGADIR_r004096_c000512_Y2024_M06_N01456,SG_0061,4096,512,2024,6,146,3.5749998,18.33,0.9996700288055934,val,29,6.699999999999999,2,"[5,8)",146,146
train,Agadir,AGADIR_r004096_c000512,AGADIR_r004096_c000512_Y2024_M07_N01457,agadir|AGADIR_r004096_c000512,agadir|AGADIR_r004096_c000512_Y2024_M07_N01457,SG_0061,4096,512,2024,7,146,3.5749998,18.33,0.9996700288055934,val,30,6.699999999999999,2,"[5,8)",146,146
train,Agadir,AGADIR_r004096_c000512,AGADIR_r004096_c000512_Y2024_M08_N01458,agadir|AGADIR_r004096_c000512,agadir|AGADIR_r004096_c000512_Y2024_M08_N01458,SG_0061,4096,512,2024,8,146,3.5749998,18.33,0.9996700288055934,val,31,6.699999999999999,2,"[5,8)",146,146
train,Agadir,AGADIR_r004096_c000512,AGADIR_r004096_c000512_Y2024_M09_N01459,agadir|AGADIR_r004096_c000512,agadir|AGADIR_r004096_c000512_Y2024_M09_N01459,SG_0061,4096,512,2024,9,146,3.5749998,18.33,0.9996700288055934,val,32,6.699999999999999,2,"[5,8)",146,146
