split,site_id,patch_id,sample_id,patch_key,sample_key,spatial_group_id,patch_row_start,patch_col_start,year,month,n_valid_points,rh95_median,rh95_max,s2_valid_aoi_fraction,patch_height_p90,patch_height_bin,patch_height_bin_label,n_gedi_occurrences,n_unique_gedi
train,Ifran_6,Ifran_6_r000000_c001536,Ifran_6_r000000_c001536_Y2019_M05,Ifran_6|Ifran_6_r000000_c001536,Ifran_6|Ifran_6_r000000_c001536_Y2019_M05,IFRAN6_SG_0000,0,1536,2019,5,124,4.0,17.6299991607666,0.9994990697008732,8.408,3,"[8,10)",124,124
train,Ifran_6,Ifran_6_r000000_c001536,Ifran_6_r000000_c001536_Y2019_M06,Ifran_6|Ifran_6_r000000_c001536,Ifran_6|Ifran_6_r000000_c001536_Y2019_M06,IFRAN6_SG_0000,0,1536,2019,6,124,4.0,17.6299991607666,0.9994990697008732,8.408,3,"[8,10)",124,124
train,Ifran_6,Ifran_6_r000000_c001536,Ifran_6_r000000_c001536_Y2019_M07,Ifran_6|Ifran_6_r000000_c001536,Ifran_6|Ifran_6_r000000_c001536_Y2019_M07,IFRAN6_SG_0000,0,1536,2019,7,127,3.9600000381469727,17.6299991607666,0.9994990697008732,8.396,3,"[8,10)",127,127
train,Ifran_6,Ifran_6_r000000_c001536,Ifran_6_r000000_c001536_Y2019_M08,Ifran_6|Ifran_6_r000000_c001536,Ifran_6|Ifran_6_r000000_c001536_Y2019_M08,IFRAN6_SG_0000,0,1536,2019,8,127,3.9600000381469727,17.6299991607666,0.9994990697008732,8.396,3,"[8,10)",127,127
train,Ifran_6,Ifran_6_r000000_c001536,Ifran_6_r000000_c001536_Y2019_M09,Ifran_6|Ifran_6_r000000_c001536,Ifran_6|Ifran_6_r000000_c001536_Y2019_M09,IFRAN6_SG_0000,0,1536,2019,9,127,3.9600000381469727,17.6299991607666,0.9994990697008732,8.396,3,"[8,10)",127,127
train,Ifran_6,Ifran_6_r000000_c001536,Ifran_6_r000000_c001536_Y2020_M05,Ifran_6|Ifran_6_r000000_c001536,Ifran_6|Ifran_6_r000000_c001536_Y2020_M05,IFRAN6_SG_0000,0,1536,2020,5,49,5.239999771118164,14.029999732971191,0.9994990697008732,9.662,3,"[8,10)",49,49
train,Ifran_6,Ifran_6_r000000_c001536,Ifran_6_r000000_c001536_Y2020_M06,Ifran_6|Ifran_6_r000000_c001536,Ifran_6|Ifran_6_r000000_c001536_Y2020_M06,IFRAN6_SG_0000,0,1536,2020,6,49,5.239999771118164,14.029999732971191,0.9994990697008732,9.662,3,"[8,10)",49,49
train,Ifran_6,Ifran_6_r000000_c001536,Ifran_6_r000000_c001536_Y2020_M07,Ifran_6|Ifran_6_r000000_c001536,Ifran_6|Ifran_6_r000000_c001536_Y2020_M07,IFRAN6_SG_0000,0,1536,2020,7,46,5.385000228881836,14.029999732971191,0.9994990697008732,9.739999999999998,3,"[8,10)",46,46
train,Ifran_6,Ifran_6_r000000_c001536,Ifran_6_r000000_c001536_Y2020_M08,Ifran_6|Ifran_6_r000000_c001536,Ifran_6|Ifran_6_r000000_c001536_Y2020_M08,IFRAN6_SG_0000,0,1536,2020,8,46,5.385000228881836,14.029999732971191,0.9994990697008732,9.739999999999998,3,"[8,10)",46,46
train,Ifran_6,Ifran_6_r000000_c001536,Ifran_6_r000000_c001536_Y2020_M09,Ifran_6|Ifran_6_r000000_c001536,Ifran_6|Ifran_6_r000000_c001536_Y2020_M09,IFRAN6_SG_0000,0,1536,2020,9,46,5.385000228881836,14.029999732971191,0.9994990697008732,9.739999999999998,3,"[8,10)",46,46
train,Ifran_6,Ifran_6_r000000_c001536,Ifran_6_r000000_c001536_Y2021_M05,Ifran_6|Ifran_6_r000000_c001536,Ifran_6|Ifran_6_r000000_c001536_Y2021_M05,IFRAN6_SG_0000,0,1536,2021,5,9,4.809999942779541,11.380000114440918,0.9994990697008732,9.052,3,"[8,10)",9,9
train,Ifran_6,Ifran_6_r000000_c001536,Ifran_6_r000000_c001536_Y2021_M06,Ifran_6|Ifran_6_r000000_c001536,Ifran_6|Ifran_6_r000000_c001536_Y2021_M06,IFRAN6_SG_0000,0,1536,2021,6,9,4.809999942779541,11.380000114440918,0.9994990697008732,9.052,3,"[8,10)",9,9
train,Ifran_6,Ifran_6_r000000_c001536,Ifran_6_r000000_c001536_Y2021_M07,Ifran_6|Ifran_6_r000000_c001536,Ifran_6|Ifran_6_r000000_c001536_Y2021_M07,IFRAN6_SG_0000,0,1536,2021,7,9,4.809999942779541,11.380000114440918,0.9994990697008732,9.052,3,"[8,10)",9,9
train,Ifran_6,Ifran_6_r000000_c001536,Ifran_6_r000000_c001536_Y2021_M08,Ifran_6|Ifran_6_r000000_c001536,Ifran_6|Ifran_6_r000000_c001536_Y2021_M08,IFRAN6_SG_0000,0,1536,2021,8,9,4.809999942779541,11.380000114440918,0.9994990697008732,9.052,3,"[8,10)",9,9
train,Ifran_6,Ifran_6_r000000_c001536,Ifran_6_r000000_c001536_Y2021_M09,Ifran_6|Ifran_6_r000000_c001536,Ifran_6|Ifran_6_r000000_c001536_Y2021_M09,IFRAN6_SG_0000,0,1536,2021,9,9,4.809999942779541,11.380000114440918,0.9994990697008732,9.052,3,"[8,10)",9,9
train,Ifran_6,Ifran_6_r000000_c001536,Ifran_6_r000000_c001536_Y2022_M05,Ifran_6|Ifran_6_r000000_c001536,Ifran_6|Ifran_6_r000000_c001536_Y2022_M05,IFRAN6_SG_0000,0,1536,2022,5,97,3.700000047683716,21.309999465942383,0.9994990697008732,10.752000000000008,4,"[10,15)",97,97
train,Ifran_6,Ifran_6_r000000_c001536,Ifran_6_r000000_c001536_Y2022_M06,Ifran_6|Ifran_6_r000000_c001536,Ifran_6|Ifran_6_r000000_c001536_Y2022_M06,IFRAN6_SG_0000,0,1536,2022,6,178,5.539999961853027,24.799999237060547,0.9994990697008732,11.642,4,"[10,15)",178,178
train,Ifran_6,Ifran_6_r000000_c001536,Ifran_6_r000000_c001536_Y2022_M07,Ifran_6|Ifran_6_r000000_c001536,Ifran_6|Ifran_6_r000000_c001536_Y2022_M07,IFRAN6_SG_0000,0,1536,2022,7,178,5.539999961853027,24.799999237060547,0.9994990697008732,11.642,4,"[10,15)",178,178
train,Ifran_6,Ifran_6_r000000_c001536,Ifran_6_r000000_c001536_Y2022_M08,Ifran_6|Ifran_6_r000000_c001536,Ifran_6|Ifran_6_r000000_c001536_Y2022_M08,IFRAN6_SG_0000,0,1536,2022,8,178,5.539999961853027,24.799999237060547,0.9994990697008732,11.642,4,"[10,15)",178,178
train,Ifran_6,Ifran_6_r000000_c001536,Ifran_6_r000000_c001536_Y2022_M09,Ifran_6|Ifran_6_r000000_c001536,Ifran_6|Ifran_6_r000000_c001536_Y2022_M09,IFRAN6_SG_0000,0,1536,2022,9,193,5.460000038146973,24.799999237060547,0.9994990697008732,11.602000000000002,4,"[10,15)",193,193
train,Ifran_6,Ifran_6_r000000_c001536,Ifran_6_r000000_c001536_Y2023_M05,Ifran_6|Ifran_6_r000000_c001536,Ifran_6|Ifran_6_r000000_c001536_Y2023_M05,IFRAN6_SG_0000,0,1536,2023,5,96,5.944999694824219,24.799999237060547,0.9994990697008732,11.65,4,"[10,15)",96,96
train,Ifran_6,Ifran_6_r000000_c001536,Ifran_6_r000000_c001536_Y2023_M06,Ifran_6|Ifran_6_r000000_c001536,Ifran_6|Ifran_6_r000000_c001536_Y2023_M06,IFRAN6_SG_0000,0,1536,2023,6,15,2.950000047683716,13.020000457763672,0.9994990697008732,9.246,3,"[8,10)",15,15
train,Ifran_6,Ifran_6_r000000_c001536,Ifran_6_r000000_c001536_Y2023_M07,Ifran_6|Ifran_6_r000000_c001536,Ifran_6|Ifran_6_r000000_c001536_Y2023_M07,IFRAN6_SG_0000,0,1536,2023,7,15,2.950000047683716,13.020000457763672,0.9994990697008732,9.246,3,"[8,10)",15,15
train,Ifran_6,Ifran_6_r000000_c001536,Ifran_6_r000000_c001536_Y2023_M08,Ifran_6|Ifran_6_r000000_c001536,Ifran_6|Ifran_6_r000000_c001536_Y2023_M08,IFRAN6_SG_0000,0,1536,2023,8,15,2.950000047683716,13.020000457763672,0.9994990697008732,9.246,3,"[8,10)",15,15
train,Ifran_6,Ifran_6_r000000_c001536,Ifran_6_r000000_c001536_Y2024_M05,Ifran_6|Ifran_6_r000000_c001536,Ifran_6|Ifran_6_r000000_c001536_Y2024_M05,IFRAN6_SG_0000,0,1536,2024,5,39,5.639999866485596,19.39999961853028,0.9994990697008732,12.378,4,"[10,15)",39,39
train,Ifran_6,Ifran_6_r000000_c001536,Ifran_6_r000000_c001536_Y2024_M06,Ifran_6|Ifran_6_r000000_c001536,Ifran_6|Ifran_6_r000000_c001536_Y2024_M06,IFRAN6_SG_0000,0,1536,2024,6,39,5.639999866485596,19.39999961853028,0.9994990697008732,12.378,4,"[10,15)",39,39
train,Ifran_6,Ifran_6_r000000_c001536,Ifran_6_r000000_c001536_Y2024_M07,Ifran_6|Ifran_6_r000000_c001536,Ifran_6|Ifran_6_r000000_c001536_Y2024_M07,IFRAN6_SG_0000,0,1536,2024,7,39,5.639999866485596,19.39999961853028,0.9994990697008732,12.378,4,"[10,15)",39,39
train,Ifran_6,Ifran_6_r000000_c001536,Ifran_6_r000000_c001536_Y2024_M08,Ifran_6|Ifran_6_r000000_c001536,Ifran_6|Ifran_6_r000000_c001536_Y2024_M08,IFRAN6_SG_0000,0,1536,2024,8,39,5.639999866485596,19.39999961853028,0.9994990697008732,12.378,4,"[10,15)",39,39
train,Ifran_6,Ifran_6_r000000_c001536,Ifran_6_r000000_c001536_Y2024_M09,Ifran_6|Ifran_6_r000000_c001536,Ifran_6|Ifran_6_r000000_c001536_Y2024_M09,IFRAN6_SG_0000,0,1536,2024,9,39,5.639999866485596,19.39999961853028,0.9994990697008732,12.378,4,"[10,15)",39,39
train,Ifran_6,Ifran_6_r000000_c002048,Ifran_6_r000000_c002048_Y2019_M05,Ifran_6|Ifran_6_r000000_c002048,Ifran_6|Ifran_6_r000000_c002048_Y2019_M05,IFRAN6_SG_0001,0,2048,2019,5,431,3.25,37.220001220703125,0.9997177816382462,10.11,4,"[10,15)",431,431
train,Ifran_6,Ifran_6_r000000_c002048,Ifran_6_r000000_c002048_Y2019_M06,Ifran_6|Ifran_6_r000000_c002048,Ifran_6|Ifran_6_r000000_c002048_Y2019_M06,IFRAN6_SG_0001,0,2048,2019,6,431,3.25,37.220001220703125,0.9997177816382462,10.11,4,"[10,15)",431,431
train,Ifran_6,Ifran_6_r000000_c002048,Ifran_6_r000000_c002048_Y2019_M07,Ifran_6|Ifran_6_r000000_c002048,Ifran_6|Ifran_6_r000000_c002048_Y2019_M07,IFRAN6_SG_0001,0,2048,2019,7,464,3.4800000190734863,41.90999984741211,0.9997177816382462,15.602,5,"[15,20)",464,464
train,Ifran_6,Ifran_6_r000000_c002048,Ifran_6_r000000_c002048_Y2019_M08,Ifran_6|Ifran_6_r000000_c002048,Ifran_6|Ifran_6_r000000_c002048_Y2019_M08,IFRAN6_SG_0001,0,2048,2019,8,464,3.4800000190734863,41.90999984741211,0.9997177816382462,15.602,5,"[15,20)",464,464
train,Ifran_6,Ifran_6_r000000_c002048,Ifran_6_r000000_c002048_Y2019_M09,Ifran_6|Ifran_6_r000000_c002048,Ifran_6|Ifran_6_r000000_c002048_Y2019_M09,IFRAN6_SG_0001,0,2048,2019,9,464,3.4800000190734863,41.90999984741211,0.9997177816382462,15.602,5,"[15,20)",464,464
train,Ifran_6,Ifran_6_r000000_c002048,Ifran_6_r000000_c002048_Y2020_M05,Ifran_6|Ifran_6_r000000_c002048,Ifran_6|Ifran_6_r000000_c002048_Y2020_M05,IFRAN6_SG_0001,0,2048,2020,5,180,3.9800000190734863,41.90999984741211,0.9997177816382462,23.723,6,"[20,30)",180,180
train,Ifran_6,Ifran_6_r000000_c002048,Ifran_6_r000000_c002048_Y2020_M06,Ifran_6|Ifran_6_r000000_c002048,Ifran_6|Ifran_6_r000000_c002048_Y2020_M06,IFRAN6_SG_0001,0,2048,2020,6,180,3.9800000190734863,41.90999984741211,0.9997177816382462,23.723,6,"[20,30)",180,180
train,Ifran_6,Ifran_6_r000000_c002048,Ifran_6_r000000_c002048_Y2020_M07,Ifran_6|Ifran_6_r000000_c002048,Ifran_6|Ifran_6_r000000_c002048_Y2020_M07,IFRAN6_SG_0001,0,2048,2020,7,147,3.7200000286102295,36.75,0.9997177816382462,13.718000000000002,4,"[10,15)",147,147
train,Ifran_6,Ifran_6_r000000_c002048,Ifran_6_r000000_c002048_Y2020_M08,Ifran_6|Ifran_6_r000000_c002048,Ifran_6|Ifran_6_r000000_c002048_Y2020_M08,IFRAN6_SG_0001,0,2048,2020,8,147,3.7200000286102295,36.75,0.9997177816382462,13.718000000000002,4,"[10,15)",147,147
train,Ifran_6,Ifran_6_r000000_c002048,Ifran_6_r000000_c002048_Y2020_M09,Ifran_6|Ifran_6_r000000_c002048,Ifran_6|Ifran_6_r000000_c002048_Y2020_M09,IFRAN6_SG_0001,0,2048,2020,9,147,3.7200000286102295,36.75,0.9997177816382462,13.718000000000002,4,"[10,15)",147,147
train,Ifran_6,Ifran_6_r000000_c002048,Ifran_6_r000000_c002048_Y2022_M05,Ifran_6|Ifran_6_r000000_c002048,Ifran_6|Ifran_6_r000000_c002048_Y2022_M05,IFRAN6_SG_0001,0,2048,2022,5,412,4.845000267028809,38.52999877929688,0.9997177816382462,17.661000000000005,5,"[15,20)",412,412
train,Ifran_6,Ifran_6_r000000_c002048,Ifran_6_r000000_c002048_Y2022_M06,Ifran_6|Ifran_6_r000000_c002048,Ifran_6|Ifran_6_r000000_c002048_Y2022_M06,IFRAN6_SG_0001,0,2048,2022,6,486,4.340000152587891,38.52999877929688,0.9997177816382462,15.98,5,"[15,20)",486,486
train,Ifran_6,Ifran_6_r000000_c002048,Ifran_6_r000000_c002048_Y2022_M07,Ifran_6|Ifran_6_r000000_c002048,Ifran_6|Ifran_6_r000000_c002048_Y2022_M07,IFRAN6_SG_0001,0,2048,2022,7,486,4.340000152587891,38.52999877929688,0.9997177816382462,15.98,5,"[15,20)",486,486
train,Ifran_6,Ifran_6_r000000_c002048,Ifran_6_r000000_c002048_Y2022_M08,Ifran_6|Ifran_6_r000000_c002048,Ifran_6|Ifran_6_r000000_c002048_Y2022_M08,IFRAN6_SG_0001,0,2048,2022,8,486,4.340000152587891,38.52999877929688,0.9997177816382462,15.98,5,"[15,20)",486,486
train,Ifran_6,Ifran_6_r000000_c002048,Ifran_6_r000000_c002048_Y2022_M09,Ifran_6|Ifran_6_r000000_c002048,Ifran_6|Ifran_6_r000000_c002048_Y2022_M09,IFRAN6_SG_0001,0,2048,2022,9,491,4.340000152587891,38.52999877929688,0.9997177816382462,15.96,5,"[15,20)",491,491
train,Ifran_6,Ifran_6_r000000_c002048,Ifran_6_r000000_c002048_Y2024_M05,Ifran_6|Ifran_6_r000000_c002048,Ifran_6|Ifran_6_r000000_c002048_Y2024_M05,IFRAN6_SG_0001,0,2048,2024,5,358,4.610000133514404,38.630001068115234,0.9997177816382462,18.243,5,"[15,20)",358,358
train,Ifran_6,Ifran_6_r000000_c002048,Ifran_6_r000000_c002048_Y2024_M06,Ifran_6|Ifran_6_r000000_c002048,Ifran_6|Ifran_6_r000000_c002048_Y2024_M06,IFRAN6_SG_0001,0,2048,2024,6,358,4.610000133514404,38.630001068115234,0.9997177816382462,18.243,5,"[15,20)",358,358
train,Ifran_6,Ifran_6_r000000_c002048,Ifran_6_r000000_c002048_Y2024_M07,Ifran_6|Ifran_6_r000000_c002048,Ifran_6|Ifran_6_r000000_c002048_Y2024_M07,IFRAN6_SG_0001,0,2048,2024,7,358,4.610000133514404,38.630001068115234,0.9997177816382462,18.243,5,"[15,20)",358,358
train,Ifran_6,Ifran_6_r000000_c002048,Ifran_6_r000000_c002048_Y2024_M08,Ifran_6|Ifran_6_r000000_c002048,Ifran_6|Ifran_6_r000000_c002048_Y2024_M08,IFRAN6_SG_0001,0,2048,2024,8,358,4.610000133514404,38.630001068115234,0.9997177816382462,18.243,5,"[15,20)",358,358
train,Ifran_6,Ifran_6_r000000_c002048,Ifran_6_r000000_c002048_Y2024_M09,Ifran_6|Ifran_6_r000000_c002048,Ifran_6|Ifran_6_r000000_c002048_Y2024_M09,IFRAN6_SG_0001,0,2048,2024,9,358,4.610000133514404,38.630001068115234,0.9997177816382462,18.243,5,"[15,20)",358,358
val,Ifran_6,Ifran_6_r000000_c002560,Ifran_6_r000000_c002560_Y2019_M05,Ifran_6|Ifran_6_r000000_c002560,Ifran_6|Ifran_6_r000000_c002560_Y2019_M05,IFRAN6_SG_0002,0,2560,2019,5,63,3.3299999237060547,22.0,0.9989223308444308,10.998000000000008,4,"[10,15)",63,63
val,Ifran_6,Ifran_6_r000000_c002560,Ifran_6_r000000_c002560_Y2019_M06,Ifran_6|Ifran_6_r000000_c002560,Ifran_6|Ifran_6_r000000_c002560_Y2019_M06,IFRAN6_SG_0002,0,2560,2019,6,63,3.3299999237060547,22.0,0.9989223308444308,10.998000000000008,4,"[10,15)",63,63
val,Ifran_6,Ifran_6_r000000_c002560,Ifran_6_r000000_c002560_Y2019_M07,Ifran_6|Ifran_6_r000000_c002560,Ifran_6|Ifran_6_r000000_c002560_Y2019_M07,IFRAN6_SG_0002,0,2560,2019,7,63,3.3299999237060547,22.0,0.9989223308444308,10.998000000000008,4,"[10,15)",63,63
val,Ifran_6,Ifran_6_r000000_c002560,Ifran_6_r000000_c002560_Y2019_M08,Ifran_6|Ifran_6_r000000_c002560,Ifran_6|Ifran_6_r000000_c002560_Y2019_M08,IFRAN6_SG_0002,0,2560,2019,8,63,3.3299999237060547,22.0,0.9989223308444308,10.998000000000008,4,"[10,15)",63,63
val,Ifran_6,Ifran_6_r000000_c002560,Ifran_6_r000000_c002560_Y2019_M09,Ifran_6|Ifran_6_r000000_c002560,Ifran_6|Ifran_6_r000000_c002560_Y2019_M09,IFRAN6_SG_0002,0,2560,2019,9,63,3.3299999237060547,22.0,0.9989223308444308,10.998000000000008,4,"[10,15)",63,63
val,Ifran_6,Ifran_6_r000000_c002560,Ifran_6_r000000_c002560_Y2020_M05,Ifran_6|Ifran_6_r000000_c002560,Ifran_6|Ifran_6_r000000_c002560_Y2020_M05,IFRAN6_SG_0002,0,2560,2020,5,48,3.494999885559082,18.68000030517578,0.9989223308444308,10.822,4,"[10,15)",48,48
val,Ifran_6,Ifran_6_r000000_c002560,Ifran_6_r000000_c002560_Y2020_M06,Ifran_6|Ifran_6_r000000_c002560,Ifran_6|Ifran_6_r000000_c002560_Y2020_M06,IFRAN6_SG_0002,0,2560,2020,6,48,3.494999885559082,18.68000030517578,0.9989223308444308,10.822,4,"[10,15)",48,48
val,Ifran_6,Ifran_6_r000000_c002560,Ifran_6_r000000_c002560_Y2020_M07,Ifran_6|Ifran_6_r000000_c002560,Ifran_6|Ifran_6_r000000_c002560_Y2020_M07,IFRAN6_SG_0002,0,2560,2020,7,48,3.494999885559082,18.68000030517578,0.9989223308444308,10.822,4,"[10,15)",48,48
val,Ifran_6,Ifran_6_r000000_c002560,Ifran_6_r000000_c002560_Y2020_M08,Ifran_6|Ifran_6_r000000_c002560,Ifran_6|Ifran_6_r000000_c002560_Y2020_M08,IFRAN6_SG_0002,0,2560,2020,8,48,3.494999885559082,18.68000030517578,0.9989223308444308,10.822,4,"[10,15)",48,48
val,Ifran_6,Ifran_6_r000000_c002560,Ifran_6_r000000_c002560_Y2020_M09,Ifran_6|Ifran_6_r000000_c002560,Ifran_6|Ifran_6_r000000_c002560_Y2020_M09,IFRAN6_SG_0002,0,2560,2020,9,48,3.494999885559082,18.68000030517578,0.9989223308444308,10.822,4,"[10,15)",48,48
val,Ifran_6,Ifran_6_r000000_c002560,Ifran_6_r000000_c002560_Y2021_M05,Ifran_6|Ifran_6_r000000_c002560,Ifran_6|Ifran_6_r000000_c002560_Y2021_M05,IFRAN6_SG_0002,0,2560,2021,5,70,2.9800000190734863,19.96999931335449,0.9989223308444308,9.207000000000006,3,"[8,10)",70,70
val,Ifran_6,Ifran_6_r000000_c002560,Ifran_6_r000000_c002560_Y2021_M06,Ifran_6|Ifran_6_r000000_c002560,Ifran_6|Ifran_6_r000000_c002560_Y2021_M06,IFRAN6_SG_0002,0,2560,2021,6,70,2.9800000190734863,19.96999931335449,0.9989223308444308,9.207000000000006,3,"[8,10)",70,70
val,Ifran_6,Ifran_6_r000000_c002560,Ifran_6_r000000_c002560_Y2021_M07,Ifran_6|Ifran_6_r000000_c002560,Ifran_6|Ifran_6_r000000_c002560_Y2021_M07,IFRAN6_SG_0002,0,2560,2021,7,70,2.9800000190734863,19.96999931335449,0.9989223308444308,9.207000000000006,3,"[8,10)",70,70
val,Ifran_6,Ifran_6_r000000_c002560,Ifran_6_r000000_c002560_Y2021_M08,Ifran_6|Ifran_6_r000000_c002560,Ifran_6|Ifran_6_r000000_c002560_Y2021_M08,IFRAN6_SG_0002,0,2560,2021,8,70,2.9800000190734863,19.96999931335449,0.9989223308444308,9.207000000000006,3,"[8,10)",70,70
val,Ifran_6,Ifran_6_r000000_c002560,Ifran_6_r000000_c002560_Y2021_M09,Ifran_6|Ifran_6_r000000_c002560,Ifran_6|Ifran_6_r000000_c002560_Y2021_M09,IFRAN6_SG_0002,0,2560,2021,9,70,2.9800000190734863,19.96999931335449,0.9989223308444308,9.207000000000006,3,"[8,10)",70,70
val,Ifran_6,Ifran_6_r000000_c002560,Ifran_6_r000000_c002560_Y2022_M05,Ifran_6|Ifran_6_r000000_c002560,Ifran_6|Ifran_6_r000000_c002560_Y2022_M05,IFRAN6_SG_0002,0,2560,2022,5,27,3.319999933242798,30.39999961853028,0.9989223308444308,10.410000000000007,4,"[10,15)",27,27
val,Ifran_6,Ifran_6_r000000_c002560,Ifran_6_r000000_c002560_Y2022_M06,Ifran_6|Ifran_6_r000000_c002560,Ifran_6|Ifran_6_r000000_c002560_Y2022_M06,IFRAN6_SG_0002,0,2560,2022,6,27,3.319999933242798,30.39999961853028,0.9989223308444308,10.410000000000007,4,"[10,15)",27,27
val,Ifran_6,Ifran_6_r000000_c002560,Ifran_6_r000000_c002560_Y2022_M07,Ifran_6|Ifran_6_r000000_c002560,Ifran_6|Ifran_6_r000000_c002560_Y2022_M07,IFRAN6_SG_0002,0,2560,2022,7,27,3.319999933242798,30.39999961853028,0.9989223308444308,10.410000000000007,4,"[10,15)",27,27
val,Ifran_6,Ifran_6_r000000_c002560,Ifran_6_r000000_c002560_Y2022_M08,Ifran_6|Ifran_6_r000000_c002560,Ifran_6|Ifran_6_r000000_c002560_Y2022_M08,IFRAN6_SG_0002,0,2560,2022,8,27,3.319999933242798,30.39999961853028,0.9989223308444308,10.410000000000007,4,"[10,15)",27,27
val,Ifran_6,Ifran_6_r000512_c001024,Ifran_6_r000512_c001024_Y2019_M05,Ifran_6|Ifran_6_r000512_c001024,Ifran_6|Ifran_6_r000512_c001024_Y2019_M05,IFRAN6_SG_0003,512,1024,2019,5,91,3.25,15.15999984741211,0.9995115796328709,8.16,3,"[8,10)",91,91
val,Ifran_6,Ifran_6_r000512_c001024,Ifran_6_r000512_c001024_Y2019_M06,Ifran_6|Ifran_6_r000512_c001024,Ifran_6|Ifran_6_r000512_c001024_Y2019_M06,IFRAN6_SG_0003,512,1024,2019,6,91,3.25,15.15999984741211,0.9995115796328709,8.16,3,"[8,10)",91,91
val,Ifran_6,Ifran_6_r000512_c001024,Ifran_6_r000512_c001024_Y2019_M07,Ifran_6|Ifran_6_r000512_c001024,Ifran_6|Ifran_6_r000512_c001024_Y2019_M07,IFRAN6_SG_0003,512,1024,2019,7,91,3.25,15.15999984741211,0.9995115796328709,8.16,3,"[8,10)",91,91
val,Ifran_6,Ifran_6_r000512_c001024,Ifran_6_r000512_c001024_Y2019_M08,Ifran_6|Ifran_6_r000512_c001024,Ifran_6|Ifran_6_r000512_c001024_Y2019_M08,IFRAN6_SG_0003,512,1024,2019,8,91,3.25,15.15999984741211,0.9995115796328709,8.16,3,"[8,10)",91,91
val,Ifran_6,Ifran_6_r000512_c001024,Ifran_6_r000512_c001024_Y2019_M09,Ifran_6|Ifran_6_r000512_c001024,Ifran_6|Ifran_6_r000512_c001024_Y2019_M09,IFRAN6_SG_0003,512,1024,2019,9,91,3.25,15.15999984741211,0.9995115796328709,8.16,3,"[8,10)",91,91
val,Ifran_6,Ifran_6_r000512_c001024,Ifran_6_r000512_c001024_Y2020_M05,Ifran_6|Ifran_6_r000512_c001024,Ifran_6|Ifran_6_r000512_c001024_Y2020_M05,IFRAN6_SG_0003,512,1024,2020,5,144,2.880000114440918,42.5,0.9995115796328709,9.094,3,"[8,10)",143,143
val,Ifran_6,Ifran_6_r000512_c001024,Ifran_6_r000512_c001024_Y2020_M06,Ifran_6|Ifran_6_r000512_c001024,Ifran_6|Ifran_6_r000512_c001024_Y2020_M06,IFRAN6_SG_0003,512,1024,2020,6,144,2.880000114440918,42.5,0.9995115796328709,9.094,3,"[8,10)",143,143
val,Ifran_6,Ifran_6_r000512_c001024,Ifran_6_r000512_c001024_Y2020_M07,Ifran_6|Ifran_6_r000512_c001024,Ifran_6|Ifran_6_r000512_c001024_Y2020_M07,IFRAN6_SG_0003,512,1024,2020,7,144,2.880000114440918,42.5,0.9995115796328709,9.094,3,"[8,10)",143,143
val,Ifran_6,Ifran_6_r000512_c001024,Ifran_6_r000512_c001024_Y2020_M08,Ifran_6|Ifran_6_r000512_c001024,Ifran_6|Ifran_6_r000512_c001024_Y2020_M08,IFRAN6_SG_0003,512,1024,2020,8,144,2.880000114440918,42.5,0.9995115796328709,9.094,3,"[8,10)",143,143
val,Ifran_6,Ifran_6_r000512_c001024,Ifran_6_r000512_c001024_Y2020_M09,Ifran_6|Ifran_6_r000512_c001024,Ifran_6|Ifran_6_r000512_c001024_Y2020_M09,IFRAN6_SG_0003,512,1024,2020,9,144,2.880000114440918,42.5,0.9995115796328709,9.094,3,"[8,10)",143,143
val,Ifran_6,Ifran_6_r000512_c001024,Ifran_6_r000512_c001024_Y2022_M05,Ifran_6|Ifran_6_r000512_c001024,Ifran_6|Ifran_6_r000512_c001024_Y2022_M05,IFRAN6_SG_0003,512,1024,2022,5,176,3.619999885559082,19.8799991607666,0.9995115796328709,9.415,3,"[8,10)",176,176
val,Ifran_6,Ifran_6_r000512_c001024,Ifran_6_r000512_c001024_Y2022_M06,Ifran_6|Ifran_6_r000512_c001024,Ifran_6|Ifran_6_r000512_c001024_Y2022_M06,IFRAN6_SG_0003,512,1024,2022,6,216,4.114999771118164,19.8799991607666,0.9995115796328709,10.535,4,"[10,15)",216,216
val,Ifran_6,Ifran_6_r000512_c001024,Ifran_6_r000512_c001024_Y2022_M07,Ifran_6|Ifran_6_r000512_c001024,Ifran_6|Ifran_6_r000512_c001024_Y2022_M07,IFRAN6_SG_0003,512,1024,2022,7,216,4.114999771118164,19.8799991607666,0.9995115796328709,10.535,4,"[10,15)",216,216
val,Ifran_6,Ifran_6_r000512_c001024,Ifran_6_r000512_c001024_Y2022_M08,Ifran_6|Ifran_6_r000512_c001024,Ifran_6|Ifran_6_r000512_c001024_Y2022_M08,IFRAN6_SG_0003,512,1024,2022,8,216,4.114999771118164,19.8799991607666,0.9995115796328709,10.535,4,"[10,15)",216,216
val,Ifran_6,Ifran_6_r000512_c001024,Ifran_6_r000512_c001024_Y2022_M09,Ifran_6|Ifran_6_r000512_c001024,Ifran_6|Ifran_6_r000512_c001024_Y2022_M09,IFRAN6_SG_0003,512,1024,2022,9,216,4.114999771118164,19.8799991607666,0.9995115796328709,10.535,4,"[10,15)",216,216
val,Ifran_6,Ifran_6_r000512_c001024,Ifran_6_r000512_c001024_Y2023_M05,Ifran_6|Ifran_6_r000512_c001024,Ifran_6|Ifran_6_r000512_c001024_Y2023_M05,IFRAN6_SG_0003,512,1024,2023,5,40,6.335000038146973,15.59000015258789,0.9995115796328709,12.548,4,"[10,15)",40,40
train,Ifran_6,Ifran_6_r000512_c001536,Ifran_6_r000512_c001536_Y2019_M05,Ifran_6|Ifran_6_r000512_c001536,Ifran_6|Ifran_6_r000512_c001536_Y2019_M05,IFRAN6_SG_0004,512,1536,2019,5,348,7.329999923706055,37.02999877929688,0.9999140907528924,18.16,5,"[15,20)",348,348
train,Ifran_6,Ifran_6_r000512_c001536,Ifran_6_r000512_c001536_Y2019_M06,Ifran_6|Ifran_6_r000512_c001536,Ifran_6|Ifran_6_r000512_c001536_Y2019_M06,IFRAN6_SG_0004,512,1536,2019,6,348,7.329999923706055,37.02999877929688,0.9999140907528924,18.16,5,"[15,20)",348,348
train,Ifran_6,Ifran_6_r000512_c001536,Ifran_6_r000512_c001536_Y2019_M07,Ifran_6|Ifran_6_r000512_c001536,Ifran_6|Ifran_6_r000512_c001536_Y2019_M07,IFRAN6_SG_0004,512,1536,2019,7,642,5.929999828338623,43.150001525878906,0.9999140907528924,19.53,5,"[15,20)",641,641
train,Ifran_6,Ifran_6_r000512_c001536,Ifran_6_r000512_c001536_Y2019_M08,Ifran_6|Ifran_6_r000512_c001536,Ifran_6|Ifran_6_r000512_c001536_Y2019_M08,IFRAN6_SG_0004,512,1536,2019,8,642,5.929999828338623,43.150001525878906,0.9999140907528924,19.53,5,"[15,20)",641,641
train,Ifran_6,Ifran_6_r000512_c001536,Ifran_6_r000512_c001536_Y2019_M09,Ifran_6|Ifran_6_r000512_c001536,Ifran_6|Ifran_6_r000512_c001536_Y2019_M09,IFRAN6_SG_0004,512,1536,2019,9,642,5.929999828338623,43.150001525878906,0.9999140907528924,19.53,5,"[15,20)",641,641
train,Ifran_6,Ifran_6_r000512_c001536,Ifran_6_r000512_c001536_Y2020_M05,Ifran_6|Ifran_6_r000512_c001536,Ifran_6|Ifran_6_r000512_c001536_Y2020_M05,IFRAN6_SG_0004,512,1536,2020,5,1285,6.809999942779541,43.150001525878906,0.9999140907528924,22.518,6,"[20,30)",1284,1284
train,Ifran_6,Ifran_6_r000512_c001536,Ifran_6_r000512_c001536_Y2020_M06,Ifran_6|Ifran_6_r000512_c001536,Ifran_6|Ifran_6_r000512_c001536_Y2020_M06,IFRAN6_SG_0004,512,1536,2020,6,1285,6.809999942779541,43.150001525878906,0.9999140907528924,22.518,6,"[20,30)",1284,1284
train,Ifran_6,Ifran_6_r000512_c001536,Ifran_6_r000512_c001536_Y2020_M07,Ifran_6|Ifran_6_r000512_c001536,Ifran_6|Ifran_6_r000512_c001536_Y2020_M07,IFRAN6_SG_0004,512,1536,2020,7,991,7.449999809265137,41.27000045776367,0.9999140907528924,22.57,6,"[20,30)",991,991
train,Ifran_6,Ifran_6_r000512_c001536,Ifran_6_r000512_c001536_Y2020_M08,Ifran_6|Ifran_6_r000512_c001536,Ifran_6|Ifran_6_r000512_c001536_Y2020_M08,IFRAN6_SG_0004,512,1536,2020,8,991,7.449999809265137,41.27000045776367,0.9999140907528924,22.57,6,"[20,30)",991,991
train,Ifran_6,Ifran_6_r000512_c001536,Ifran_6_r000512_c001536_Y2020_M09,Ifran_6|Ifran_6_r000512_c001536,Ifran_6|Ifran_6_r000512_c001536_Y2020_M09,IFRAN6_SG_0004,512,1536,2020,9,991,7.449999809265137,41.27000045776367,0.9999140907528924,22.57,6,"[20,30)",991,991
train,Ifran_6,Ifran_6_r000512_c001536,Ifran_6_r000512_c001536_Y2021_M05,Ifran_6|Ifran_6_r000512_c001536,Ifran_6|Ifran_6_r000512_c001536_Y2021_M05,IFRAN6_SG_0004,512,1536,2021,5,415,8.800000190734863,43.560001373291016,0.9999140907528924,22.515,6,"[20,30)",414,414
train,Ifran_6,Ifran_6_r000512_c001536,Ifran_6_r000512_c001536_Y2021_M06,Ifran_6|Ifran_6_r000512_c001536,Ifran_6|Ifran_6_r000512_c001536_Y2021_M06,IFRAN6_SG_0004,512,1536,2021,6,415,8.800000190734863,43.560001373291016,0.9999140907528924,22.515,6,"[20,30)",414,414
train,Ifran_6,Ifran_6_r000512_c001536,Ifran_6_r000512_c001536_Y2021_M07,Ifran_6|Ifran_6_r000512_c001536,Ifran_6|Ifran_6_r000512_c001536_Y2021_M07,IFRAN6_SG_0004,512,1536,2021,7,415,8.800000190734863,43.560001373291016,0.9999140907528924,22.515,6,"[20,30)",414,414
train,Ifran_6,Ifran_6_r000512_c001536,Ifran_6_r000512_c001536_Y2021_M08,Ifran_6|Ifran_6_r000512_c001536,Ifran_6|Ifran_6_r000512_c001536_Y2021_M08,IFRAN6_SG_0004,512,1536,2021,8,415,8.800000190734863,43.560001373291016,0.9999140907528924,22.515,6,"[20,30)",414,414
train,Ifran_6,Ifran_6_r000512_c001536,Ifran_6_r000512_c001536_Y2021_M09,Ifran_6|Ifran_6_r000512_c001536,Ifran_6|Ifran_6_r000512_c001536_Y2021_M09,IFRAN6_SG_0004,512,1536,2021,9,415,8.800000190734863,43.560001373291016,0.9999140907528924,22.515,6,"[20,30)",414,414
train,Ifran_6,Ifran_6_r000512_c001536,Ifran_6_r000512_c001536_Y2022_M05,Ifran_6|Ifran_6_r000512_c001536,Ifran_6|Ifran_6_r000512_c001536_Y2022_M05,IFRAN6_SG_0004,512,1536,2022,5,1232,7.715000152587891,42.790000915527344,0.9999140907528924,21.72,6,"[20,30)",1231,1231
train,Ifran_6,Ifran_6_r000512_c001536,Ifran_6_r000512_c001536_Y2022_M06,Ifran_6|Ifran_6_r000512_c001536,Ifran_6|Ifran_6_r000512_c001536_Y2022_M06,IFRAN6_SG_0004,512,1536,2022,6,1268,7.815000057220459,42.790000915527344,0.9999140907528924,21.426,6,"[20,30)",1267,1267
train,Ifran_6,Ifran_6_r000512_c001536,Ifran_6_r000512_c001536_Y2022_M07,Ifran_6|Ifran_6_r000512_c001536,Ifran_6|Ifran_6_r000512_c001536_Y2022_M07,IFRAN6_SG_0004,512,1536,2022,7,1268,7.815000057220459,42.790000915527344,0.9999140907528924,21.426,6,"[20,30)",1267,1267
train,Ifran_6,Ifran_6_r000512_c001536,Ifran_6_r000512_c001536_Y2022_M08,Ifran_6|Ifran_6_r000512_c001536,Ifran_6|Ifran_6_r000512_c001536_Y2022_M08,IFRAN6_SG_0004,512,1536,2022,8,1268,7.815000057220459,42.790000915527344,0.9999140907528924,21.426,6,"[20,30)",1267,1267
train,Ifran_6,Ifran_6_r000512_c001536,Ifran_6_r000512_c001536_Y2022_M09,Ifran_6|Ifran_6_r000512_c001536,Ifran_6|Ifran_6_r000512_c001536_Y2022_M09,IFRAN6_SG_0004,512,1536,2022,9,1431,7.239999771118164,42.790000915527344,0.9999140907528924,22.581000000000014,6,"[20,30)",1430,1430
train,Ifran_6,Ifran_6_r000512_c001536,Ifran_6_r000512_c001536_Y2023_M05,Ifran_6|Ifran_6_r000512_c001536,Ifran_6|Ifran_6_r000512_c001536_Y2023_M05,IFRAN6_SG_0004,512,1536,2023,5,199,5.010000228881836,40.83000183105469,0.9999140907528924,28.122000000000003,6,"[20,30)",199,199
train,Ifran_6,Ifran_6_r000512_c001536,Ifran_6_r000512_c001536_Y2023_M06,Ifran_6|Ifran_6_r000512_c001536,Ifran_6|Ifran_6_r000512_c001536_Y2023_M06,IFRAN6_SG_0004,512,1536,2023,6,163,3.660000085830689,40.83000183105469,0.9999140907528924,30.582,7,"[30,40)",163,163
train,Ifran_6,Ifran_6_r000512_c001536,Ifran_6_r000512_c001536_Y2023_M07,Ifran_6|Ifran_6_r000512_c001536,Ifran_6|Ifran_6_r000512_c001536_Y2023_M07,IFRAN6_SG_0004,512,1536,2023,7,163,3.660000085830689,40.83000183105469,0.9999140907528924,30.582,7,"[30,40)",163,163
train,Ifran_6,Ifran_6_r000512_c001536,Ifran_6_r000512_c001536_Y2023_M08,Ifran_6|Ifran_6_r000512_c001536,Ifran_6|Ifran_6_r000512_c001536_Y2023_M08,IFRAN6_SG_0004,512,1536,2023,8,163,3.660000085830689,40.83000183105469,0.9999140907528924,30.582,7,"[30,40)",163,163
train,Ifran_6,Ifran_6_r000512_c001536,Ifran_6_r000512_c001536_Y2024_M05,Ifran_6|Ifran_6_r000512_c001536,Ifran_6|Ifran_6_r000512_c001536_Y2024_M05,IFRAN6_SG_0004,512,1536,2024,5,80,3.390000104904175,42.4900016784668,0.9999140907528924,18.094000000000005,5,"[15,20)",79,79
train,Ifran_6,Ifran_6_r000512_c001536,Ifran_6_r000512_c001536_Y2024_M06,Ifran_6|Ifran_6_r000512_c001536,Ifran_6|Ifran_6_r000512_c001536_Y2024_M06,IFRAN6_SG_0004,512,1536,2024,6,80,3.390000104904175,42.4900016784668,0.9999140907528924,18.094000000000005,5,"[15,20)",79,79
train,Ifran_6,Ifran_6_r000512_c001536,Ifran_6_r000512_c001536_Y2024_M07,Ifran_6|Ifran_6_r000512_c001536,Ifran_6|Ifran_6_r000512_c001536_Y2024_M07,IFRAN6_SG_0004,512,1536,2024,7,80,3.390000104904175,42.4900016784668,0.9999140907528924,18.094000000000005,5,"[15,20)",79,79
train,Ifran_6,Ifran_6_r000512_c001536,Ifran_6_r000512_c001536_Y2024_M08,Ifran_6|Ifran_6_r000512_c001536,Ifran_6|Ifran_6_r000512_c001536_Y2024_M08,IFRAN6_SG_0004,512,1536,2024,8,80,3.390000104904175,42.4900016784668,0.9999140907528924,18.094000000000005,5,"[15,20)",79,79
train,Ifran_6,Ifran_6_r000512_c001536,Ifran_6_r000512_c001536_Y2024_M09,Ifran_6|Ifran_6_r000512_c001536,Ifran_6|Ifran_6_r000512_c001536_Y2024_M09,IFRAN6_SG_0004,512,1536,2024,9,80,3.390000104904175,42.4900016784668,0.9999140907528924,18.094000000000005,5,"[15,20)",79,79
train,Ifran_6,Ifran_6_r000512_c002048,Ifran_6_r000512_c002048_Y2019_M07,Ifran_6|Ifran_6_r000512_c002048,Ifran_6|Ifran_6_r000512_c002048_Y2019_M07,IFRAN6_SG_0005,512,2048,2019,7,287,3.359999895095825,38.79999923706055,1.0,19.98600000000002,5,"[15,20)",287,287
train,Ifran_6,Ifran_6_r000512_c002048,Ifran_6_r000512_c002048_Y2019_M08,Ifran_6|Ifran_6_r000512_c002048,Ifran_6|Ifran_6_r000512_c002048_Y2019_M08,IFRAN6_SG_0005,512,2048,2019,8,287,3.359999895095825,38.79999923706055,1.0,19.98600000000002,5,"[15,20)",287,287
train,Ifran_6,Ifran_6_r000512_c002048,Ifran_6_r000512_c002048_Y2019_M09,Ifran_6|Ifran_6_r000512_c002048,Ifran_6|Ifran_6_r000512_c002048_Y2019_M09,IFRAN6_SG_0005,512,2048,2019,9,287,3.359999895095825,38.79999923706055,1.0,19.98600000000002,5,"[15,20)",287,287
train,Ifran_6,Ifran_6_r000512_c002048,Ifran_6_r000512_c002048_Y2020_M05,Ifran_6|Ifran_6_r000512_c002048,Ifran_6|Ifran_6_r000512_c002048_Y2020_M05,IFRAN6_SG_0005,512,2048,2020,5,940,3.2100000381469727,40.77000045776367,1.0,23.861000000000004,6,"[20,30)",940,940
train,Ifran_6,Ifran_6_r000512_c002048,Ifran_6_r000512_c002048_Y2020_M06,Ifran_6|Ifran_6_r000512_c002048,Ifran_6|Ifran_6_r000512_c002048_Y2020_M06,IFRAN6_SG_0005,512,2048,2020,6,940,3.2100000381469727,40.77000045776367,1.0,23.861000000000004,6,"[20,30)",940,940
train,Ifran_6,Ifran_6_r000512_c002048,Ifran_6_r000512_c002048_Y2020_M07,Ifran_6|Ifran_6_r000512_c002048,Ifran_6|Ifran_6_r000512_c002048_Y2020_M07,IFRAN6_SG_0005,512,2048,2020,7,681,3.0999999046325684,40.77000045776367,1.0,24.29,6,"[20,30)",681,681
train,Ifran_6,Ifran_6_r000512_c002048,Ifran_6_r000512_c002048_Y2020_M08,Ifran_6|Ifran_6_r000512_c002048,Ifran_6|Ifran_6_r000512_c002048_Y2020_M08,IFRAN6_SG_0005,512,2048,2020,8,681,3.0999999046325684,40.77000045776367,1.0,24.29,6,"[20,30)",681,681
train,Ifran_6,Ifran_6_r000512_c002048,Ifran_6_r000512_c002048_Y2020_M09,Ifran_6|Ifran_6_r000512_c002048,Ifran_6|Ifran_6_r000512_c002048_Y2020_M09,IFRAN6_SG_0005,512,2048,2020,9,681,3.0999999046325684,40.77000045776367,1.0,24.29,6,"[20,30)",681,681
train,Ifran_6,Ifran_6_r000512_c002048,Ifran_6_r000512_c002048_Y2021_M05,Ifran_6|Ifran_6_r000512_c002048,Ifran_6|Ifran_6_r000512_c002048_Y2021_M05,IFRAN6_SG_0005,512,2048,2021,5,156,4.550000190734863,37.16999816894531,1.0,23.785,6,"[20,30)",156,156
train,Ifran_6,Ifran_6_r000512_c002048,Ifran_6_r000512_c002048_Y2021_M06,Ifran_6|Ifran_6_r000512_c002048,Ifran_6|Ifran_6_r000512_c002048_Y2021_M06,IFRAN6_SG_0005,512,2048,2021,6,156,4.550000190734863,37.16999816894531,1.0,23.785,6,"[20,30)",156,156
train,Ifran_6,Ifran_6_r000512_c002048,Ifran_6_r000512_c002048_Y2021_M07,Ifran_6|Ifran_6_r000512_c002048,Ifran_6|Ifran_6_r000512_c002048_Y2021_M07,IFRAN6_SG_0005,512,2048,2021,7,156,4.550000190734863,37.16999816894531,1.0,23.785,6,"[20,30)",156,156
train,Ifran_6,Ifran_6_r000512_c002048,Ifran_6_r000512_c002048_Y2021_M08,Ifran_6|Ifran_6_r000512_c002048,Ifran_6|Ifran_6_r000512_c002048_Y2021_M08,IFRAN6_SG_0005,512,2048,2021,8,156,4.550000190734863,37.16999816894531,1.0,23.785,6,"[20,30)",156,156
train,Ifran_6,Ifran_6_r000512_c002048,Ifran_6_r000512_c002048_Y2021_M09,Ifran_6|Ifran_6_r000512_c002048,Ifran_6|Ifran_6_r000512_c002048_Y2021_M09,IFRAN6_SG_0005,512,2048,2021,9,156,4.550000190734863,37.16999816894531,1.0,23.785,6,"[20,30)",156,156
train,Ifran_6,Ifran_6_r000512_c002048,Ifran_6_r000512_c002048_Y2022_M05,Ifran_6|Ifran_6_r000512_c002048,Ifran_6|Ifran_6_r000512_c002048_Y2022_M05,IFRAN6_SG_0005,512,2048,2022,5,790,3.2100000381469727,39.369998931884766,1.0,20.610000000000007,6,"[20,30)",790,790
train,Ifran_6,Ifran_6_r000512_c002048,Ifran_6_r000512_c002048_Y2022_M06,Ifran_6|Ifran_6_r000512_c002048,Ifran_6|Ifran_6_r000512_c002048_Y2022_M06,IFRAN6_SG_0005,512,2048,2022,6,790,3.2100000381469727,39.369998931884766,1.0,20.610000000000007,6,"[20,30)",790,790
train,Ifran_6,Ifran_6_r000512_c002048,Ifran_6_r000512_c002048_Y2022_M07,Ifran_6|Ifran_6_r000512_c002048,Ifran_6|Ifran_6_r000512_c002048_Y2022_M07,IFRAN6_SG_0005,512,2048,2022,7,790,3.2100000381469727,39.369998931884766,1.0,20.610000000000007,6,"[20,30)",790,790
train,Ifran_6,Ifran_6_r000512_c002048,Ifran_6_r000512_c002048_Y2022_M08,Ifran_6|Ifran_6_r000512_c002048,Ifran_6|Ifran_6_r000512_c002048_Y2022_M08,IFRAN6_SG_0005,512,2048,2022,8,790,3.2100000381469727,39.369998931884766,1.0,20.610000000000007,6,"[20,30)",790,790
train,Ifran_6,Ifran_6_r000512_c002048,Ifran_6_r000512_c002048_Y2022_M09,Ifran_6|Ifran_6_r000512_c002048,Ifran_6|Ifran_6_r000512_c002048_Y2022_M09,IFRAN6_SG_0005,512,2048,2022,9,1155,3.309999942779541,44.36000061035156,1.0,22.319000000000003,6,"[20,30)",1154,1154
train,Ifran_6,Ifran_6_r000512_c002048,Ifran_6_r000512_c002048_Y2023_M05,Ifran_6|Ifran_6_r000512_c002048,Ifran_6|Ifran_6_r000512_c002048_Y2023_M05,IFRAN6_SG_0005,512,2048,2023,5,365,3.660000085830689,44.36000061035156,1.0,25.047,6,"[20,30)",364,364
train,Ifran_6,Ifran_6_r000512_c002048,Ifran_6_r000512_c002048_Y2023_M06,Ifran_6|Ifran_6_r000512_c002048,Ifran_6|Ifran_6_r000512_c002048_Y2023_M06,IFRAN6_SG_0005,512,2048,2023,6,365,3.660000085830689,44.36000061035156,1.0,25.047,6,"[20,30)",364,364
train,Ifran_6,Ifran_6_r000512_c002048,Ifran_6_r000512_c002048_Y2023_M07,Ifran_6|Ifran_6_r000512_c002048,Ifran_6|Ifran_6_r000512_c002048_Y2023_M07,IFRAN6_SG_0005,512,2048,2023,7,365,3.660000085830689,44.36000061035156,1.0,25.047,6,"[20,30)",364,364
train,Ifran_6,Ifran_6_r000512_c002048,Ifran_6_r000512_c002048_Y2023_M08,Ifran_6|Ifran_6_r000512_c002048,Ifran_6|Ifran_6_r000512_c002048_Y2023_M08,IFRAN6_SG_0005,512,2048,2023,8,365,3.660000085830689,44.36000061035156,1.0,25.047,6,"[20,30)",364,364
train,Ifran_6,Ifran_6_r000512_c002048,Ifran_6_r000512_c002048_Y2024_M05,Ifran_6|Ifran_6_r000512_c002048,Ifran_6|Ifran_6_r000512_c002048_Y2024_M05,IFRAN6_SG_0005,512,2048,2024,5,861,2.759999990463257,39.81999969482422,1.0,14.63,4,"[10,15)",861,861
train,Ifran_6,Ifran_6_r000512_c002048,Ifran_6_r000512_c002048_Y2024_M06,Ifran_6|Ifran_6_r000512_c002048,Ifran_6|Ifran_6_r000512_c002048_Y2024_M06,IFRAN6_SG_0005,512,2048,2024,6,861,2.759999990463257,39.81999969482422,1.0,14.63,4,"[10,15)",861,861
train,Ifran_6,Ifran_6_r000512_c002048,Ifran_6_r000512_c002048_Y2024_M07,Ifran_6|Ifran_6_r000512_c002048,Ifran_6|Ifran_6_r000512_c002048_Y2024_M07,IFRAN6_SG_0005,512,2048,2024,7,861,2.759999990463257,39.81999969482422,1.0,14.63,4,"[10,15)",861,861
train,Ifran_6,Ifran_6_r000512_c002048,Ifran_6_r000512_c002048_Y2024_M08,Ifran_6|Ifran_6_r000512_c002048,Ifran_6|Ifran_6_r000512_c002048_Y2024_M08,IFRAN6_SG_0005,512,2048,2024,8,861,2.759999990463257,39.81999969482422,1.0,14.63,4,"[10,15)",861,861
train,Ifran_6,Ifran_6_r000512_c002048,Ifran_6_r000512_c002048_Y2024_M09,Ifran_6|Ifran_6_r000512_c002048,Ifran_6|Ifran_6_r000512_c002048_Y2024_M09,IFRAN6_SG_0005,512,2048,2024,9,861,2.759999990463257,39.81999969482422,1.0,14.63,4,"[10,15)",861,861
train,Ifran_6,Ifran_6_r000512_c002560,Ifran_6_r000512_c002560_Y2019_M05,Ifran_6|Ifran_6_r000512_c002560,Ifran_6|Ifran_6_r000512_c002560_Y2019_M05,IFRAN6_SG_0006,512,2560,2019,5,419,9.31999969482422,35.869998931884766,0.9998850480335004,25.578,6,"[20,30)",419,419
train,Ifran_6,Ifran_6_r000512_c002560,Ifran_6_r000512_c002560_Y2019_M06,Ifran_6|Ifran_6_r000512_c002560,Ifran_6|Ifran_6_r000512_c002560_Y2019_M06,IFRAN6_SG_0006,512,2560,2019,6,419,9.31999969482422,35.869998931884766,0.9998850480335004,25.578,6,"[20,30)",419,419
train,Ifran_6,Ifran_6_r000512_c002560,Ifran_6_r000512_c002560_Y2019_M07,Ifran_6|Ifran_6_r000512_c002560,Ifran_6|Ifran_6_r000512_c002560_Y2019_M07,IFRAN6_SG_0006,512,2560,2019,7,419,9.31999969482422,35.869998931884766,0.9998850480335004,25.578,6,"[20,30)",419,419
train,Ifran_6,Ifran_6_r000512_c002560,Ifran_6_r000512_c002560_Y2019_M08,Ifran_6|Ifran_6_r000512_c002560,Ifran_6|Ifran_6_r000512_c002560_Y2019_M08,IFRAN6_SG_0006,512,2560,2019,8,419,9.31999969482422,35.869998931884766,0.9998850480335004,25.578,6,"[20,30)",419,419
train,Ifran_6,Ifran_6_r000512_c002560,Ifran_6_r000512_c002560_Y2019_M09,Ifran_6|Ifran_6_r000512_c002560,Ifran_6|Ifran_6_r000512_c002560_Y2019_M09,IFRAN6_SG_0006,512,2560,2019,9,419,9.31999969482422,35.869998931884766,0.9998850480335004,25.578,6,"[20,30)",419,419
train,Ifran_6,Ifran_6_r000512_c002560,Ifran_6_r000512_c002560_Y2020_M05,Ifran_6|Ifran_6_r000512_c002560,Ifran_6|Ifran_6_r000512_c002560_Y2020_M05,IFRAN6_SG_0006,512,2560,2020,5,889,12.56999969482422,39.720001220703125,0.9998850480335004,27.596,6,"[20,30)",889,889
train,Ifran_6,Ifran_6_r000512_c002560,Ifran_6_r000512_c002560_Y2020_M06,Ifran_6|Ifran_6_r000512_c002560,Ifran_6|Ifran_6_r000512_c002560_Y2020_M06,IFRAN6_SG_0006,512,2560,2020,6,889,12.56999969482422,39.720001220703125,0.9998850480335004,27.596,6,"[20,30)",889,889
train,Ifran_6,Ifran_6_r000512_c002560,Ifran_6_r000512_c002560_Y2020_M07,Ifran_6|Ifran_6_r000512_c002560,Ifran_6|Ifran_6_r000512_c002560_Y2020_M07,IFRAN6_SG_0006,512,2560,2020,7,889,12.56999969482422,39.720001220703125,0.9998850480335004,27.596,6,"[20,30)",889,889
train,Ifran_6,Ifran_6_r000512_c002560,Ifran_6_r000512_c002560_Y2020_M08,Ifran_6|Ifran_6_r000512_c002560,Ifran_6|Ifran_6_r000512_c002560_Y2020_M08,IFRAN6_SG_0006,512,2560,2020,8,889,12.56999969482422,39.720001220703125,0.9998850480335004,27.596,6,"[20,30)",889,889
train,Ifran_6,Ifran_6_r000512_c002560,Ifran_6_r000512_c002560_Y2020_M09,Ifran_6|Ifran_6_r000512_c002560,Ifran_6|Ifran_6_r000512_c002560_Y2020_M09,IFRAN6_SG_0006,512,2560,2020,9,889,12.56999969482422,39.720001220703125,0.9998850480335004,27.596,6,"[20,30)",889,889
train,Ifran_6,Ifran_6_r000512_c002560,Ifran_6_r000512_c002560_Y2021_M05,Ifran_6|Ifran_6_r000512_c002560,Ifran_6|Ifran_6_r000512_c002560_Y2021_M05,IFRAN6_SG_0006,512,2560,2021,5,232,2.634999990463257,37.130001068115234,0.9998850480335004,19.102,5,"[15,20)",232,232
train,Ifran_6,Ifran_6_r000512_c002560,Ifran_6_r000512_c002560_Y2021_M06,Ifran_6|Ifran_6_r000512_c002560,Ifran_6|Ifran_6_r000512_c002560_Y2021_M06,IFRAN6_SG_0006,512,2560,2021,6,232,2.634999990463257,37.130001068115234,0.9998850480335004,19.102,5,"[15,20)",232,232
train,Ifran_6,Ifran_6_r000512_c002560,Ifran_6_r000512_c002560_Y2021_M07,Ifran_6|Ifran_6_r000512_c002560,Ifran_6|Ifran_6_r000512_c002560_Y2021_M07,IFRAN6_SG_0006,512,2560,2021,7,232,2.634999990463257,37.130001068115234,0.9998850480335004,19.102,5,"[15,20)",232,232
train,Ifran_6,Ifran_6_r000512_c002560,Ifran_6_r000512_c002560_Y2021_M08,Ifran_6|Ifran_6_r000512_c002560,Ifran_6|Ifran_6_r000512_c002560_Y2021_M08,IFRAN6_SG_0006,512,2560,2021,8,232,2.634999990463257,37.130001068115234,0.9998850480335004,19.102,5,"[15,20)",232,232
train,Ifran_6,Ifran_6_r000512_c002560,Ifran_6_r000512_c002560_Y2021_M09,Ifran_6|Ifran_6_r000512_c002560,Ifran_6|Ifran_6_r000512_c002560_Y2021_M09,IFRAN6_SG_0006,512,2560,2021,9,232,2.634999990463257,37.130001068115234,0.9998850480335004,19.102,5,"[15,20)",232,232
train,Ifran_6,Ifran_6_r000512_c002560,Ifran_6_r000512_c002560_Y2022_M05,Ifran_6|Ifran_6_r000512_c002560,Ifran_6|Ifran_6_r000512_c002560_Y2022_M05,IFRAN6_SG_0006,512,2560,2022,5,323,10.9399995803833,37.7400016784668,0.9998850480335004,23.98,6,"[20,30)",323,323
train,Ifran_6,Ifran_6_r000512_c002560,Ifran_6_r000512_c002560_Y2022_M06,Ifran_6|Ifran_6_r000512_c002560,Ifran_6|Ifran_6_r000512_c002560_Y2022_M06,IFRAN6_SG_0006,512,2560,2022,6,323,10.9399995803833,37.7400016784668,0.9998850480335004,23.98,6,"[20,30)",323,323
train,Ifran_6,Ifran_6_r000512_c002560,Ifran_6_r000512_c002560_Y2022_M07,Ifran_6|Ifran_6_r000512_c002560,Ifran_6|Ifran_6_r000512_c002560_Y2022_M07,IFRAN6_SG_0006,512,2560,2022,7,323,10.9399995803833,37.7400016784668,0.9998850480335004,23.98,6,"[20,30)",323,323
train,Ifran_6,Ifran_6_r000512_c002560,Ifran_6_r000512_c002560_Y2022_M08,Ifran_6|Ifran_6_r000512_c002560,Ifran_6|Ifran_6_r000512_c002560_Y2022_M08,IFRAN6_SG_0006,512,2560,2022,8,323,10.9399995803833,37.7400016784668,0.9998850480335004,23.98,6,"[20,30)",323,323
train,Ifran_6,Ifran_6_r000512_c002560,Ifran_6_r000512_c002560_Y2022_M09,Ifran_6|Ifran_6_r000512_c002560,Ifran_6|Ifran_6_r000512_c002560_Y2022_M09,IFRAN6_SG_0006,512,2560,2022,9,842,12.005000114440918,41.11000061035156,0.9998850480335004,25.08,6,"[20,30)",842,842
train,Ifran_6,Ifran_6_r000512_c002560,Ifran_6_r000512_c002560_Y2023_M05,Ifran_6|Ifran_6_r000512_c002560,Ifran_6|Ifran_6_r000512_c002560_Y2023_M05,IFRAN6_SG_0006,512,2560,2023,5,519,12.989999771118164,41.11000061035156,0.9998850480335004,25.884,6,"[20,30)",519,519
train,Ifran_6,Ifran_6_r000512_c002560,Ifran_6_r000512_c002560_Y2023_M06,Ifran_6|Ifran_6_r000512_c002560,Ifran_6|Ifran_6_r000512_c002560_Y2023_M06,IFRAN6_SG_0006,512,2560,2023,6,519,12.989999771118164,41.11000061035156,0.9998850480335004,25.884,6,"[20,30)",519,519
train,Ifran_6,Ifran_6_r000512_c002560,Ifran_6_r000512_c002560_Y2023_M07,Ifran_6|Ifran_6_r000512_c002560,Ifran_6|Ifran_6_r000512_c002560_Y2023_M07,IFRAN6_SG_0006,512,2560,2023,7,519,12.989999771118164,41.11000061035156,0.9998850480335004,25.884,6,"[20,30)",519,519
train,Ifran_6,Ifran_6_r000512_c002560,Ifran_6_r000512_c002560_Y2023_M08,Ifran_6|Ifran_6_r000512_c002560,Ifran_6|Ifran_6_r000512_c002560_Y2023_M08,IFRAN6_SG_0006,512,2560,2023,8,519,12.989999771118164,41.11000061035156,0.9998850480335004,25.884,6,"[20,30)",519,519
train,Ifran_6,Ifran_6_r000512_c002560,Ifran_6_r000512_c002560_Y2024_M05,Ifran_6|Ifran_6_r000512_c002560,Ifran_6|Ifran_6_r000512_c002560_Y2024_M05,IFRAN6_SG_0006,512,2560,2024,5,745,10.40999984741211,42.47999954223633,0.9998850480335004,26.79900000000001,6,"[20,30)",744,744
train,Ifran_6,Ifran_6_r000512_c002560,Ifran_6_r000512_c002560_Y2024_M06,Ifran_6|Ifran_6_r000512_c002560,Ifran_6|Ifran_6_r000512_c002560_Y2024_M06,IFRAN6_SG_0006,512,2560,2024,6,745,10.40999984741211,42.47999954223633,0.9998850480335004,26.79900000000001,6,"[20,30)",744,744
train,Ifran_6,Ifran_6_r000512_c002560,Ifran_6_r000512_c002560_Y2024_M07,Ifran_6|Ifran_6_r000512_c002560,Ifran_6|Ifran_6_r000512_c002560_Y2024_M07,IFRAN6_SG_0006,512,2560,2024,7,745,10.40999984741211,42.47999954223633,0.9998850480335004,26.79900000000001,6,"[20,30)",744,744
train,Ifran_6,Ifran_6_r000512_c002560,Ifran_6_r000512_c002560_Y2024_M08,Ifran_6|Ifran_6_r000512_c002560,Ifran_6|Ifran_6_r000512_c002560_Y2024_M08,IFRAN6_SG_0006,512,2560,2024,8,745,10.40999984741211,42.47999954223633,0.9998850480335004,26.79900000000001,6,"[20,30)",744,744
train,Ifran_6,Ifran_6_r000512_c002560,Ifran_6_r000512_c002560_Y2024_M09,Ifran_6|Ifran_6_r000512_c002560,Ifran_6|Ifran_6_r000512_c002560_Y2024_M09,IFRAN6_SG_0006,512,2560,2024,9,745,10.40999984741211,42.47999954223633,0.9998850480335004,26.79900000000001,6,"[20,30)",744,744
train,Ifran_6,Ifran_6_r001024_c000512,Ifran_6_r001024_c000512_Y2019_M05,Ifran_6|Ifran_6_r001024_c000512,Ifran_6|Ifran_6_r001024_c000512_Y2019_M05,IFRAN6_SG_0007,1024,512,2019,5,160,7.260000228881836,30.18000030517578,0.9993225881803316,16.85,5,"[15,20)",160,160
train,Ifran_6,Ifran_6_r001024_c000512,Ifran_6_r001024_c000512_Y2019_M06,Ifran_6|Ifran_6_r001024_c000512,Ifran_6|Ifran_6_r001024_c000512_Y2019_M06,IFRAN6_SG_0007,1024,512,2019,6,160,7.260000228881836,30.18000030517578,0.9993225881803316,16.85,5,"[15,20)",160,160
train,Ifran_6,Ifran_6_r001024_c000512,Ifran_6_r001024_c000512_Y2019_M07,Ifran_6|Ifran_6_r001024_c000512,Ifran_6|Ifran_6_r001024_c000512_Y2019_M07,IFRAN6_SG_0007,1024,512,2019,7,176,7.935000419616699,30.18000030517578,0.9993225881803316,17.485,5,"[15,20)",176,176
train,Ifran_6,Ifran_6_r001024_c000512,Ifran_6_r001024_c000512_Y2019_M08,Ifran_6|Ifran_6_r001024_c000512,Ifran_6|Ifran_6_r001024_c000512_Y2019_M08,IFRAN6_SG_0007,1024,512,2019,8,176,7.935000419616699,30.18000030517578,0.9993225881803316,17.485,5,"[15,20)",176,176
train,Ifran_6,Ifran_6_r001024_c000512,Ifran_6_r001024_c000512_Y2019_M09,Ifran_6|Ifran_6_r001024_c000512,Ifran_6|Ifran_6_r001024_c000512_Y2019_M09,IFRAN6_SG_0007,1024,512,2019,9,176,7.935000419616699,30.18000030517578,0.9993225881803316,17.485,5,"[15,20)",176,176
train,Ifran_6,Ifran_6_r001024_c000512,Ifran_6_r001024_c000512_Y2020_M05,Ifran_6|Ifran_6_r001024_c000512,Ifran_6|Ifran_6_r001024_c000512_Y2020_M05,IFRAN6_SG_0007,1024,512,2020,5,16,8.569999694824219,23.90999984741211,0.9993225881803316,21.425,6,"[20,30)",16,16
train,Ifran_6,Ifran_6_r001024_c000512,Ifran_6_r001024_c000512_Y2020_M06,Ifran_6|Ifran_6_r001024_c000512,Ifran_6|Ifran_6_r001024_c000512_Y2020_M06,IFRAN6_SG_0007,1024,512,2020,6,16,8.569999694824219,23.90999984741211,0.9993225881803316,21.425,6,"[20,30)",16,16
train,Ifran_6,Ifran_6_r001024_c000512,Ifran_6_r001024_c000512_Y2021_M05,Ifran_6|Ifran_6_r001024_c000512,Ifran_6|Ifran_6_r001024_c000512_Y2021_M05,IFRAN6_SG_0007,1024,512,2021,5,18,5.704999923706055,11.489999771118164,0.9993225881803316,9.131,3,"[8,10)",18,18
train,Ifran_6,Ifran_6_r001024_c000512,Ifran_6_r001024_c000512_Y2021_M06,Ifran_6|Ifran_6_r001024_c000512,Ifran_6|Ifran_6_r001024_c000512_Y2021_M06,IFRAN6_SG_0007,1024,512,2021,6,18,5.704999923706055,11.489999771118164,0.9993225881803316,9.131,3,"[8,10)",18,18
train,Ifran_6,Ifran_6_r001024_c000512,Ifran_6_r001024_c000512_Y2021_M07,Ifran_6|Ifran_6_r001024_c000512,Ifran_6|Ifran_6_r001024_c000512_Y2021_M07,IFRAN6_SG_0007,1024,512,2021,7,18,5.704999923706055,11.489999771118164,0.9993225881803316,9.131,3,"[8,10)",18,18
train,Ifran_6,Ifran_6_r001024_c000512,Ifran_6_r001024_c000512_Y2021_M08,Ifran_6|Ifran_6_r001024_c000512,Ifran_6|Ifran_6_r001024_c000512_Y2021_M08,IFRAN6_SG_0007,1024,512,2021,8,18,5.704999923706055,11.489999771118164,0.9993225881803316,9.131,3,"[8,10)",18,18
train,Ifran_6,Ifran_6_r001024_c000512,Ifran_6_r001024_c000512_Y2021_M09,Ifran_6|Ifran_6_r001024_c000512,Ifran_6|Ifran_6_r001024_c000512_Y2021_M09,IFRAN6_SG_0007,1024,512,2021,9,18,5.704999923706055,11.489999771118164,0.9993225881803316,9.131,3,"[8,10)",18,18
train,Ifran_6,Ifran_6_r001024_c000512,Ifran_6_r001024_c000512_Y2022_M05,Ifran_6|Ifran_6_r001024_c000512,Ifran_6|Ifran_6_r001024_c000512_Y2022_M05,IFRAN6_SG_0007,1024,512,2022,5,139,6.449999809265137,21.61000061035156,0.9993225881803316,13.674000000000005,4,"[10,15)",139,139
train,Ifran_6,Ifran_6_r001024_c000512,Ifran_6_r001024_c000512_Y2022_M06,Ifran_6|Ifran_6_r001024_c000512,Ifran_6|Ifran_6_r001024_c000512_Y2022_M06,IFRAN6_SG_0007,1024,512,2022,6,139,6.449999809265137,21.61000061035156,0.9993225881803316,13.674000000000005,4,"[10,15)",139,139
train,Ifran_6,Ifran_6_r001024_c000512,Ifran_6_r001024_c000512_Y2022_M07,Ifran_6|Ifran_6_r001024_c000512,Ifran_6|Ifran_6_r001024_c000512_Y2022_M07,IFRAN6_SG_0007,1024,512,2022,7,139,6.449999809265137,21.61000061035156,0.9993225881803316,13.674000000000005,4,"[10,15)",139,139
train,Ifran_6,Ifran_6_r001024_c000512,Ifran_6_r001024_c000512_Y2022_M08,Ifran_6|Ifran_6_r001024_c000512,Ifran_6|Ifran_6_r001024_c000512_Y2022_M08,IFRAN6_SG_0007,1024,512,2022,8,139,6.449999809265137,21.61000061035156,0.9993225881803316,13.674000000000005,4,"[10,15)",139,139
train,Ifran_6,Ifran_6_r001024_c000512,Ifran_6_r001024_c000512_Y2022_M09,Ifran_6|Ifran_6_r001024_c000512,Ifran_6|Ifran_6_r001024_c000512_Y2022_M09,IFRAN6_SG_0007,1024,512,2022,9,139,6.449999809265137,21.61000061035156,0.9993225881803316,13.674000000000005,4,"[10,15)",139,139
train,Ifran_6,Ifran_6_r001024_c000512,Ifran_6_r001024_c000512_Y2025_M05,Ifran_6|Ifran_6_r001024_c000512,Ifran_6|Ifran_6_r001024_c000512_Y2025_M05,IFRAN6_SG_0007,1024,512,2025,5,54,7.050000190734863,18.56999969482422,0.9993225881803316,14.698,4,"[10,15)",54,54
train,Ifran_6,Ifran_6_r001024_c000512,Ifran_6_r001024_c000512_Y2025_M06,Ifran_6|Ifran_6_r001024_c000512,Ifran_6|Ifran_6_r001024_c000512_Y2025_M06,IFRAN6_SG_0007,1024,512,2025,6,54,7.050000190734863,18.56999969482422,0.9993225881803316,14.698,4,"[10,15)",54,54
train,Ifran_6,Ifran_6_r001024_c000512,Ifran_6_r001024_c000512_Y2025_M07,Ifran_6|Ifran_6_r001024_c000512,Ifran_6|Ifran_6_r001024_c000512_Y2025_M07,IFRAN6_SG_0007,1024,512,2025,7,54,7.050000190734863,18.56999969482422,0.9993225881803316,14.698,4,"[10,15)",54,54
train,Ifran_6,Ifran_6_r001024_c000512,Ifran_6_r001024_c000512_Y2025_M08,Ifran_6|Ifran_6_r001024_c000512,Ifran_6|Ifran_6_r001024_c000512_Y2025_M08,IFRAN6_SG_0007,1024,512,2025,8,54,7.050000190734863,18.56999969482422,0.9993225881803316,14.698,4,"[10,15)",54,54
train,Ifran_6,Ifran_6_r001024_c000512,Ifran_6_r001024_c000512_Y2025_M09,Ifran_6|Ifran_6_r001024_c000512,Ifran_6|Ifran_6_r001024_c000512_Y2025_M09,IFRAN6_SG_0007,1024,512,2025,9,54,7.050000190734863,18.56999969482422,0.9993225881803316,14.698,4,"[10,15)",54,54
train,Ifran_6,Ifran_6_r001024_c001024,Ifran_6_r001024_c001024_Y2019_M05,Ifran_6|Ifran_6_r001024_c001024,Ifran_6|Ifran_6_r001024_c001024_Y2019_M05,IFRAN6_SG_0008,1024,1024,2019,5,344,7.190000057220459,40.220001220703125,0.9999250902038797,20.986,6,"[20,30)",344,344
train,Ifran_6,Ifran_6_r001024_c001024,Ifran_6_r001024_c001024_Y2019_M06,Ifran_6|Ifran_6_r001024_c001024,Ifran_6|Ifran_6_r001024_c001024_Y2019_M06,IFRAN6_SG_0008,1024,1024,2019,6,344,7.190000057220459,40.220001220703125,0.9999250902038797,20.986,6,"[20,30)",344,344
train,Ifran_6,Ifran_6_r001024_c001024,Ifran_6_r001024_c001024_Y2019_M07,Ifran_6|Ifran_6_r001024_c001024,Ifran_6|Ifran_6_r001024_c001024_Y2019_M07,IFRAN6_SG_0008,1024,1024,2019,7,500,5.5,40.220001220703125,0.9999250902038797,19.709000000000007,5,"[15,20)",500,500
train,Ifran_6,Ifran_6_r001024_c001024,Ifran_6_r001024_c001024_Y2019_M08,Ifran_6|Ifran_6_r001024_c001024,Ifran_6|Ifran_6_r001024_c001024_Y2019_M08,IFRAN6_SG_0008,1024,1024,2019,8,500,5.5,40.220001220703125,0.9999250902038797,19.709000000000007,5,"[15,20)",500,500
train,Ifran_6,Ifran_6_r001024_c001024,Ifran_6_r001024_c001024_Y2019_M09,Ifran_6|Ifran_6_r001024_c001024,Ifran_6|Ifran_6_r001024_c001024_Y2019_M09,IFRAN6_SG_0008,1024,1024,2019,9,500,5.5,40.220001220703125,0.9999250902038797,19.709000000000007,5,"[15,20)",500,500
train,Ifran_6,Ifran_6_r001024_c001024,Ifran_6_r001024_c001024_Y2020_M05,Ifran_6|Ifran_6_r001024_c001024,Ifran_6|Ifran_6_r001024_c001024_Y2020_M05,IFRAN6_SG_0008,1024,1024,2020,5,564,4.809999942779541,37.970001220703125,0.9999250902038797,18.689,5,"[15,20)",564,564
train,Ifran_6,Ifran_6_r001024_c001024,Ifran_6_r001024_c001024_Y2020_M06,Ifran_6|Ifran_6_r001024_c001024,Ifran_6|Ifran_6_r001024_c001024_Y2020_M06,IFRAN6_SG_0008,1024,1024,2020,6,564,4.809999942779541,37.970001220703125,0.9999250902038797,18.689,5,"[15,20)",564,564
train,Ifran_6,Ifran_6_r001024_c001024,Ifran_6_r001024_c001024_Y2020_M07,Ifran_6|Ifran_6_r001024_c001024,Ifran_6|Ifran_6_r001024_c001024_Y2020_M07,IFRAN6_SG_0008,1024,1024,2020,7,408,6.154999732971191,37.970001220703125,0.9999250902038797,20.651,6,"[20,30)",408,408
train,Ifran_6,Ifran_6_r001024_c001024,Ifran_6_r001024_c001024_Y2020_M08,Ifran_6|Ifran_6_r001024_c001024,Ifran_6|Ifran_6_r001024_c001024_Y2020_M08,IFRAN6_SG_0008,1024,1024,2020,8,408,6.154999732971191,37.970001220703125,0.9999250902038797,20.651,6,"[20,30)",408,408
train,Ifran_6,Ifran_6_r001024_c001024,Ifran_6_r001024_c001024_Y2020_M09,Ifran_6|Ifran_6_r001024_c001024,Ifran_6|Ifran_6_r001024_c001024_Y2020_M09,IFRAN6_SG_0008,1024,1024,2020,9,408,6.154999732971191,37.970001220703125,0.9999250902038797,20.651,6,"[20,30)",408,408
train,Ifran_6,Ifran_6_r001024_c001024,Ifran_6_r001024_c001024_Y2022_M05,Ifran_6|Ifran_6_r001024_c001024,Ifran_6|Ifran_6_r001024_c001024_Y2022_M05,IFRAN6_SG_0008,1024,1024,2022,5,760,7.224999904632568,37.72999954223633,0.9999250902038797,20.178000000000004,6,"[20,30)",760,760
train,Ifran_6,Ifran_6_r001024_c001024,Ifran_6_r001024_c001024_Y2022_M06,Ifran_6|Ifran_6_r001024_c001024,Ifran_6|Ifran_6_r001024_c001024_Y2022_M06,IFRAN6_SG_0008,1024,1024,2022,6,798,7.085000038146973,37.72999954223633,0.9999250902038797,19.760000000000037,5,"[15,20)",798,798
train,Ifran_6,Ifran_6_r001024_c001024,Ifran_6_r001024_c001024_Y2022_M07,Ifran_6|Ifran_6_r001024_c001024,Ifran_6|Ifran_6_r001024_c001024_Y2022_M07,IFRAN6_SG_0008,1024,1024,2022,7,798,7.085000038146973,37.72999954223633,0.9999250902038797,19.760000000000037,5,"[15,20)",798,798
train,Ifran_6,Ifran_6_r001024_c001024,Ifran_6_r001024_c001024_Y2022_M08,Ifran_6|Ifran_6_r001024_c001024,Ifran_6|Ifran_6_r001024_c001024_Y2022_M08,IFRAN6_SG_0008,1024,1024,2022,8,798,7.085000038146973,37.72999954223633,0.9999250902038797,19.760000000000037,5,"[15,20)",798,798
train,Ifran_6,Ifran_6_r001024_c001024,Ifran_6_r001024_c001024_Y2022_M09,Ifran_6|Ifran_6_r001024_c001024,Ifran_6|Ifran_6_r001024_c001024_Y2022_M09,IFRAN6_SG_0008,1024,1024,2022,9,797,7.070000171661377,37.72999954223633,0.9999250902038797,19.809999999999988,5,"[15,20)",797,797
train,Ifran_6,Ifran_6_r001024_c001024,Ifran_6_r001024_c001024_Y2023_M05,Ifran_6|Ifran_6_r001024_c001024,Ifran_6|Ifran_6_r001024_c001024_Y2023_M05,IFRAN6_SG_0008,1024,1024,2023,5,38,6.75,21.770000457763672,0.9999250902038797,11.880000000000004,4,"[10,15)",38,38
train,Ifran_6,Ifran_6_r001024_c001024,Ifran_6_r001024_c001024_Y2024_M05,Ifran_6|Ifran_6_r001024_c001024,Ifran_6|Ifran_6_r001024_c001024_Y2024_M05,IFRAN6_SG_0008,1024,1024,2024,5,100,4.159999847412109,37.63999938964844,0.9999250902038797,13.785000000000004,4,"[10,15)",100,100
train,Ifran_6,Ifran_6_r001024_c001024,Ifran_6_r001024_c001024_Y2024_M06,Ifran_6|Ifran_6_r001024_c001024,Ifran_6|Ifran_6_r001024_c001024_Y2024_M06,IFRAN6_SG_0008,1024,1024,2024,6,100,4.159999847412109,37.63999938964844,0.9999250902038797,13.785000000000004,4,"[10,15)",100,100
train,Ifran_6,Ifran_6_r001024_c001024,Ifran_6_r001024_c001024_Y2024_M07,Ifran_6|Ifran_6_r001024_c001024,Ifran_6|Ifran_6_r001024_c001024_Y2024_M07,IFRAN6_SG_0008,1024,1024,2024,7,100,4.159999847412109,37.63999938964844,0.9999250902038797,13.785000000000004,4,"[10,15)",100,100
train,Ifran_6,Ifran_6_r001024_c001024,Ifran_6_r001024_c001024_Y2024_M08,Ifran_6|Ifran_6_r001024_c001024,Ifran_6|Ifran_6_r001024_c001024_Y2024_M08,IFRAN6_SG_0008,1024,1024,2024,8,100,4.159999847412109,37.63999938964844,0.9999250902038797,13.785000000000004,4,"[10,15)",100,100
train,Ifran_6,Ifran_6_r001024_c001024,Ifran_6_r001024_c001024_Y2024_M09,Ifran_6|Ifran_6_r001024_c001024,Ifran_6|Ifran_6_r001024_c001024_Y2024_M09,IFRAN6_SG_0008,1024,1024,2024,9,100,4.159999847412109,37.63999938964844,0.9999250902038797,13.785000000000004,4,"[10,15)",100,100
train,Ifran_6,Ifran_6_r001024_c001024,Ifran_6_r001024_c001024_Y2025_M05,Ifran_6|Ifran_6_r001024_c001024,Ifran_6|Ifran_6_r001024_c001024_Y2025_M05,IFRAN6_SG_0008,1024,1024,2025,5,85,4.150000095367432,27.700000762939453,0.9999250902038797,14.280000000000012,4,"[10,15)",85,85
train,Ifran_6,Ifran_6_r001024_c001024,Ifran_6_r001024_c001024_Y2025_M06,Ifran_6|Ifran_6_r001024_c001024,Ifran_6|Ifran_6_r001024_c001024_Y2025_M06,IFRAN6_SG_0008,1024,1024,2025,6,85,4.150000095367432,27.700000762939453,0.9999250902038797,14.280000000000012,4,"[10,15)",85,85
train,Ifran_6,Ifran_6_r001024_c001024,Ifran_6_r001024_c001024_Y2025_M07,Ifran_6|Ifran_6_r001024_c001024,Ifran_6|Ifran_6_r001024_c001024_Y2025_M07,IFRAN6_SG_0008,1024,1024,2025,7,85,4.150000095367432,27.700000762939453,0.9999250902038797,14.280000000000012,4,"[10,15)",85,85
train,Ifran_6,Ifran_6_r001024_c001024,Ifran_6_r001024_c001024_Y2025_M08,Ifran_6|Ifran_6_r001024_c001024,Ifran_6|Ifran_6_r001024_c001024_Y2025_M08,IFRAN6_SG_0008,1024,1024,2025,8,85,4.150000095367432,27.700000762939453,0.9999250902038797,14.280000000000012,4,"[10,15)",85,85
train,Ifran_6,Ifran_6_r001024_c001024,Ifran_6_r001024_c001024_Y2025_M09,Ifran_6|Ifran_6_r001024_c001024,Ifran_6|Ifran_6_r001024_c001024_Y2025_M09,IFRAN6_SG_0008,1024,1024,2025,9,85,4.150000095367432,27.700000762939453,0.9999250902038797,14.280000000000012,4,"[10,15)",85,85
train,Ifran_6,Ifran_6_r001024_c001536,Ifran_6_r001024_c001536_Y2019_M07,Ifran_6|Ifran_6_r001024_c001536,Ifran_6|Ifran_6_r001024_c001536_Y2019_M07,IFRAN6_SG_0009,1024,1536,2019,7,150,18.334999084472656,39.29999923706055,1.0,33.157,7,"[30,40)",150,150
train,Ifran_6,Ifran_6_r001024_c001536,Ifran_6_r001024_c001536_Y2019_M08,Ifran_6|Ifran_6_r001024_c001536,Ifran_6|Ifran_6_r001024_c001536_Y2019_M08,IFRAN6_SG_0009,1024,1536,2019,8,150,18.334999084472656,39.29999923706055,1.0,33.157,7,"[30,40)",150,150
train,Ifran_6,Ifran_6_r001024_c001536,Ifran_6_r001024_c001536_Y2019_M09,Ifran_6|Ifran_6_r001024_c001536,Ifran_6|Ifran_6_r001024_c001536_Y2019_M09,IFRAN6_SG_0009,1024,1536,2019,9,150,18.334999084472656,39.29999923706055,1.0,33.157,7,"[30,40)",150,150
train,Ifran_6,Ifran_6_r001024_c001536,Ifran_6_r001024_c001536_Y2020_M05,Ifran_6|Ifran_6_r001024_c001536,Ifran_6|Ifran_6_r001024_c001536_Y2020_M05,IFRAN6_SG_0009,1024,1536,2020,5,1293,10.06999969482422,43.79999923706055,1.0,30.189,7,"[30,40)",1288,1288
train,Ifran_6,Ifran_6_r001024_c001536,Ifran_6_r001024_c001536_Y2020_M06,Ifran_6|Ifran_6_r001024_c001536,Ifran_6|Ifran_6_r001024_c001536_Y2020_M06,IFRAN6_SG_0009,1024,1536,2020,6,1293,10.06999969482422,43.79999923706055,1.0,30.189,7,"[30,40)",1288,1288
train,Ifran_6,Ifran_6_r001024_c001536,Ifran_6_r001024_c001536_Y2020_M07,Ifran_6|Ifran_6_r001024_c001536,Ifran_6|Ifran_6_r001024_c001536_Y2020_M07,IFRAN6_SG_0009,1024,1536,2020,7,1146,9.31999969482422,43.79999923706055,1.0,29.35,6,"[20,30)",1141,1141
train,Ifran_6,Ifran_6_r001024_c001536,Ifran_6_r001024_c001536_Y2020_M08,Ifran_6|Ifran_6_r001024_c001536,Ifran_6|Ifran_6_r001024_c001536_Y2020_M08,IFRAN6_SG_0009,1024,1536,2020,8,1146,9.31999969482422,43.79999923706055,1.0,29.35,6,"[20,30)",1141,1141
train,Ifran_6,Ifran_6_r001024_c001536,Ifran_6_r001024_c001536_Y2020_M09,Ifran_6|Ifran_6_r001024_c001536,Ifran_6|Ifran_6_r001024_c001536_Y2020_M09,IFRAN6_SG_0009,1024,1536,2020,9,1146,9.31999969482422,43.79999923706055,1.0,29.35,6,"[20,30)",1141,1141
train,Ifran_6,Ifran_6_r001024_c001536,Ifran_6_r001024_c001536_Y2021_M05,Ifran_6|Ifran_6_r001024_c001536,Ifran_6|Ifran_6_r001024_c001536_Y2021_M05,IFRAN6_SG_0009,1024,1536,2021,5,85,5.510000228881836,38.88999938964844,1.0,31.030000000000022,7,"[30,40)",85,85
train,Ifran_6,Ifran_6_r001024_c001536,Ifran_6_r001024_c001536_Y2021_M06,Ifran_6|Ifran_6_r001024_c001536,Ifran_6|Ifran_6_r001024_c001536_Y2021_M06,IFRAN6_SG_0009,1024,1536,2021,6,85,5.510000228881836,38.88999938964844,1.0,31.030000000000022,7,"[30,40)",85,85
train,Ifran_6,Ifran_6_r001024_c001536,Ifran_6_r001024_c001536_Y2021_M07,Ifran_6|Ifran_6_r001024_c001536,Ifran_6|Ifran_6_r001024_c001536_Y2021_M07,IFRAN6_SG_0009,1024,1536,2021,7,85,5.510000228881836,38.88999938964844,1.0,31.030000000000022,7,"[30,40)",85,85
train,Ifran_6,Ifran_6_r001024_c001536,Ifran_6_r001024_c001536_Y2021_M08,Ifran_6|Ifran_6_r001024_c001536,Ifran_6|Ifran_6_r001024_c001536_Y2021_M08,IFRAN6_SG_0009,1024,1536,2021,8,85,5.510000228881836,38.88999938964844,1.0,31.030000000000022,7,"[30,40)",85,85
train,Ifran_6,Ifran_6_r001024_c001536,Ifran_6_r001024_c001536_Y2021_M09,Ifran_6|Ifran_6_r001024_c001536,Ifran_6|Ifran_6_r001024_c001536_Y2021_M09,IFRAN6_SG_0009,1024,1536,2021,9,85,5.510000228881836,38.88999938964844,1.0,31.030000000000022,7,"[30,40)",85,85
train,Ifran_6,Ifran_6_r001024_c001536,Ifran_6_r001024_c001536_Y2022_M05,Ifran_6|Ifran_6_r001024_c001536,Ifran_6|Ifran_6_r001024_c001536_Y2022_M05,IFRAN6_SG_0009,1024,1536,2022,5,1166,9.15999984741211,44.7400016784668,1.0,28.95,6,"[20,30)",1165,1165
train,Ifran_6,Ifran_6_r001024_c001536,Ifran_6_r001024_c001536_Y2022_M06,Ifran_6|Ifran_6_r001024_c001536,Ifran_6|Ifran_6_r001024_c001536_Y2022_M06,IFRAN6_SG_0009,1024,1536,2022,6,1166,9.15999984741211,44.7400016784668,1.0,28.95,6,"[20,30)",1165,1165
train,Ifran_6,Ifran_6_r001024_c001536,Ifran_6_r001024_c001536_Y2022_M07,Ifran_6|Ifran_6_r001024_c001536,Ifran_6|Ifran_6_r001024_c001536_Y2022_M07,IFRAN6_SG_0009,1024,1536,2022,7,1166,9.15999984741211,44.7400016784668,1.0,28.95,6,"[20,30)",1165,1165
train,Ifran_6,Ifran_6_r001024_c001536,Ifran_6_r001024_c001536_Y2022_M08,Ifran_6|Ifran_6_r001024_c001536,Ifran_6|Ifran_6_r001024_c001536_Y2022_M08,IFRAN6_SG_0009,1024,1536,2022,8,1166,9.15999984741211,44.7400016784668,1.0,28.95,6,"[20,30)",1165,1165
train,Ifran_6,Ifran_6_r001024_c001536,Ifran_6_r001024_c001536_Y2022_M09,Ifran_6|Ifran_6_r001024_c001536,Ifran_6|Ifran_6_r001024_c001536_Y2022_M09,IFRAN6_SG_0009,1024,1536,2022,9,1179,9.390000343322754,44.7400016784668,1.0,29.042,6,"[20,30)",1178,1178
train,Ifran_6,Ifran_6_r001024_c001536,Ifran_6_r001024_c001536_Y2023_M05,Ifran_6|Ifran_6_r001024_c001536,Ifran_6|Ifran_6_r001024_c001536_Y2023_M05,IFRAN6_SG_0009,1024,1536,2023,5,13,20.100000381469727,36.0099983215332,1.0,33.664,7,"[30,40)",13,13
train,Ifran_6,Ifran_6_r001024_c001536,Ifran_6_r001024_c001536_Y2023_M06,Ifran_6|Ifran_6_r001024_c001536,Ifran_6|Ifran_6_r001024_c001536_Y2023_M06,IFRAN6_SG_0009,1024,1536,2023,6,13,20.100000381469727,36.0099983215332,1.0,33.664,7,"[30,40)",13,13
train,Ifran_6,Ifran_6_r001024_c001536,Ifran_6_r001024_c001536_Y2023_M07,Ifran_6|Ifran_6_r001024_c001536,Ifran_6|Ifran_6_r001024_c001536_Y2023_M07,IFRAN6_SG_0009,1024,1536,2023,7,13,20.100000381469727,36.0099983215332,1.0,33.664,7,"[30,40)",13,13
train,Ifran_6,Ifran_6_r001024_c001536,Ifran_6_r001024_c001536_Y2023_M08,Ifran_6|Ifran_6_r001024_c001536,Ifran_6|Ifran_6_r001024_c001536_Y2023_M08,IFRAN6_SG_0009,1024,1536,2023,8,13,20.100000381469727,36.0099983215332,1.0,33.664,7,"[30,40)",13,13
train,Ifran_6,Ifran_6_r001024_c001536,Ifran_6_r001024_c001536_Y2024_M05,Ifran_6|Ifran_6_r001024_c001536,Ifran_6|Ifran_6_r001024_c001536_Y2024_M05,IFRAN6_SG_0009,1024,1536,2024,5,553,9.93000030517578,41.18999862670898,1.0,29.604000000000003,6,"[20,30)",553,553
train,Ifran_6,Ifran_6_r001024_c001536,Ifran_6_r001024_c001536_Y2024_M06,Ifran_6|Ifran_6_r001024_c001536,Ifran_6|Ifran_6_r001024_c001536_Y2024_M06,IFRAN6_SG_0009,1024,1536,2024,6,553,9.93000030517578,41.18999862670898,1.0,29.604000000000003,6,"[20,30)",553,553
train,Ifran_6,Ifran_6_r001024_c001536,Ifran_6_r001024_c001536_Y2024_M07,Ifran_6|Ifran_6_r001024_c001536,Ifran_6|Ifran_6_r001024_c001536_Y2024_M07,IFRAN6_SG_0009,1024,1536,2024,7,553,9.93000030517578,41.18999862670898,1.0,29.604000000000003,6,"[20,30)",553,553
train,Ifran_6,Ifran_6_r001024_c001536,Ifran_6_r001024_c001536_Y2024_M08,Ifran_6|Ifran_6_r001024_c001536,Ifran_6|Ifran_6_r001024_c001536_Y2024_M08,IFRAN6_SG_0009,1024,1536,2024,8,553,9.93000030517578,41.18999862670898,1.0,29.604000000000003,6,"[20,30)",553,553
train,Ifran_6,Ifran_6_r001024_c001536,Ifran_6_r001024_c001536_Y2024_M09,Ifran_6|Ifran_6_r001024_c001536,Ifran_6|Ifran_6_r001024_c001536_Y2024_M09,IFRAN6_SG_0009,1024,1536,2024,9,553,9.93000030517578,41.18999862670898,1.0,29.604000000000003,6,"[20,30)",553,553
train,Ifran_6,Ifran_6_r001024_c001536,Ifran_6_r001024_c001536_Y2025_M05,Ifran_6|Ifran_6_r001024_c001536,Ifran_6|Ifran_6_r001024_c001536_Y2025_M05,IFRAN6_SG_0009,1024,1536,2025,5,8,6.105000019073486,23.11000061035156,1.0,16.816999999999997,5,"[15,20)",8,8
train,Ifran_6,Ifran_6_r001024_c001536,Ifran_6_r001024_c001536_Y2025_M06,Ifran_6|Ifran_6_r001024_c001536,Ifran_6|Ifran_6_r001024_c001536_Y2025_M06,IFRAN6_SG_0009,1024,1536,2025,6,8,6.105000019073486,23.11000061035156,1.0,16.816999999999997,5,"[15,20)",8,8
train,Ifran_6,Ifran_6_r001024_c001536,Ifran_6_r001024_c001536_Y2025_M07,Ifran_6|Ifran_6_r001024_c001536,Ifran_6|Ifran_6_r001024_c001536_Y2025_M07,IFRAN6_SG_0009,1024,1536,2025,7,8,6.105000019073486,23.11000061035156,1.0,16.816999999999997,5,"[15,20)",8,8
train,Ifran_6,Ifran_6_r001024_c001536,Ifran_6_r001024_c001536_Y2025_M08,Ifran_6|Ifran_6_r001024_c001536,Ifran_6|Ifran_6_r001024_c001536_Y2025_M08,IFRAN6_SG_0009,1024,1536,2025,8,8,6.105000019073486,23.11000061035156,1.0,16.816999999999997,5,"[15,20)",8,8
train,Ifran_6,Ifran_6_r001024_c001536,Ifran_6_r001024_c001536_Y2025_M09,Ifran_6|Ifran_6_r001024_c001536,Ifran_6|Ifran_6_r001024_c001536_Y2025_M09,IFRAN6_SG_0009,1024,1536,2025,9,8,6.105000019073486,23.11000061035156,1.0,16.816999999999997,5,"[15,20)",8,8
val,Ifran_6,Ifran_6_r001024_c002048,Ifran_6_r001024_c002048_Y2019_M07,Ifran_6|Ifran_6_r001024_c002048,Ifran_6|Ifran_6_r001024_c002048_Y2019_M07,IFRAN6_SG_0010,1024,2048,2019,7,22,15.980000495910645,33.83000183105469,1.0,27.630000000000003,6,"[20,30)",22,22
val,Ifran_6,Ifran_6_r001024_c002048,Ifran_6_r001024_c002048_Y2019_M08,Ifran_6|Ifran_6_r001024_c002048,Ifran_6|Ifran_6_r001024_c002048_Y2019_M08,IFRAN6_SG_0010,1024,2048,2019,8,22,15.980000495910645,33.83000183105469,1.0,27.630000000000003,6,"[20,30)",22,22
val,Ifran_6,Ifran_6_r001024_c002048,Ifran_6_r001024_c002048_Y2019_M09,Ifran_6|Ifran_6_r001024_c002048,Ifran_6|Ifran_6_r001024_c002048_Y2019_M09,IFRAN6_SG_0010,1024,2048,2019,9,22,15.980000495910645,33.83000183105469,1.0,27.630000000000003,6,"[20,30)",22,22
val,Ifran_6,Ifran_6_r001024_c002048,Ifran_6_r001024_c002048_Y2020_M05,Ifran_6|Ifran_6_r001024_c002048,Ifran_6|Ifran_6_r001024_c002048_Y2020_M05,IFRAN6_SG_0010,1024,2048,2020,5,1625,11.5600004196167,44.63999938964844,1.0,28.939000000000004,6,"[20,30)",1622,1622
val,Ifran_6,Ifran_6_r001024_c002048,Ifran_6_r001024_c002048_Y2020_M06,Ifran_6|Ifran_6_r001024_c002048,Ifran_6|Ifran_6_r001024_c002048_Y2020_M06,IFRAN6_SG_0010,1024,2048,2020,6,1625,11.5600004196167,44.63999938964844,1.0,28.939000000000004,6,"[20,30)",1622,1622
val,Ifran_6,Ifran_6_r001024_c002048,Ifran_6_r001024_c002048_Y2020_M07,Ifran_6|Ifran_6_r001024_c002048,Ifran_6|Ifran_6_r001024_c002048_Y2020_M07,IFRAN6_SG_0010,1024,2048,2020,7,1603,11.380000114440918,44.63999938964844,1.0,28.94,6,"[20,30)",1600,1600
val,Ifran_6,Ifran_6_r001024_c002048,Ifran_6_r001024_c002048_Y2020_M08,Ifran_6|Ifran_6_r001024_c002048,Ifran_6|Ifran_6_r001024_c002048_Y2020_M08,IFRAN6_SG_0010,1024,2048,2020,8,1603,11.380000114440918,44.63999938964844,1.0,28.94,6,"[20,30)",1600,1600
val,Ifran_6,Ifran_6_r001024_c002048,Ifran_6_r001024_c002048_Y2020_M09,Ifran_6|Ifran_6_r001024_c002048,Ifran_6|Ifran_6_r001024_c002048_Y2020_M09,IFRAN6_SG_0010,1024,2048,2020,9,1603,11.380000114440918,44.63999938964844,1.0,28.94,6,"[20,30)",1600,1600
val,Ifran_6,Ifran_6_r001024_c002048,Ifran_6_r001024_c002048_Y2021_M05,Ifran_6|Ifran_6_r001024_c002048,Ifran_6|Ifran_6_r001024_c002048_Y2021_M05,IFRAN6_SG_0010,1024,2048,2021,5,443,8.09000015258789,41.56999969482422,1.0,28.156,6,"[20,30)",443,443
val,Ifran_6,Ifran_6_r001024_c002048,Ifran_6_r001024_c002048_Y2021_M06,Ifran_6|Ifran_6_r001024_c002048,Ifran_6|Ifran_6_r001024_c002048_Y2021_M06,IFRAN6_SG_0010,1024,2048,2021,6,443,8.09000015258789,41.56999969482422,1.0,28.156,6,"[20,30)",443,443
val,Ifran_6,Ifran_6_r001024_c002048,Ifran_6_r001024_c002048_Y2021_M07,Ifran_6|Ifran_6_r001024_c002048,Ifran_6|Ifran_6_r001024_c002048_Y2021_M07,IFRAN6_SG_0010,1024,2048,2021,7,443,8.09000015258789,41.56999969482422,1.0,28.156,6,"[20,30)",443,443
val,Ifran_6,Ifran_6_r001024_c002048,Ifran_6_r001024_c002048_Y2021_M08,Ifran_6|Ifran_6_r001024_c002048,Ifran_6|Ifran_6_r001024_c002048_Y2021_M08,IFRAN6_SG_0010,1024,2048,2021,8,443,8.09000015258789,41.56999969482422,1.0,28.156,6,"[20,30)",443,443
val,Ifran_6,Ifran_6_r001024_c002048,Ifran_6_r001024_c002048_Y2021_M09,Ifran_6|Ifran_6_r001024_c002048,Ifran_6|Ifran_6_r001024_c002048_Y2021_M09,IFRAN6_SG_0010,1024,2048,2021,9,443,8.09000015258789,41.56999969482422,1.0,28.156,6,"[20,30)",443,443
val,Ifran_6,Ifran_6_r001024_c002048,Ifran_6_r001024_c002048_Y2022_M05,Ifran_6|Ifran_6_r001024_c002048,Ifran_6|Ifran_6_r001024_c002048_Y2022_M05,IFRAN6_SG_0010,1024,2048,2022,5,724,9.28499984741211,41.15999984741211,1.0,29.44400000000001,6,"[20,30)",724,724
val,Ifran_6,Ifran_6_r001024_c002048,Ifran_6_r001024_c002048_Y2022_M06,Ifran_6|Ifran_6_r001024_c002048,Ifran_6|Ifran_6_r001024_c002048_Y2022_M06,IFRAN6_SG_0010,1024,2048,2022,6,724,9.28499984741211,41.15999984741211,1.0,29.44400000000001,6,"[20,30)",724,724
val,Ifran_6,Ifran_6_r001024_c002048,Ifran_6_r001024_c002048_Y2022_M07,Ifran_6|Ifran_6_r001024_c002048,Ifran_6|Ifran_6_r001024_c002048_Y2022_M07,IFRAN6_SG_0010,1024,2048,2022,7,724,9.28499984741211,41.15999984741211,1.0,29.44400000000001,6,"[20,30)",724,724
val,Ifran_6,Ifran_6_r001024_c002048,Ifran_6_r001024_c002048_Y2022_M08,Ifran_6|Ifran_6_r001024_c002048,Ifran_6|Ifran_6_r001024_c002048_Y2022_M08,IFRAN6_SG_0010,1024,2048,2022,8,724,9.28499984741211,41.15999984741211,1.0,29.44400000000001,6,"[20,30)",724,724
val,Ifran_6,Ifran_6_r001024_c002048,Ifran_6_r001024_c002048_Y2022_M09,Ifran_6|Ifran_6_r001024_c002048,Ifran_6|Ifran_6_r001024_c002048_Y2022_M09,IFRAN6_SG_0010,1024,2048,2022,9,1254,11.65999984741211,41.15999984741211,1.0,29.075000000000006,6,"[20,30)",1254,1254
val,Ifran_6,Ifran_6_r001024_c002048,Ifran_6_r001024_c002048_Y2023_M05,Ifran_6|Ifran_6_r001024_c002048,Ifran_6|Ifran_6_r001024_c002048_Y2023_M05,IFRAN6_SG_0010,1024,2048,2023,5,530,14.949999809265137,39.709999084472656,1.0,28.642000000000003,6,"[20,30)",530,530
val,Ifran_6,Ifran_6_r001024_c002048,Ifran_6_r001024_c002048_Y2023_M06,Ifran_6|Ifran_6_r001024_c002048,Ifran_6|Ifran_6_r001024_c002048_Y2023_M06,IFRAN6_SG_0010,1024,2048,2023,6,530,14.949999809265137,39.709999084472656,1.0,28.642000000000003,6,"[20,30)",530,530
val,Ifran_6,Ifran_6_r001024_c002048,Ifran_6_r001024_c002048_Y2023_M07,Ifran_6|Ifran_6_r001024_c002048,Ifran_6|Ifran_6_r001024_c002048_Y2023_M07,IFRAN6_SG_0010,1024,2048,2023,7,530,14.949999809265137,39.709999084472656,1.0,28.642000000000003,6,"[20,30)",530,530
val,Ifran_6,Ifran_6_r001024_c002048,Ifran_6_r001024_c002048_Y2023_M08,Ifran_6|Ifran_6_r001024_c002048,Ifran_6|Ifran_6_r001024_c002048_Y2023_M08,IFRAN6_SG_0010,1024,2048,2023,8,530,14.949999809265137,39.709999084472656,1.0,28.642000000000003,6,"[20,30)",530,530
val,Ifran_6,Ifran_6_r001024_c002048,Ifran_6_r001024_c002048_Y2024_M05,Ifran_6|Ifran_6_r001024_c002048,Ifran_6|Ifran_6_r001024_c002048_Y2024_M05,IFRAN6_SG_0010,1024,2048,2024,5,248,14.03499984741211,44.4900016784668,1.0,30.08,7,"[30,40)",246,246
val,Ifran_6,Ifran_6_r001024_c002048,Ifran_6_r001024_c002048_Y2024_M06,Ifran_6|Ifran_6_r001024_c002048,Ifran_6|Ifran_6_r001024_c002048_Y2024_M06,IFRAN6_SG_0010,1024,2048,2024,6,248,14.03499984741211,44.4900016784668,1.0,30.08,7,"[30,40)",246,246
val,Ifran_6,Ifran_6_r001024_c002048,Ifran_6_r001024_c002048_Y2024_M07,Ifran_6|Ifran_6_r001024_c002048,Ifran_6|Ifran_6_r001024_c002048_Y2024_M07,IFRAN6_SG_0010,1024,2048,2024,7,248,14.03499984741211,44.4900016784668,1.0,30.08,7,"[30,40)",246,246
val,Ifran_6,Ifran_6_r001024_c002048,Ifran_6_r001024_c002048_Y2024_M08,Ifran_6|Ifran_6_r001024_c002048,Ifran_6|Ifran_6_r001024_c002048_Y2024_M08,IFRAN6_SG_0010,1024,2048,2024,8,248,14.03499984741211,44.4900016784668,1.0,30.08,7,"[30,40)",246,246
val,Ifran_6,Ifran_6_r001024_c002048,Ifran_6_r001024_c002048_Y2024_M09,Ifran_6|Ifran_6_r001024_c002048,Ifran_6|Ifran_6_r001024_c002048_Y2024_M09,IFRAN6_SG_0010,1024,2048,2024,9,248,14.03499984741211,44.4900016784668,1.0,30.08,7,"[30,40)",246,246
train,Ifran_6,Ifran_6_r001024_c002560,Ifran_6_r001024_c002560_Y2019_M05,Ifran_6|Ifran_6_r001024_c002560,Ifran_6|Ifran_6_r001024_c002560_Y2019_M05,IFRAN6_SG_0011,1024,2560,2019,5,179,3.619999885559082,30.209999084472656,1.0,18.206000000000003,5,"[15,20)",179,179
train,Ifran_6,Ifran_6_r001024_c002560,Ifran_6_r001024_c002560_Y2019_M06,Ifran_6|Ifran_6_r001024_c002560,Ifran_6|Ifran_6_r001024_c002560_Y2019_M06,IFRAN6_SG_0011,1024,2560,2019,6,179,3.619999885559082,30.209999084472656,1.0,18.206000000000003,5,"[15,20)",179,179
train,Ifran_6,Ifran_6_r001024_c002560,Ifran_6_r001024_c002560_Y2019_M07,Ifran_6|Ifran_6_r001024_c002560,Ifran_6|Ifran_6_r001024_c002560_Y2019_M07,IFRAN6_SG_0011,1024,2560,2019,7,179,3.619999885559082,30.209999084472656,1.0,18.206000000000003,5,"[15,20)",179,179
train,Ifran_6,Ifran_6_r001024_c002560,Ifran_6_r001024_c002560_Y2019_M08,Ifran_6|Ifran_6_r001024_c002560,Ifran_6|Ifran_6_r001024_c002560_Y2019_M08,IFRAN6_SG_0011,1024,2560,2019,8,179,3.619999885559082,30.209999084472656,1.0,18.206000000000003,5,"[15,20)",179,179
train,Ifran_6,Ifran_6_r001024_c002560,Ifran_6_r001024_c002560_Y2019_M09,Ifran_6|Ifran_6_r001024_c002560,Ifran_6|Ifran_6_r001024_c002560_Y2019_M09,IFRAN6_SG_0011,1024,2560,2019,9,179,3.619999885559082,30.209999084472656,1.0,18.206000000000003,5,"[15,20)",179,179
train,Ifran_6,Ifran_6_r001024_c002560,Ifran_6_r001024_c002560_Y2020_M05,Ifran_6|Ifran_6_r001024_c002560,Ifran_6|Ifran_6_r001024_c002560_Y2020_M05,IFRAN6_SG_0011,1024,2560,2020,5,529,18.450000762939453,43.83000183105469,1.0,30.213,7,"[30,40)",528,528
train,Ifran_6,Ifran_6_r001024_c002560,Ifran_6_r001024_c002560_Y2020_M06,Ifran_6|Ifran_6_r001024_c002560,Ifran_6|Ifran_6_r001024_c002560_Y2020_M06,IFRAN6_SG_0011,1024,2560,2020,6,529,18.450000762939453,43.83000183105469,1.0,30.213,7,"[30,40)",528,528
train,Ifran_6,Ifran_6_r001024_c002560,Ifran_6_r001024_c002560_Y2020_M07,Ifran_6|Ifran_6_r001024_c002560,Ifran_6|Ifran_6_r001024_c002560_Y2020_M07,IFRAN6_SG_0011,1024,2560,2020,7,529,18.450000762939453,43.83000183105469,1.0,30.213,7,"[30,40)",528,528
train,Ifran_6,Ifran_6_r001024_c002560,Ifran_6_r001024_c002560_Y2020_M08,Ifran_6|Ifran_6_r001024_c002560,Ifran_6|Ifran_6_r001024_c002560_Y2020_M08,IFRAN6_SG_0011,1024,2560,2020,8,529,18.450000762939453,43.83000183105469,1.0,30.213,7,"[30,40)",528,528
train,Ifran_6,Ifran_6_r001024_c002560,Ifran_6_r001024_c002560_Y2020_M09,Ifran_6|Ifran_6_r001024_c002560,Ifran_6|Ifran_6_r001024_c002560_Y2020_M09,IFRAN6_SG_0011,1024,2560,2020,9,529,18.450000762939453,43.83000183105469,1.0,30.213,7,"[30,40)",528,528
train,Ifran_6,Ifran_6_r001024_c002560,Ifran_6_r001024_c002560_Y2021_M05,Ifran_6|Ifran_6_r001024_c002560,Ifran_6|Ifran_6_r001024_c002560_Y2021_M05,IFRAN6_SG_0011,1024,2560,2021,5,30,17.924999237060547,33.13999938964844,1.0,29.612,6,"[20,30)",30,30
train,Ifran_6,Ifran_6_r001024_c002560,Ifran_6_r001024_c002560_Y2021_M06,Ifran_6|Ifran_6_r001024_c002560,Ifran_6|Ifran_6_r001024_c002560_Y2021_M06,IFRAN6_SG_0011,1024,2560,2021,6,30,17.924999237060547,33.13999938964844,1.0,29.612,6,"[20,30)",30,30
train,Ifran_6,Ifran_6_r001024_c002560,Ifran_6_r001024_c002560_Y2021_M07,Ifran_6|Ifran_6_r001024_c002560,Ifran_6|Ifran_6_r001024_c002560_Y2021_M07,IFRAN6_SG_0011,1024,2560,2021,7,30,17.924999237060547,33.13999938964844,1.0,29.612,6,"[20,30)",30,30
train,Ifran_6,Ifran_6_r001024_c002560,Ifran_6_r001024_c002560_Y2021_M08,Ifran_6|Ifran_6_r001024_c002560,Ifran_6|Ifran_6_r001024_c002560_Y2021_M08,IFRAN6_SG_0011,1024,2560,2021,8,30,17.924999237060547,33.13999938964844,1.0,29.612,6,"[20,30)",30,30
train,Ifran_6,Ifran_6_r001024_c002560,Ifran_6_r001024_c002560_Y2021_M09,Ifran_6|Ifran_6_r001024_c002560,Ifran_6|Ifran_6_r001024_c002560_Y2021_M09,IFRAN6_SG_0011,1024,2560,2021,9,30,17.924999237060547,33.13999938964844,1.0,29.612,6,"[20,30)",30,30
train,Ifran_6,Ifran_6_r001024_c002560,Ifran_6_r001024_c002560_Y2022_M05,Ifran_6|Ifran_6_r001024_c002560,Ifran_6|Ifran_6_r001024_c002560_Y2022_M05,IFRAN6_SG_0011,1024,2560,2022,5,468,11.03499984741211,42.290000915527344,1.0,26.998,6,"[20,30)",467,467
train,Ifran_6,Ifran_6_r001024_c002560,Ifran_6_r001024_c002560_Y2022_M06,Ifran_6|Ifran_6_r001024_c002560,Ifran_6|Ifran_6_r001024_c002560_Y2022_M06,IFRAN6_SG_0011,1024,2560,2022,6,468,11.03499984741211,42.290000915527344,1.0,26.998,6,"[20,30)",467,467
train,Ifran_6,Ifran_6_r001024_c002560,Ifran_6_r001024_c002560_Y2022_M07,Ifran_6|Ifran_6_r001024_c002560,Ifran_6|Ifran_6_r001024_c002560_Y2022_M07,IFRAN6_SG_0011,1024,2560,2022,7,468,11.03499984741211,42.290000915527344,1.0,26.998,6,"[20,30)",467,467
train,Ifran_6,Ifran_6_r001024_c002560,Ifran_6_r001024_c002560_Y2022_M08,Ifran_6|Ifran_6_r001024_c002560,Ifran_6|Ifran_6_r001024_c002560_Y2022_M08,IFRAN6_SG_0011,1024,2560,2022,8,468,11.03499984741211,42.290000915527344,1.0,26.998,6,"[20,30)",467,467
train,Ifran_6,Ifran_6_r001024_c002560,Ifran_6_r001024_c002560_Y2022_M09,Ifran_6|Ifran_6_r001024_c002560,Ifran_6|Ifran_6_r001024_c002560_Y2022_M09,IFRAN6_SG_0011,1024,2560,2022,9,1101,14.649999618530272,43.04999923706055,1.0,28.056,6,"[20,30)",1098,1098
train,Ifran_6,Ifran_6_r001024_c002560,Ifran_6_r001024_c002560_Y2023_M05,Ifran_6|Ifran_6_r001024_c002560,Ifran_6|Ifran_6_r001024_c002560_Y2023_M05,IFRAN6_SG_0011,1024,2560,2023,5,633,16.540000915527344,43.04999923706055,1.0,28.71,6,"[20,30)",631,631
train,Ifran_6,Ifran_6_r001024_c002560,Ifran_6_r001024_c002560_Y2023_M06,Ifran_6|Ifran_6_r001024_c002560,Ifran_6|Ifran_6_r001024_c002560_Y2023_M06,IFRAN6_SG_0011,1024,2560,2023,6,633,16.540000915527344,43.04999923706055,1.0,28.71,6,"[20,30)",631,631
train,Ifran_6,Ifran_6_r001024_c002560,Ifran_6_r001024_c002560_Y2023_M07,Ifran_6|Ifran_6_r001024_c002560,Ifran_6|Ifran_6_r001024_c002560_Y2023_M07,IFRAN6_SG_0011,1024,2560,2023,7,633,16.540000915527344,43.04999923706055,1.0,28.71,6,"[20,30)",631,631
train,Ifran_6,Ifran_6_r001024_c002560,Ifran_6_r001024_c002560_Y2023_M08,Ifran_6|Ifran_6_r001024_c002560,Ifran_6|Ifran_6_r001024_c002560_Y2023_M08,IFRAN6_SG_0011,1024,2560,2023,8,633,16.540000915527344,43.04999923706055,1.0,28.71,6,"[20,30)",631,631
train,Ifran_6,Ifran_6_r001024_c002560,Ifran_6_r001024_c002560_Y2024_M05,Ifran_6|Ifran_6_r001024_c002560,Ifran_6|Ifran_6_r001024_c002560_Y2024_M05,IFRAN6_SG_0011,1024,2560,2024,5,323,7.579999923706055,42.86000061035156,1.0,27.860000000000017,6,"[20,30)",322,322
train,Ifran_6,Ifran_6_r001024_c002560,Ifran_6_r001024_c002560_Y2024_M06,Ifran_6|Ifran_6_r001024_c002560,Ifran_6|Ifran_6_r001024_c002560_Y2024_M06,IFRAN6_SG_0011,1024,2560,2024,6,323,7.579999923706055,42.86000061035156,1.0,27.860000000000017,6,"[20,30)",322,322
train,Ifran_6,Ifran_6_r001024_c002560,Ifran_6_r001024_c002560_Y2024_M07,Ifran_6|Ifran_6_r001024_c002560,Ifran_6|Ifran_6_r001024_c002560_Y2024_M07,IFRAN6_SG_0011,1024,2560,2024,7,351,6.320000171661377,42.86000061035156,1.0,27.325000000000003,6,"[20,30)",350,350
train,Ifran_6,Ifran_6_r001024_c002560,Ifran_6_r001024_c002560_Y2024_M08,Ifran_6|Ifran_6_r001024_c002560,Ifran_6|Ifran_6_r001024_c002560_Y2024_M08,IFRAN6_SG_0011,1024,2560,2024,8,351,6.320000171661377,42.86000061035156,1.0,27.325000000000003,6,"[20,30)",350,350
train,Ifran_6,Ifran_6_r001024_c002560,Ifran_6_r001024_c002560_Y2024_M09,Ifran_6|Ifran_6_r001024_c002560,Ifran_6|Ifran_6_r001024_c002560_Y2024_M09,IFRAN6_SG_0011,1024,2560,2024,9,351,6.320000171661377,42.86000061035156,1.0,27.325000000000003,6,"[20,30)",350,350
train,Ifran_6,Ifran_6_r001024_c002560,Ifran_6_r001024_c002560_Y2025_M05,Ifran_6|Ifran_6_r001024_c002560,Ifran_6|Ifran_6_r001024_c002560_Y2025_M05,IFRAN6_SG_0011,1024,2560,2025,5,28,4.310000419616699,14.619999885559082,1.0,7.044000000000002,2,"[5,8)",28,28
train,Ifran_6,Ifran_6_r001024_c002560,Ifran_6_r001024_c002560_Y2025_M06,Ifran_6|Ifran_6_r001024_c002560,Ifran_6|Ifran_6_r001024_c002560_Y2025_M06,IFRAN6_SG_0011,1024,2560,2025,6,28,4.310000419616699,14.619999885559082,1.0,7.044000000000002,2,"[5,8)",28,28
train,Ifran_6,Ifran_6_r001536_c000000,Ifran_6_r001536_c000000_Y2020_M05,Ifran_6|Ifran_6_r001536_c000000,Ifran_6|Ifran_6_r001536_c000000_Y2020_M05,IFRAN6_SG_0012,1536,0,2020,5,98,5.074999809265137,22.209999084472656,0.999404100869471,14.263999999999996,4,"[10,15)",98,98
train,Ifran_6,Ifran_6_r001536_c000000,Ifran_6_r001536_c000000_Y2020_M06,Ifran_6|Ifran_6_r001536_c000000,Ifran_6|Ifran_6_r001536_c000000_Y2020_M06,IFRAN6_SG_0012,1536,0,2020,6,98,5.074999809265137,22.209999084472656,0.999404100869471,14.263999999999996,4,"[10,15)",98,98
train,Ifran_6,Ifran_6_r001536_c000000,Ifran_6_r001536_c000000_Y2020_M07,Ifran_6|Ifran_6_r001536_c000000,Ifran_6|Ifran_6_r001536_c000000_Y2020_M07,IFRAN6_SG_0012,1536,0,2020,7,95,5.130000114440918,22.209999084472656,0.999404100869471,14.678000000000011,4,"[10,15)",95,95
train,Ifran_6,Ifran_6_r001536_c000000,Ifran_6_r001536_c000000_Y2020_M08,Ifran_6|Ifran_6_r001536_c000000,Ifran_6|Ifran_6_r001536_c000000_Y2020_M08,IFRAN6_SG_0012,1536,0,2020,8,95,5.130000114440918,22.209999084472656,0.999404100869471,14.678000000000011,4,"[10,15)",95,95
train,Ifran_6,Ifran_6_r001536_c000000,Ifran_6_r001536_c000000_Y2020_M09,Ifran_6|Ifran_6_r001536_c000000,Ifran_6|Ifran_6_r001536_c000000_Y2020_M09,IFRAN6_SG_0012,1536,0,2020,9,95,5.130000114440918,22.209999084472656,0.999404100869471,14.678000000000011,4,"[10,15)",95,95
train,Ifran_6,Ifran_6_r001536_c000000,Ifran_6_r001536_c000000_Y2022_M05,Ifran_6|Ifran_6_r001536_c000000,Ifran_6|Ifran_6_r001536_c000000_Y2022_M05,IFRAN6_SG_0012,1536,0,2022,5,145,4.789999961853027,17.639999389648438,0.999404100869471,9.076,3,"[8,10)",145,145
train,Ifran_6,Ifran_6_r001536_c000000,Ifran_6_r001536_c000000_Y2022_M06,Ifran_6|Ifran_6_r001536_c000000,Ifran_6|Ifran_6_r001536_c000000_Y2022_M06,IFRAN6_SG_0012,1536,0,2022,6,145,4.789999961853027,17.639999389648438,0.999404100869471,9.076,3,"[8,10)",145,145
train,Ifran_6,Ifran_6_r001536_c000000,Ifran_6_r001536_c000000_Y2022_M07,Ifran_6|Ifran_6_r001536_c000000,Ifran_6|Ifran_6_r001536_c000000_Y2022_M07,IFRAN6_SG_0012,1536,0,2022,7,149,4.829999923706055,17.639999389648438,0.999404100869471,9.486000000000002,3,"[8,10)",149,149
train,Ifran_6,Ifran_6_r001536_c000000,Ifran_6_r001536_c000000_Y2022_M08,Ifran_6|Ifran_6_r001536_c000000,Ifran_6|Ifran_6_r001536_c000000_Y2022_M08,IFRAN6_SG_0012,1536,0,2022,8,129,4.739999771118164,17.639999389648438,0.999404100869471,9.998,3,"[8,10)",129,129
train,Ifran_6,Ifran_6_r001536_c000000,Ifran_6_r001536_c000000_Y2022_M09,Ifran_6|Ifran_6_r001536_c000000,Ifran_6|Ifran_6_r001536_c000000_Y2022_M09,IFRAN6_SG_0012,1536,0,2022,9,129,4.739999771118164,17.639999389648438,0.999404100869471,9.998,3,"[8,10)",129,129
train,Ifran_6,Ifran_6_r001536_c000000,Ifran_6_r001536_c000000_Y2024_M07,Ifran_6|Ifran_6_r001536_c000000,Ifran_6|Ifran_6_r001536_c000000_Y2024_M07,IFRAN6_SG_0012,1536,0,2024,7,55,4.96999979019165,16.8799991607666,0.999404100869471,11.548000000000002,4,"[10,15)",55,55
train,Ifran_6,Ifran_6_r001536_c000000,Ifran_6_r001536_c000000_Y2024_M08,Ifran_6|Ifran_6_r001536_c000000,Ifran_6|Ifran_6_r001536_c000000_Y2024_M08,IFRAN6_SG_0012,1536,0,2024,8,55,4.96999979019165,16.8799991607666,0.999404100869471,11.548000000000002,4,"[10,15)",55,55
train,Ifran_6,Ifran_6_r001536_c000000,Ifran_6_r001536_c000000_Y2024_M09,Ifran_6|Ifran_6_r001536_c000000,Ifran_6|Ifran_6_r001536_c000000_Y2024_M09,IFRAN6_SG_0012,1536,0,2024,9,55,4.96999979019165,16.8799991607666,0.999404100869471,11.548000000000002,4,"[10,15)",55,55
train,Ifran_6,Ifran_6_r001536_c000000,Ifran_6_r001536_c000000_Y2025_M05,Ifran_6|Ifran_6_r001536_c000000,Ifran_6|Ifran_6_r001536_c000000_Y2025_M05,IFRAN6_SG_0012,1536,0,2025,5,113,5.260000228881836,19.43000030517578,0.999404100869471,11.832,4,"[10,15)",113,113
train,Ifran_6,Ifran_6_r001536_c000000,Ifran_6_r001536_c000000_Y2025_M06,Ifran_6|Ifran_6_r001536_c000000,Ifran_6|Ifran_6_r001536_c000000_Y2025_M06,IFRAN6_SG_0012,1536,0,2025,6,113,5.260000228881836,19.43000030517578,0.999404100869471,11.832,4,"[10,15)",113,113
train,Ifran_6,Ifran_6_r001536_c000000,Ifran_6_r001536_c000000_Y2025_M07,Ifran_6|Ifran_6_r001536_c000000,Ifran_6|Ifran_6_r001536_c000000_Y2025_M07,IFRAN6_SG_0012,1536,0,2025,7,58,5.859999656677246,19.43000030517578,0.999404100869471,11.873,4,"[10,15)",58,58
train,Ifran_6,Ifran_6_r001536_c000000,Ifran_6_r001536_c000000_Y2025_M08,Ifran_6|Ifran_6_r001536_c000000,Ifran_6|Ifran_6_r001536_c000000_Y2025_M08,IFRAN6_SG_0012,1536,0,2025,8,58,5.859999656677246,19.43000030517578,0.999404100869471,11.873,4,"[10,15)",58,58
train,Ifran_6,Ifran_6_r001536_c000000,Ifran_6_r001536_c000000_Y2025_M09,Ifran_6|Ifran_6_r001536_c000000,Ifran_6|Ifran_6_r001536_c000000_Y2025_M09,IFRAN6_SG_0012,1536,0,2025,9,58,5.859999656677246,19.43000030517578,0.999404100869471,11.873,4,"[10,15)",58,58
train,Ifran_6,Ifran_6_r001536_c000512,Ifran_6_r001536_c000512_Y2019_M05,Ifran_6|Ifran_6_r001536_c000512,Ifran_6|Ifran_6_r001536_c000512_Y2019_M05,IFRAN6_SG_0013,1536,512,2019,5,418,4.300000190734863,21.200000762939453,0.9999236352991588,10.281,4,"[10,15)",418,418
train,Ifran_6,Ifran_6_r001536_c000512,Ifran_6_r001536_c000512_Y2019_M06,Ifran_6|Ifran_6_r001536_c000512,Ifran_6|Ifran_6_r001536_c000512_Y2019_M06,IFRAN6_SG_0013,1536,512,2019,6,418,4.300000190734863,21.200000762939453,0.9999236352991588,10.281,4,"[10,15)",418,418
train,Ifran_6,Ifran_6_r001536_c000512,Ifran_6_r001536_c000512_Y2019_M07,Ifran_6|Ifran_6_r001536_c000512,Ifran_6|Ifran_6_r001536_c000512_Y2019_M07,IFRAN6_SG_0013,1536,512,2019,7,802,3.7799999713897705,24.36000061035156,0.9999236352991588,8.456,3,"[8,10)",802,802
train,Ifran_6,Ifran_6_r001536_c000512,Ifran_6_r001536_c000512_Y2019_M08,Ifran_6|Ifran_6_r001536_c000512,Ifran_6|Ifran_6_r001536_c000512_Y2019_M08,IFRAN6_SG_0013,1536,512,2019,8,802,3.7799999713897705,24.36000061035156,0.9999236352991588,8.456,3,"[8,10)",802,802
train,Ifran_6,Ifran_6_r001536_c000512,Ifran_6_r001536_c000512_Y2019_M09,Ifran_6|Ifran_6_r001536_c000512,Ifran_6|Ifran_6_r001536_c000512_Y2019_M09,IFRAN6_SG_0013,1536,512,2019,9,802,3.7799999713897705,24.36000061035156,0.9999236352991588,8.456,3,"[8,10)",802,802
train,Ifran_6,Ifran_6_r001536_c000512,Ifran_6_r001536_c000512_Y2020_M07,Ifran_6|Ifran_6_r001536_c000512,Ifran_6|Ifran_6_r001536_c000512_Y2020_M07,IFRAN6_SG_0013,1536,512,2020,7,670,3.9600000381469727,23.770000457763672,0.9999236352991588,8.237000000000002,3,"[8,10)",670,670
train,Ifran_6,Ifran_6_r001536_c000512,Ifran_6_r001536_c000512_Y2020_M08,Ifran_6|Ifran_6_r001536_c000512,Ifran_6|Ifran_6_r001536_c000512_Y2020_M08,IFRAN6_SG_0013,1536,512,2020,8,670,3.9600000381469727,23.770000457763672,0.9999236352991588,8.237000000000002,3,"[8,10)",670,670
train,Ifran_6,Ifran_6_r001536_c000512,Ifran_6_r001536_c000512_Y2020_M09,Ifran_6|Ifran_6_r001536_c000512,Ifran_6|Ifran_6_r001536_c000512_Y2020_M09,IFRAN6_SG_0013,1536,512,2020,9,670,3.9600000381469727,23.770000457763672,0.9999236352991588,8.237000000000002,3,"[8,10)",670,670
train,Ifran_6,Ifran_6_r001536_c000512,Ifran_6_r001536_c000512_Y2021_M05,Ifran_6|Ifran_6_r001536_c000512,Ifran_6|Ifran_6_r001536_c000512_Y2021_M05,IFRAN6_SG_0013,1536,512,2021,5,348,3.5299999713897705,21.100000381469727,0.9999236352991588,8.209,3,"[8,10)",348,348
train,Ifran_6,Ifran_6_r001536_c000512,Ifran_6_r001536_c000512_Y2021_M06,Ifran_6|Ifran_6_r001536_c000512,Ifran_6|Ifran_6_r001536_c000512_Y2021_M06,IFRAN6_SG_0013,1536,512,2021,6,348,3.5299999713897705,21.100000381469727,0.9999236352991588,8.209,3,"[8,10)",348,348
train,Ifran_6,Ifran_6_r001536_c000512,Ifran_6_r001536_c000512_Y2021_M07,Ifran_6|Ifran_6_r001536_c000512,Ifran_6|Ifran_6_r001536_c000512_Y2021_M07,IFRAN6_SG_0013,1536,512,2021,7,348,3.5299999713897705,21.100000381469727,0.9999236352991588,8.209,3,"[8,10)",348,348
train,Ifran_6,Ifran_6_r001536_c000512,Ifran_6_r001536_c000512_Y2021_M08,Ifran_6|Ifran_6_r001536_c000512,Ifran_6|Ifran_6_r001536_c000512_Y2021_M08,IFRAN6_SG_0013,1536,512,2021,8,356,3.569999933242798,21.100000381469727,0.9999236352991588,8.215,3,"[8,10)",356,356
train,Ifran_6,Ifran_6_r001536_c000512,Ifran_6_r001536_c000512_Y2021_M09,Ifran_6|Ifran_6_r001536_c000512,Ifran_6|Ifran_6_r001536_c000512_Y2021_M09,IFRAN6_SG_0013,1536,512,2021,9,356,3.569999933242798,21.100000381469727,0.9999236352991588,8.215,3,"[8,10)",356,356
train,Ifran_6,Ifran_6_r001536_c000512,Ifran_6_r001536_c000512_Y2022_M05,Ifran_6|Ifran_6_r001536_c000512,Ifran_6|Ifran_6_r001536_c000512_Y2022_M05,IFRAN6_SG_0013,1536,512,2022,5,766,3.9149999618530273,18.190000534057617,0.9999236352991588,8.085,3,"[8,10)",766,766
train,Ifran_6,Ifran_6_r001536_c000512,Ifran_6_r001536_c000512_Y2022_M06,Ifran_6|Ifran_6_r001536_c000512,Ifran_6|Ifran_6_r001536_c000512_Y2022_M06,IFRAN6_SG_0013,1536,512,2022,6,766,3.9149999618530273,18.190000534057617,0.9999236352991588,8.085,3,"[8,10)",766,766
train,Ifran_6,Ifran_6_r001536_c000512,Ifran_6_r001536_c000512_Y2022_M07,Ifran_6|Ifran_6_r001536_c000512,Ifran_6|Ifran_6_r001536_c000512_Y2022_M07,IFRAN6_SG_0013,1536,512,2022,7,766,3.9149999618530273,18.190000534057617,0.9999236352991588,8.085,3,"[8,10)",766,766
train,Ifran_6,Ifran_6_r001536_c000512,Ifran_6_r001536_c000512_Y2022_M08,Ifran_6|Ifran_6_r001536_c000512,Ifran_6|Ifran_6_r001536_c000512_Y2022_M08,IFRAN6_SG_0013,1536,512,2022,8,758,3.910000085830689,18.190000534057617,0.9999236352991588,8.083,3,"[8,10)",758,758
train,Ifran_6,Ifran_6_r001536_c000512,Ifran_6_r001536_c000512_Y2022_M09,Ifran_6|Ifran_6_r001536_c000512,Ifran_6|Ifran_6_r001536_c000512_Y2022_M09,IFRAN6_SG_0013,1536,512,2022,9,758,3.910000085830689,18.190000534057617,0.9999236352991588,8.083,3,"[8,10)",758,758
train,Ifran_6,Ifran_6_r001536_c000512,Ifran_6_r001536_c000512_Y2025_M05,Ifran_6|Ifran_6_r001536_c000512,Ifran_6|Ifran_6_r001536_c000512_Y2025_M05,IFRAN6_SG_0013,1536,512,2025,5,378,3.910000085830689,15.90999984741211,0.9999236352991588,8.117000000000003,3,"[8,10)",378,378
train,Ifran_6,Ifran_6_r001536_c000512,Ifran_6_r001536_c000512_Y2025_M06,Ifran_6|Ifran_6_r001536_c000512,Ifran_6|Ifran_6_r001536_c000512_Y2025_M06,IFRAN6_SG_0013,1536,512,2025,6,378,3.910000085830689,15.90999984741211,0.9999236352991588,8.117000000000003,3,"[8,10)",378,378
train,Ifran_6,Ifran_6_r001536_c001024,Ifran_6_r001536_c001024_Y2019_M05,Ifran_6|Ifran_6_r001536_c001024,Ifran_6|Ifran_6_r001536_c001024_Y2019_M05,IFRAN6_SG_0014,1536,1024,2019,5,567,3.9700000286102295,44.709999084472656,1.0,13.1,4,"[10,15)",566,566
train,Ifran_6,Ifran_6_r001536_c001024,Ifran_6_r001536_c001024_Y2019_M06,Ifran_6|Ifran_6_r001536_c001024,Ifran_6|Ifran_6_r001536_c001024_Y2019_M06,IFRAN6_SG_0014,1536,1024,2019,6,567,3.9700000286102295,44.709999084472656,1.0,13.1,4,"[10,15)",566,566
train,Ifran_6,Ifran_6_r001536_c001024,Ifran_6_r001536_c001024_Y2019_M07,Ifran_6|Ifran_6_r001536_c001024,Ifran_6|Ifran_6_r001536_c001024_Y2019_M07,IFRAN6_SG_0014,1536,1024,2019,7,868,3.5199999809265137,44.709999084472656,1.0,11.466,4,"[10,15)",867,867
train,Ifran_6,Ifran_6_r001536_c001024,Ifran_6_r001536_c001024_Y2019_M08,Ifran_6|Ifran_6_r001536_c001024,Ifran_6|Ifran_6_r001536_c001024_Y2019_M08,IFRAN6_SG_0014,1536,1024,2019,8,868,3.5199999809265137,44.709999084472656,1.0,11.466,4,"[10,15)",867,867
train,Ifran_6,Ifran_6_r001536_c001024,Ifran_6_r001536_c001024_Y2019_M09,Ifran_6|Ifran_6_r001536_c001024,Ifran_6|Ifran_6_r001536_c001024_Y2019_M09,IFRAN6_SG_0014,1536,1024,2019,9,868,3.5199999809265137,44.709999084472656,1.0,11.466,4,"[10,15)",867,867
train,Ifran_6,Ifran_6_r001536_c001024,Ifran_6_r001536_c001024_Y2020_M05,Ifran_6|Ifran_6_r001536_c001024,Ifran_6|Ifran_6_r001536_c001024_Y2020_M05,IFRAN6_SG_0014,1536,1024,2020,5,831,3.509999990463257,39.63999938964844,1.0,11.15,4,"[10,15)",831,831
train,Ifran_6,Ifran_6_r001536_c001024,Ifran_6_r001536_c001024_Y2020_M06,Ifran_6|Ifran_6_r001536_c001024,Ifran_6|Ifran_6_r001536_c001024_Y2020_M06,IFRAN6_SG_0014,1536,1024,2020,6,831,3.509999990463257,39.63999938964844,1.0,11.15,4,"[10,15)",831,831
train,Ifran_6,Ifran_6_r001536_c001024,Ifran_6_r001536_c001024_Y2020_M07,Ifran_6|Ifran_6_r001536_c001024,Ifran_6|Ifran_6_r001536_c001024_Y2020_M07,IFRAN6_SG_0014,1536,1024,2020,7,530,3.920000076293945,39.63999938964844,1.0,11.868000000000002,4,"[10,15)",530,530
train,Ifran_6,Ifran_6_r001536_c001024,Ifran_6_r001536_c001024_Y2020_M08,Ifran_6|Ifran_6_r001536_c001024,Ifran_6|Ifran_6_r001536_c001024_Y2020_M08,IFRAN6_SG_0014,1536,1024,2020,8,530,3.920000076293945,39.63999938964844,1.0,11.868000000000002,4,"[10,15)",530,530
train,Ifran_6,Ifran_6_r001536_c001024,Ifran_6_r001536_c001024_Y2020_M09,Ifran_6|Ifran_6_r001536_c001024,Ifran_6|Ifran_6_r001536_c001024_Y2020_M09,IFRAN6_SG_0014,1536,1024,2020,9,530,3.920000076293945,39.63999938964844,1.0,11.868000000000002,4,"[10,15)",530,530
train,Ifran_6,Ifran_6_r001536_c001024,Ifran_6_r001536_c001024_Y2021_M05,Ifran_6|Ifran_6_r001536_c001024,Ifran_6|Ifran_6_r001536_c001024_Y2021_M05,IFRAN6_SG_0014,1536,1024,2021,5,88,5.849999904632568,20.170000076293945,0.9998779296875,10.675,4,"[10,15)",88,88
train,Ifran_6,Ifran_6_r001536_c001024,Ifran_6_r001536_c001024_Y2021_M06,Ifran_6|Ifran_6_r001536_c001024,Ifran_6|Ifran_6_r001536_c001024_Y2021_M06,IFRAN6_SG_0014,1536,1024,2021,6,88,5.849999904632568,20.170000076293945,1.0,10.675,4,"[10,15)",88,88
train,Ifran_6,Ifran_6_r001536_c001024,Ifran_6_r001536_c001024_Y2021_M07,Ifran_6|Ifran_6_r001536_c001024,Ifran_6|Ifran_6_r001536_c001024_Y2021_M07,IFRAN6_SG_0014,1536,1024,2021,7,88,5.849999904632568,20.170000076293945,1.0,10.675,4,"[10,15)",88,88
train,Ifran_6,Ifran_6_r001536_c001024,Ifran_6_r001536_c001024_Y2021_M08,Ifran_6|Ifran_6_r001536_c001024,Ifran_6|Ifran_6_r001536_c001024_Y2021_M08,IFRAN6_SG_0014,1536,1024,2021,8,88,5.849999904632568,20.170000076293945,1.0,10.675,4,"[10,15)",88,88
train,Ifran_6,Ifran_6_r001536_c001024,Ifran_6_r001536_c001024_Y2021_M09,Ifran_6|Ifran_6_r001536_c001024,Ifran_6|Ifran_6_r001536_c001024_Y2021_M09,IFRAN6_SG_0014,1536,1024,2021,9,88,5.849999904632568,20.170000076293945,1.0,10.675,4,"[10,15)",88,88
train,Ifran_6,Ifran_6_r001536_c001024,Ifran_6_r001536_c001024_Y2022_M05,Ifran_6|Ifran_6_r001536_c001024,Ifran_6|Ifran_6_r001536_c001024_Y2022_M05,IFRAN6_SG_0014,1536,1024,2022,5,816,3.940000057220459,29.100000381469727,1.0,10.385,4,"[10,15)",816,816
train,Ifran_6,Ifran_6_r001536_c001024,Ifran_6_r001536_c001024_Y2022_M06,Ifran_6|Ifran_6_r001536_c001024,Ifran_6|Ifran_6_r001536_c001024_Y2022_M06,IFRAN6_SG_0014,1536,1024,2022,6,816,3.940000057220459,29.100000381469727,1.0,10.385,4,"[10,15)",816,816
train,Ifran_6,Ifran_6_r001536_c001024,Ifran_6_r001536_c001024_Y2022_M07,Ifran_6|Ifran_6_r001536_c001024,Ifran_6|Ifran_6_r001536_c001024_Y2022_M07,IFRAN6_SG_0014,1536,1024,2022,7,816,3.940000057220459,29.100000381469727,1.0,10.385,4,"[10,15)",816,816
train,Ifran_6,Ifran_6_r001536_c001024,Ifran_6_r001536_c001024_Y2022_M08,Ifran_6|Ifran_6_r001536_c001024,Ifran_6|Ifran_6_r001536_c001024_Y2022_M08,IFRAN6_SG_0014,1536,1024,2022,8,816,3.940000057220459,29.100000381469727,1.0,10.385,4,"[10,15)",816,816
train,Ifran_6,Ifran_6_r001536_c001024,Ifran_6_r001536_c001024_Y2022_M09,Ifran_6|Ifran_6_r001536_c001024,Ifran_6|Ifran_6_r001536_c001024_Y2022_M09,IFRAN6_SG_0014,1536,1024,2022,9,846,3.990000009536743,40.65999984741211,1.0,10.935,4,"[10,15)",846,846
train,Ifran_6,Ifran_6_r001536_c001024,Ifran_6_r001536_c001024_Y2023_M05,Ifran_6|Ifran_6_r001536_c001024,Ifran_6|Ifran_6_r001536_c001024_Y2023_M05,IFRAN6_SG_0014,1536,1024,2023,5,30,14.614999771118164,40.65999984741211,1.0,27.683000000000003,6,"[20,30)",30,30
train,Ifran_6,Ifran_6_r001536_c001024,Ifran_6_r001536_c001024_Y2023_M06,Ifran_6|Ifran_6_r001536_c001024,Ifran_6|Ifran_6_r001536_c001024_Y2023_M06,IFRAN6_SG_0014,1536,1024,2023,6,30,14.614999771118164,40.65999984741211,1.0,27.683000000000003,6,"[20,30)",30,30
train,Ifran_6,Ifran_6_r001536_c001024,Ifran_6_r001536_c001024_Y2023_M07,Ifran_6|Ifran_6_r001536_c001024,Ifran_6|Ifran_6_r001536_c001024_Y2023_M07,IFRAN6_SG_0014,1536,1024,2023,7,30,14.614999771118164,40.65999984741211,1.0,27.683000000000003,6,"[20,30)",30,30
train,Ifran_6,Ifran_6_r001536_c001024,Ifran_6_r001536_c001024_Y2023_M08,Ifran_6|Ifran_6_r001536_c001024,Ifran_6|Ifran_6_r001536_c001024_Y2023_M08,IFRAN6_SG_0014,1536,1024,2023,8,30,14.614999771118164,40.65999984741211,1.0,27.683000000000003,6,"[20,30)",30,30
train,Ifran_6,Ifran_6_r001536_c001024,Ifran_6_r001536_c001024_Y2024_M05,Ifran_6|Ifran_6_r001536_c001024,Ifran_6|Ifran_6_r001536_c001024_Y2024_M05,IFRAN6_SG_0014,1536,1024,2024,5,551,3.509999990463257,26.64999961853028,1.0,9.89,3,"[8,10)",551,551
train,Ifran_6,Ifran_6_r001536_c001024,Ifran_6_r001536_c001024_Y2024_M06,Ifran_6|Ifran_6_r001536_c001024,Ifran_6|Ifran_6_r001536_c001024_Y2024_M06,IFRAN6_SG_0014,1536,1024,2024,6,551,3.509999990463257,26.64999961853028,1.0,9.89,3,"[8,10)",551,551
train,Ifran_6,Ifran_6_r001536_c001024,Ifran_6_r001536_c001024_Y2024_M07,Ifran_6|Ifran_6_r001536_c001024,Ifran_6|Ifran_6_r001536_c001024_Y2024_M07,IFRAN6_SG_0014,1536,1024,2024,7,551,3.509999990463257,26.64999961853028,1.0,9.89,3,"[8,10)",551,551
train,Ifran_6,Ifran_6_r001536_c001024,Ifran_6_r001536_c001024_Y2024_M08,Ifran_6|Ifran_6_r001536_c001024,Ifran_6|Ifran_6_r001536_c001024_Y2024_M08,IFRAN6_SG_0014,1536,1024,2024,8,551,3.509999990463257,26.64999961853028,1.0,9.89,3,"[8,10)",551,551
train,Ifran_6,Ifran_6_r001536_c001024,Ifran_6_r001536_c001024_Y2024_M09,Ifran_6|Ifran_6_r001536_c001024,Ifran_6|Ifran_6_r001536_c001024_Y2024_M09,IFRAN6_SG_0014,1536,1024,2024,9,551,3.509999990463257,26.64999961853028,1.0,9.89,3,"[8,10)",551,551
train,Ifran_6,Ifran_6_r001536_c001024,Ifran_6_r001536_c001024_Y2025_M05,Ifran_6|Ifran_6_r001536_c001024,Ifran_6|Ifran_6_r001536_c001024_Y2025_M05,IFRAN6_SG_0014,1536,1024,2025,5,294,3.2849998474121094,27.209999084472656,1.0,11.803,4,"[10,15)",294,294
train,Ifran_6,Ifran_6_r001536_c001024,Ifran_6_r001536_c001024_Y2025_M06,Ifran_6|Ifran_6_r001536_c001024,Ifran_6|Ifran_6_r001536_c001024_Y2025_M06,IFRAN6_SG_0014,1536,1024,2025,6,294,3.2849998474121094,27.209999084472656,1.0,11.803,4,"[10,15)",294,294
train,Ifran_6,Ifran_6_r001536_c001024,Ifran_6_r001536_c001024_Y2025_M07,Ifran_6|Ifran_6_r001536_c001024,Ifran_6|Ifran_6_r001536_c001024_Y2025_M07,IFRAN6_SG_0014,1536,1024,2025,7,294,3.2849998474121094,27.209999084472656,1.0,11.803,4,"[10,15)",294,294
train,Ifran_6,Ifran_6_r001536_c001024,Ifran_6_r001536_c001024_Y2025_M08,Ifran_6|Ifran_6_r001536_c001024,Ifran_6|Ifran_6_r001536_c001024_Y2025_M08,IFRAN6_SG_0014,1536,1024,2025,8,294,3.2849998474121094,27.209999084472656,1.0,11.803,4,"[10,15)",294,294
train,Ifran_6,Ifran_6_r001536_c001024,Ifran_6_r001536_c001024_Y2025_M09,Ifran_6|Ifran_6_r001536_c001024,Ifran_6|Ifran_6_r001536_c001024_Y2025_M09,IFRAN6_SG_0014,1536,1024,2025,9,294,3.2849998474121094,27.209999084472656,1.0,11.803,4,"[10,15)",294,294
train,Ifran_6,Ifran_6_r001536_c001536,Ifran_6_r001536_c001536_Y2019_M05,Ifran_6|Ifran_6_r001536_c001536,Ifran_6|Ifran_6_r001536_c001536_Y2019_M05,IFRAN6_SG_0015,1536,1536,2019,5,82,11.610000610351562,39.060001373291016,1.0,31.78900000000001,7,"[30,40)",82,82
train,Ifran_6,Ifran_6_r001536_c001536,Ifran_6_r001536_c001536_Y2019_M06,Ifran_6|Ifran_6_r001536_c001536,Ifran_6|Ifran_6_r001536_c001536_Y2019_M06,IFRAN6_SG_0015,1536,1536,2019,6,82,11.610000610351562,39.060001373291016,1.0,31.78900000000001,7,"[30,40)",82,82
train,Ifran_6,Ifran_6_r001536_c001536,Ifran_6_r001536_c001536_Y2019_M07,Ifran_6|Ifran_6_r001536_c001536,Ifran_6|Ifran_6_r001536_c001536_Y2019_M07,IFRAN6_SG_0015,1536,1536,2019,7,198,12.010000228881836,41.31999969482422,1.0,32.345000000000006,7,"[30,40)",198,198
train,Ifran_6,Ifran_6_r001536_c001536,Ifran_6_r001536_c001536_Y2019_M08,Ifran_6|Ifran_6_r001536_c001536,Ifran_6|Ifran_6_r001536_c001536_Y2019_M08,IFRAN6_SG_0015,1536,1536,2019,8,198,12.010000228881836,41.31999969482422,1.0,32.345000000000006,7,"[30,40)",198,198
train,Ifran_6,Ifran_6_r001536_c001536,Ifran_6_r001536_c001536_Y2019_M09,Ifran_6|Ifran_6_r001536_c001536,Ifran_6|Ifran_6_r001536_c001536_Y2019_M09,IFRAN6_SG_0015,1536,1536,2019,9,198,12.010000228881836,41.31999969482422,1.0,32.345000000000006,7,"[30,40)",198,198
train,Ifran_6,Ifran_6_r001536_c001536,Ifran_6_r001536_c001536_Y2020_M05,Ifran_6|Ifran_6_r001536_c001536,Ifran_6|Ifran_6_r001536_c001536_Y2020_M05,IFRAN6_SG_0015,1536,1536,2020,5,1123,12.350000381469728,44.43999862670898,1.0,31.982000000000003,7,"[30,40)",1118,1118
train,Ifran_6,Ifran_6_r001536_c001536,Ifran_6_r001536_c001536_Y2020_M06,Ifran_6|Ifran_6_r001536_c001536,Ifran_6|Ifran_6_r001536_c001536_Y2020_M06,IFRAN6_SG_0015,1536,1536,2020,6,1123,12.350000381469728,44.43999862670898,1.0,31.982000000000003,7,"[30,40)",1118,1118
train,Ifran_6,Ifran_6_r001536_c001536,Ifran_6_r001536_c001536_Y2020_M07,Ifran_6|Ifran_6_r001536_c001536,Ifran_6|Ifran_6_r001536_c001536_Y2020_M07,IFRAN6_SG_0015,1536,1536,2020,7,1007,12.350000381469728,44.43999862670898,1.0,31.917,7,"[30,40)",1002,1002
train,Ifran_6,Ifran_6_r001536_c001536,Ifran_6_r001536_c001536_Y2020_M08,Ifran_6|Ifran_6_r001536_c001536,Ifran_6|Ifran_6_r001536_c001536_Y2020_M08,IFRAN6_SG_0015,1536,1536,2020,8,1007,12.350000381469728,44.43999862670898,1.0,31.917,7,"[30,40)",1002,1002
train,Ifran_6,Ifran_6_r001536_c001536,Ifran_6_r001536_c001536_Y2020_M09,Ifran_6|Ifran_6_r001536_c001536,Ifran_6|Ifran_6_r001536_c001536_Y2020_M09,IFRAN6_SG_0015,1536,1536,2020,9,1007,12.350000381469728,44.43999862670898,1.0,31.917,7,"[30,40)",1002,1002
train,Ifran_6,Ifran_6_r001536_c001536,Ifran_6_r001536_c001536_Y2022_M05,Ifran_6|Ifran_6_r001536_c001536,Ifran_6|Ifran_6_r001536_c001536_Y2022_M05,IFRAN6_SG_0015,1536,1536,2022,5,326,8.674999237060547,43.369998931884766,1.0,29.598000000000003,6,"[20,30)",323,323
train,Ifran_6,Ifran_6_r001536_c001536,Ifran_6_r001536_c001536_Y2022_M06,Ifran_6|Ifran_6_r001536_c001536,Ifran_6|Ifran_6_r001536_c001536_Y2022_M06,IFRAN6_SG_0015,1536,1536,2022,6,326,8.674999237060547,43.369998931884766,1.0,29.598000000000003,6,"[20,30)",323,323
train,Ifran_6,Ifran_6_r001536_c001536,Ifran_6_r001536_c001536_Y2022_M07,Ifran_6|Ifran_6_r001536_c001536,Ifran_6|Ifran_6_r001536_c001536_Y2022_M07,IFRAN6_SG_0015,1536,1536,2022,7,326,8.674999237060547,43.369998931884766,1.0,29.598000000000003,6,"[20,30)",323,323
train,Ifran_6,Ifran_6_r001536_c001536,Ifran_6_r001536_c001536_Y2022_M08,Ifran_6|Ifran_6_r001536_c001536,Ifran_6|Ifran_6_r001536_c001536_Y2022_M08,IFRAN6_SG_0015,1536,1536,2022,8,326,8.674999237060547,43.369998931884766,1.0,29.598000000000003,6,"[20,30)",323,323
train,Ifran_6,Ifran_6_r001536_c001536,Ifran_6_r001536_c001536_Y2022_M09,Ifran_6|Ifran_6_r001536_c001536,Ifran_6|Ifran_6_r001536_c001536_Y2022_M09,IFRAN6_SG_0015,1536,1536,2022,9,746,9.454999923706056,43.369998931884766,1.0,30.25,7,"[30,40)",742,742
train,Ifran_6,Ifran_6_r001536_c001536,Ifran_6_r001536_c001536_Y2023_M05,Ifran_6|Ifran_6_r001536_c001536,Ifran_6|Ifran_6_r001536_c001536_Y2023_M05,IFRAN6_SG_0015,1536,1536,2023,5,420,10.18000030517578,42.47999954223633,1.0,30.746,7,"[30,40)",419,419
train,Ifran_6,Ifran_6_r001536_c001536,Ifran_6_r001536_c001536_Y2023_M06,Ifran_6|Ifran_6_r001536_c001536,Ifran_6|Ifran_6_r001536_c001536_Y2023_M06,IFRAN6_SG_0015,1536,1536,2023,6,420,10.18000030517578,42.47999954223633,1.0,30.746,7,"[30,40)",419,419
train,Ifran_6,Ifran_6_r001536_c001536,Ifran_6_r001536_c001536_Y2023_M07,Ifran_6|Ifran_6_r001536_c001536,Ifran_6|Ifran_6_r001536_c001536_Y2023_M07,IFRAN6_SG_0015,1536,1536,2023,7,420,10.18000030517578,42.47999954223633,1.0,30.746,7,"[30,40)",419,419
train,Ifran_6,Ifran_6_r001536_c001536,Ifran_6_r001536_c001536_Y2023_M08,Ifran_6|Ifran_6_r001536_c001536,Ifran_6|Ifran_6_r001536_c001536_Y2023_M08,IFRAN6_SG_0015,1536,1536,2023,8,420,10.18000030517578,42.47999954223633,1.0,30.746,7,"[30,40)",419,419
train,Ifran_6,Ifran_6_r001536_c001536,Ifran_6_r001536_c001536_Y2024_M05,Ifran_6|Ifran_6_r001536_c001536,Ifran_6|Ifran_6_r001536_c001536_Y2024_M05,IFRAN6_SG_0015,1536,1536,2024,5,183,10.109999656677246,42.36000061035156,1.0,32.62,7,"[30,40)",182,182
train,Ifran_6,Ifran_6_r001536_c001536,Ifran_6_r001536_c001536_Y2024_M06,Ifran_6|Ifran_6_r001536_c001536,Ifran_6|Ifran_6_r001536_c001536_Y2024_M06,IFRAN6_SG_0015,1536,1536,2024,6,183,10.109999656677246,42.36000061035156,1.0,32.62,7,"[30,40)",182,182
train,Ifran_6,Ifran_6_r001536_c001536,Ifran_6_r001536_c001536_Y2024_M07,Ifran_6|Ifran_6_r001536_c001536,Ifran_6|Ifran_6_r001536_c001536_Y2024_M07,IFRAN6_SG_0015,1536,1536,2024,7,183,10.109999656677246,42.36000061035156,1.0,32.62,7,"[30,40)",182,182
train,Ifran_6,Ifran_6_r001536_c001536,Ifran_6_r001536_c001536_Y2024_M08,Ifran_6|Ifran_6_r001536_c001536,Ifran_6|Ifran_6_r001536_c001536_Y2024_M08,IFRAN6_SG_0015,1536,1536,2024,8,183,10.109999656677246,42.36000061035156,1.0,32.62,7,"[30,40)",182,182
train,Ifran_6,Ifran_6_r001536_c001536,Ifran_6_r001536_c001536_Y2024_M09,Ifran_6|Ifran_6_r001536_c001536,Ifran_6|Ifran_6_r001536_c001536_Y2024_M09,IFRAN6_SG_0015,1536,1536,2024,9,183,10.109999656677246,42.36000061035156,1.0,32.62,7,"[30,40)",182,182
train,Ifran_6,Ifran_6_r001536_c001536,Ifran_6_r001536_c001536_Y2025_M05,Ifran_6|Ifran_6_r001536_c001536,Ifran_6|Ifran_6_r001536_c001536_Y2025_M05,IFRAN6_SG_0015,1536,1536,2025,5,363,11.010000228881836,43.709999084472656,1.0,30.019000000000005,7,"[30,40)",362,362
train,Ifran_6,Ifran_6_r001536_c001536,Ifran_6_r001536_c001536_Y2025_M06,Ifran_6|Ifran_6_r001536_c001536,Ifran_6|Ifran_6_r001536_c001536_Y2025_M06,IFRAN6_SG_0015,1536,1536,2025,6,363,11.010000228881836,43.709999084472656,1.0,30.019000000000005,7,"[30,40)",362,362
train,Ifran_6,Ifran_6_r001536_c001536,Ifran_6_r001536_c001536_Y2025_M07,Ifran_6|Ifran_6_r001536_c001536,Ifran_6|Ifran_6_r001536_c001536_Y2025_M07,IFRAN6_SG_0015,1536,1536,2025,7,363,11.010000228881836,43.709999084472656,1.0,30.019000000000005,7,"[30,40)",362,362
train,Ifran_6,Ifran_6_r001536_c001536,Ifran_6_r001536_c001536_Y2025_M08,Ifran_6|Ifran_6_r001536_c001536,Ifran_6|Ifran_6_r001536_c001536_Y2025_M08,IFRAN6_SG_0015,1536,1536,2025,8,363,11.010000228881836,43.709999084472656,1.0,30.019000000000005,7,"[30,40)",362,362
train,Ifran_6,Ifran_6_r001536_c001536,Ifran_6_r001536_c001536_Y2025_M09,Ifran_6|Ifran_6_r001536_c001536,Ifran_6|Ifran_6_r001536_c001536_Y2025_M09,IFRAN6_SG_0015,1536,1536,2025,9,363,11.010000228881836,43.709999084472656,1.0,30.019000000000005,7,"[30,40)",362,362
train,Ifran_6,Ifran_6_r001536_c002048,Ifran_6_r001536_c002048_Y2019_M05,Ifran_6|Ifran_6_r001536_c002048,Ifran_6|Ifran_6_r001536_c002048_Y2019_M05,IFRAN6_SG_0016,1536,2048,2019,5,180,3.9600000381469727,40.09999847412109,1.0,27.191,6,"[20,30)",180,180
train,Ifran_6,Ifran_6_r001536_c002048,Ifran_6_r001536_c002048_Y2019_M06,Ifran_6|Ifran_6_r001536_c002048,Ifran_6|Ifran_6_r001536_c002048_Y2019_M06,IFRAN6_SG_0016,1536,2048,2019,6,180,3.9600000381469727,40.09999847412109,1.0,27.191,6,"[20,30)",180,180
train,Ifran_6,Ifran_6_r001536_c002048,Ifran_6_r001536_c002048_Y2019_M07,Ifran_6|Ifran_6_r001536_c002048,Ifran_6|Ifran_6_r001536_c002048_Y2019_M07,IFRAN6_SG_0016,1536,2048,2019,7,191,4.110000133514404,43.83000183105469,1.0,27.477,6,"[20,30)",190,190
train,Ifran_6,Ifran_6_r001536_c002048,Ifran_6_r001536_c002048_Y2019_M08,Ifran_6|Ifran_6_r001536_c002048,Ifran_6|Ifran_6_r001536_c002048_Y2019_M08,IFRAN6_SG_0016,1536,2048,2019,8,191,4.110000133514404,43.83000183105469,1.0,27.477,6,"[20,30)",190,190
train,Ifran_6,Ifran_6_r001536_c002048,Ifran_6_r001536_c002048_Y2019_M09,Ifran_6|Ifran_6_r001536_c002048,Ifran_6|Ifran_6_r001536_c002048_Y2019_M09,IFRAN6_SG_0016,1536,2048,2019,9,191,4.110000133514404,43.83000183105469,1.0,27.477,6,"[20,30)",190,190
train,Ifran_6,Ifran_6_r001536_c002048,Ifran_6_r001536_c002048_Y2020_M05,Ifran_6|Ifran_6_r001536_c002048,Ifran_6|Ifran_6_r001536_c002048_Y2020_M05,IFRAN6_SG_0016,1536,2048,2020,5,1214,7.130000114440918,44.66999816894531,1.0,33.804,7,"[30,40)",1197,1197
train,Ifran_6,Ifran_6_r001536_c002048,Ifran_6_r001536_c002048_Y2020_M06,Ifran_6|Ifran_6_r001536_c002048,Ifran_6|Ifran_6_r001536_c002048_Y2020_M06,IFRAN6_SG_0016,1536,2048,2020,6,1214,7.130000114440918,44.66999816894531,1.0,33.804,7,"[30,40)",1197,1197
train,Ifran_6,Ifran_6_r001536_c002048,Ifran_6_r001536_c002048_Y2020_M07,Ifran_6|Ifran_6_r001536_c002048,Ifran_6|Ifran_6_r001536_c002048_Y2020_M07,IFRAN6_SG_0016,1536,2048,2020,7,1203,6.920000076293945,44.66999816894531,1.0,33.804,7,"[30,40)",1187,1187
train,Ifran_6,Ifran_6_r001536_c002048,Ifran_6_r001536_c002048_Y2020_M08,Ifran_6|Ifran_6_r001536_c002048,Ifran_6|Ifran_6_r001536_c002048_Y2020_M08,IFRAN6_SG_0016,1536,2048,2020,8,1203,6.920000076293945,44.66999816894531,1.0,33.804,7,"[30,40)",1187,1187
train,Ifran_6,Ifran_6_r001536_c002048,Ifran_6_r001536_c002048_Y2020_M09,Ifran_6|Ifran_6_r001536_c002048,Ifran_6|Ifran_6_r001536_c002048_Y2020_M09,IFRAN6_SG_0016,1536,2048,2020,9,1203,6.920000076293945,44.66999816894531,1.0,33.804,7,"[30,40)",1187,1187
train,Ifran_6,Ifran_6_r001536_c002048,Ifran_6_r001536_c002048_Y2022_M05,Ifran_6|Ifran_6_r001536_c002048,Ifran_6|Ifran_6_r001536_c002048_Y2022_M05,IFRAN6_SG_0016,1536,2048,2022,5,835,5.400000095367432,43.79999923706055,1.0,31.53,7,"[30,40)",831,831
train,Ifran_6,Ifran_6_r001536_c002048,Ifran_6_r001536_c002048_Y2022_M06,Ifran_6|Ifran_6_r001536_c002048,Ifran_6|Ifran_6_r001536_c002048_Y2022_M06,IFRAN6_SG_0016,1536,2048,2022,6,835,5.400000095367432,43.79999923706055,1.0,31.53,7,"[30,40)",831,831
train,Ifran_6,Ifran_6_r001536_c002048,Ifran_6_r001536_c002048_Y2022_M07,Ifran_6|Ifran_6_r001536_c002048,Ifran_6|Ifran_6_r001536_c002048_Y2022_M07,IFRAN6_SG_0016,1536,2048,2022,7,835,5.400000095367432,43.79999923706055,1.0,31.53,7,"[30,40)",831,831
train,Ifran_6,Ifran_6_r001536_c002048,Ifran_6_r001536_c002048_Y2022_M08,Ifran_6|Ifran_6_r001536_c002048,Ifran_6|Ifran_6_r001536_c002048_Y2022_M08,IFRAN6_SG_0016,1536,2048,2022,8,835,5.400000095367432,43.79999923706055,1.0,31.53,7,"[30,40)",831,831
train,Ifran_6,Ifran_6_r001536_c002048,Ifran_6_r001536_c002048_Y2022_M09,Ifran_6|Ifran_6_r001536_c002048,Ifran_6|Ifran_6_r001536_c002048_Y2022_M09,IFRAN6_SG_0016,1536,2048,2022,9,1130,6.795000076293945,44.65999984741211,1.0,32.887,7,"[30,40)",1122,1122
train,Ifran_6,Ifran_6_r001536_c002048,Ifran_6_r001536_c002048_Y2023_M05,Ifran_6|Ifran_6_r001536_c002048,Ifran_6|Ifran_6_r001536_c002048_Y2023_M05,IFRAN6_SG_0016,1536,2048,2023,5,295,21.709999084472656,44.65999984741211,1.0,36.01,7,"[30,40)",291,291
train,Ifran_6,Ifran_6_r001536_c002048,Ifran_6_r001536_c002048_Y2023_M06,Ifran_6|Ifran_6_r001536_c002048,Ifran_6|Ifran_6_r001536_c002048_Y2023_M06,IFRAN6_SG_0016,1536,2048,2023,6,295,21.709999084472656,44.65999984741211,1.0,36.01,7,"[30,40)",291,291
train,Ifran_6,Ifran_6_r001536_c002048,Ifran_6_r001536_c002048_Y2023_M07,Ifran_6|Ifran_6_r001536_c002048,Ifran_6|Ifran_6_r001536_c002048_Y2023_M07,IFRAN6_SG_0016,1536,2048,2023,7,295,21.709999084472656,44.65999984741211,1.0,36.01,7,"[30,40)",291,291
train,Ifran_6,Ifran_6_r001536_c002048,Ifran_6_r001536_c002048_Y2023_M08,Ifran_6|Ifran_6_r001536_c002048,Ifran_6|Ifran_6_r001536_c002048_Y2023_M08,IFRAN6_SG_0016,1536,2048,2023,8,295,21.709999084472656,44.65999984741211,1.0,36.01,7,"[30,40)",291,291
train,Ifran_6,Ifran_6_r001536_c002048,Ifran_6_r001536_c002048_Y2024_M07,Ifran_6|Ifran_6_r001536_c002048,Ifran_6|Ifran_6_r001536_c002048_Y2024_M07,IFRAN6_SG_0016,1536,2048,2024,7,43,14.729999542236328,32.70000076293945,1.0,26.112,6,"[20,30)",43,43
train,Ifran_6,Ifran_6_r001536_c002048,Ifran_6_r001536_c002048_Y2024_M08,Ifran_6|Ifran_6_r001536_c002048,Ifran_6|Ifran_6_r001536_c002048_Y2024_M08,IFRAN6_SG_0016,1536,2048,2024,8,43,14.729999542236328,32.70000076293945,1.0,26.112,6,"[20,30)",43,43
train,Ifran_6,Ifran_6_r001536_c002048,Ifran_6_r001536_c002048_Y2024_M09,Ifran_6|Ifran_6_r001536_c002048,Ifran_6|Ifran_6_r001536_c002048_Y2024_M09,IFRAN6_SG_0016,1536,2048,2024,9,43,14.729999542236328,32.70000076293945,1.0,26.112,6,"[20,30)",43,43
train,Ifran_6,Ifran_6_r001536_c002048,Ifran_6_r001536_c002048_Y2025_M05,Ifran_6|Ifran_6_r001536_c002048,Ifran_6|Ifran_6_r001536_c002048_Y2025_M05,IFRAN6_SG_0016,1536,2048,2025,5,79,14.390000343322754,42.45000076293945,1.0,27.598000000000003,6,"[20,30)",77,77
train,Ifran_6,Ifran_6_r001536_c002048,Ifran_6_r001536_c002048_Y2025_M06,Ifran_6|Ifran_6_r001536_c002048,Ifran_6|Ifran_6_r001536_c002048_Y2025_M06,IFRAN6_SG_0016,1536,2048,2025,6,79,14.390000343322754,42.45000076293945,1.0,27.598000000000003,6,"[20,30)",77,77
train,Ifran_6,Ifran_6_r001536_c002048,Ifran_6_r001536_c002048_Y2025_M07,Ifran_6|Ifran_6_r001536_c002048,Ifran_6|Ifran_6_r001536_c002048_Y2025_M07,IFRAN6_SG_0016,1536,2048,2025,7,36,10.96500015258789,42.45000076293945,1.0,34.47,7,"[30,40)",34,34
train,Ifran_6,Ifran_6_r001536_c002048,Ifran_6_r001536_c002048_Y2025_M08,Ifran_6|Ifran_6_r001536_c002048,Ifran_6|Ifran_6_r001536_c002048_Y2025_M08,IFRAN6_SG_0016,1536,2048,2025,8,36,10.96500015258789,42.45000076293945,1.0,34.47,7,"[30,40)",34,34
train,Ifran_6,Ifran_6_r001536_c002048,Ifran_6_r001536_c002048_Y2025_M09,Ifran_6|Ifran_6_r001536_c002048,Ifran_6|Ifran_6_r001536_c002048_Y2025_M09,IFRAN6_SG_0016,1536,2048,2025,9,36,10.96500015258789,42.45000076293945,1.0,34.47,7,"[30,40)",34,34
train,Ifran_6,Ifran_6_r001536_c002560,Ifran_6_r001536_c002560_Y2019_M05,Ifran_6|Ifran_6_r001536_c002560,Ifran_6|Ifran_6_r001536_c002560_Y2019_M05,IFRAN6_SG_0017,1536,2560,2019,5,466,4.5,43.22999954223633,0.9998754610336734,19.94600000000002,5,"[15,20)",465,465
train,Ifran_6,Ifran_6_r001536_c002560,Ifran_6_r001536_c002560_Y2019_M06,Ifran_6|Ifran_6_r001536_c002560,Ifran_6|Ifran_6_r001536_c002560_Y2019_M06,IFRAN6_SG_0017,1536,2560,2019,6,466,4.5,43.22999954223633,0.9998754610336734,19.94600000000002,5,"[15,20)",465,465
train,Ifran_6,Ifran_6_r001536_c002560,Ifran_6_r001536_c002560_Y2019_M07,Ifran_6|Ifran_6_r001536_c002560,Ifran_6|Ifran_6_r001536_c002560_Y2019_M07,IFRAN6_SG_0017,1536,2560,2019,7,466,4.5,43.22999954223633,0.9998754610336734,19.94600000000002,5,"[15,20)",465,465
train,Ifran_6,Ifran_6_r001536_c002560,Ifran_6_r001536_c002560_Y2019_M08,Ifran_6|Ifran_6_r001536_c002560,Ifran_6|Ifran_6_r001536_c002560_Y2019_M08,IFRAN6_SG_0017,1536,2560,2019,8,466,4.5,43.22999954223633,0.9998754610336734,19.94600000000002,5,"[15,20)",465,465
train,Ifran_6,Ifran_6_r001536_c002560,Ifran_6_r001536_c002560_Y2019_M09,Ifran_6|Ifran_6_r001536_c002560,Ifran_6|Ifran_6_r001536_c002560_Y2019_M09,IFRAN6_SG_0017,1536,2560,2019,9,466,4.5,43.22999954223633,0.9998754610336734,19.94600000000002,5,"[15,20)",465,465
train,Ifran_6,Ifran_6_r001536_c002560,Ifran_6_r001536_c002560_Y2020_M05,Ifran_6|Ifran_6_r001536_c002560,Ifran_6|Ifran_6_r001536_c002560_Y2020_M05,IFRAN6_SG_0017,1536,2560,2020,5,674,4.039999961853027,43.36000061035156,0.9998754610336734,21.784000000000024,6,"[20,30)",673,673
train,Ifran_6,Ifran_6_r001536_c002560,Ifran_6_r001536_c002560_Y2020_M06,Ifran_6|Ifran_6_r001536_c002560,Ifran_6|Ifran_6_r001536_c002560_Y2020_M06,IFRAN6_SG_0017,1536,2560,2020,6,674,4.039999961853027,43.36000061035156,0.9998754610336734,21.784000000000024,6,"[20,30)",673,673
train,Ifran_6,Ifran_6_r001536_c002560,Ifran_6_r001536_c002560_Y2020_M07,Ifran_6|Ifran_6_r001536_c002560,Ifran_6|Ifran_6_r001536_c002560_Y2020_M07,IFRAN6_SG_0017,1536,2560,2020,7,674,4.039999961853027,43.36000061035156,0.9998754610336734,21.784000000000024,6,"[20,30)",673,673
train,Ifran_6,Ifran_6_r001536_c002560,Ifran_6_r001536_c002560_Y2020_M08,Ifran_6|Ifran_6_r001536_c002560,Ifran_6|Ifran_6_r001536_c002560_Y2020_M08,IFRAN6_SG_0017,1536,2560,2020,8,674,4.039999961853027,43.36000061035156,0.9998754610336734,21.784000000000024,6,"[20,30)",673,673
train,Ifran_6,Ifran_6_r001536_c002560,Ifran_6_r001536_c002560_Y2020_M09,Ifran_6|Ifran_6_r001536_c002560,Ifran_6|Ifran_6_r001536_c002560_Y2020_M09,IFRAN6_SG_0017,1536,2560,2020,9,674,4.039999961853027,43.36000061035156,0.9998754610336734,21.784000000000024,6,"[20,30)",673,673
train,Ifran_6,Ifran_6_r001536_c002560,Ifran_6_r001536_c002560_Y2021_M05,Ifran_6|Ifran_6_r001536_c002560,Ifran_6|Ifran_6_r001536_c002560_Y2021_M05,IFRAN6_SG_0017,1536,2560,2021,5,57,4.920000076293945,24.01000022888184,0.9998754610336734,19.62,5,"[15,20)",57,57
train,Ifran_6,Ifran_6_r001536_c002560,Ifran_6_r001536_c002560_Y2021_M06,Ifran_6|Ifran_6_r001536_c002560,Ifran_6|Ifran_6_r001536_c002560_Y2021_M06,IFRAN6_SG_0017,1536,2560,2021,6,57,4.920000076293945,24.01000022888184,0.9998754610336734,19.62,5,"[15,20)",57,57
train,Ifran_6,Ifran_6_r001536_c002560,Ifran_6_r001536_c002560_Y2021_M07,Ifran_6|Ifran_6_r001536_c002560,Ifran_6|Ifran_6_r001536_c002560_Y2021_M07,IFRAN6_SG_0017,1536,2560,2021,7,57,4.920000076293945,24.01000022888184,0.9998754610336734,19.62,5,"[15,20)",57,57
train,Ifran_6,Ifran_6_r001536_c002560,Ifran_6_r001536_c002560_Y2021_M08,Ifran_6|Ifran_6_r001536_c002560,Ifran_6|Ifran_6_r001536_c002560_Y2021_M08,IFRAN6_SG_0017,1536,2560,2021,8,57,4.920000076293945,24.01000022888184,0.9998754610336734,19.62,5,"[15,20)",57,57
train,Ifran_6,Ifran_6_r001536_c002560,Ifran_6_r001536_c002560_Y2021_M09,Ifran_6|Ifran_6_r001536_c002560,Ifran_6|Ifran_6_r001536_c002560_Y2021_M09,IFRAN6_SG_0017,1536,2560,2021,9,57,4.920000076293945,24.01000022888184,0.9998754610336734,19.62,5,"[15,20)",57,57
train,Ifran_6,Ifran_6_r001536_c002560,Ifran_6_r001536_c002560_Y2022_M05,Ifran_6|Ifran_6_r001536_c002560,Ifran_6|Ifran_6_r001536_c002560_Y2022_M05,IFRAN6_SG_0017,1536,2560,2022,5,463,4.139999866485596,39.52999877929688,0.9998754610336734,19.518,5,"[15,20)",463,463
train,Ifran_6,Ifran_6_r001536_c002560,Ifran_6_r001536_c002560_Y2022_M06,Ifran_6|Ifran_6_r001536_c002560,Ifran_6|Ifran_6_r001536_c002560_Y2022_M06,IFRAN6_SG_0017,1536,2560,2022,6,463,4.139999866485596,39.52999877929688,0.9998754610336734,19.518,5,"[15,20)",463,463
train,Ifran_6,Ifran_6_r001536_c002560,Ifran_6_r001536_c002560_Y2022_M07,Ifran_6|Ifran_6_r001536_c002560,Ifran_6|Ifran_6_r001536_c002560_Y2022_M07,IFRAN6_SG_0017,1536,2560,2022,7,463,4.139999866485596,39.52999877929688,0.9998754610336734,19.518,5,"[15,20)",463,463
train,Ifran_6,Ifran_6_r001536_c002560,Ifran_6_r001536_c002560_Y2022_M08,Ifran_6|Ifran_6_r001536_c002560,Ifran_6|Ifran_6_r001536_c002560_Y2022_M08,IFRAN6_SG_0017,1536,2560,2022,8,463,4.139999866485596,39.52999877929688,0.9998754610336734,19.518,5,"[15,20)",463,463
train,Ifran_6,Ifran_6_r001536_c002560,Ifran_6_r001536_c002560_Y2022_M09,Ifran_6|Ifran_6_r001536_c002560,Ifran_6|Ifran_6_r001536_c002560_Y2022_M09,IFRAN6_SG_0017,1536,2560,2022,9,602,3.799999952316284,39.52999877929688,0.9998754610336734,17.662,5,"[15,20)",602,602
train,Ifran_6,Ifran_6_r001536_c002560,Ifran_6_r001536_c002560_Y2023_M05,Ifran_6|Ifran_6_r001536_c002560,Ifran_6|Ifran_6_r001536_c002560_Y2023_M05,IFRAN6_SG_0017,1536,2560,2023,5,139,2.8399999141693115,27.31999969482422,0.9998754610336734,8.088,3,"[8,10)",139,139
train,Ifran_6,Ifran_6_r001536_c002560,Ifran_6_r001536_c002560_Y2023_M06,Ifran_6|Ifran_6_r001536_c002560,Ifran_6|Ifran_6_r001536_c002560_Y2023_M06,IFRAN6_SG_0017,1536,2560,2023,6,139,2.8399999141693115,27.31999969482422,0.9998754610336734,8.088,3,"[8,10)",139,139
train,Ifran_6,Ifran_6_r001536_c002560,Ifran_6_r001536_c002560_Y2023_M07,Ifran_6|Ifran_6_r001536_c002560,Ifran_6|Ifran_6_r001536_c002560_Y2023_M07,IFRAN6_SG_0017,1536,2560,2023,7,139,2.8399999141693115,27.31999969482422,0.9998754610336734,8.088,3,"[8,10)",139,139
train,Ifran_6,Ifran_6_r001536_c002560,Ifran_6_r001536_c002560_Y2023_M08,Ifran_6|Ifran_6_r001536_c002560,Ifran_6|Ifran_6_r001536_c002560_Y2023_M08,IFRAN6_SG_0017,1536,2560,2023,8,139,2.8399999141693115,27.31999969482422,0.9998754610336734,8.088,3,"[8,10)",139,139
train,Ifran_6,Ifran_6_r001536_c002560,Ifran_6_r001536_c002560_Y2024_M07,Ifran_6|Ifran_6_r001536_c002560,Ifran_6|Ifran_6_r001536_c002560_Y2024_M07,IFRAN6_SG_0017,1536,2560,2024,7,355,6.289999961853027,42.36000061035156,0.9998754610336734,20.092999999999996,6,"[20,30)",354,354
train,Ifran_6,Ifran_6_r001536_c002560,Ifran_6_r001536_c002560_Y2024_M08,Ifran_6|Ifran_6_r001536_c002560,Ifran_6|Ifran_6_r001536_c002560_Y2024_M08,IFRAN6_SG_0017,1536,2560,2024,8,355,6.289999961853027,42.36000061035156,0.9998754610336734,20.092999999999996,6,"[20,30)",354,354
train,Ifran_6,Ifran_6_r001536_c002560,Ifran_6_r001536_c002560_Y2024_M09,Ifran_6|Ifran_6_r001536_c002560,Ifran_6|Ifran_6_r001536_c002560_Y2024_M09,IFRAN6_SG_0017,1536,2560,2024,9,355,6.289999961853027,42.36000061035156,0.9998754610336734,20.092999999999996,6,"[20,30)",354,354
train,Ifran_6,Ifran_6_r001536_c002560,Ifran_6_r001536_c002560_Y2025_M05,Ifran_6|Ifran_6_r001536_c002560,Ifran_6|Ifran_6_r001536_c002560_Y2025_M05,IFRAN6_SG_0017,1536,2560,2025,5,355,6.289999961853027,42.36000061035156,0.9998754610336734,20.092999999999996,6,"[20,30)",354,354
train,Ifran_6,Ifran_6_r001536_c002560,Ifran_6_r001536_c002560_Y2025_M06,Ifran_6|Ifran_6_r001536_c002560,Ifran_6|Ifran_6_r001536_c002560_Y2025_M06,IFRAN6_SG_0017,1536,2560,2025,6,355,6.289999961853027,42.36000061035156,0.9998754610336734,20.092999999999996,6,"[20,30)",354,354
train,Ifran_6,Ifran_6_r002048_c000000,Ifran_6_r002048_c000000_Y2019_M05,Ifran_6|Ifran_6_r002048_c000000,Ifran_6|Ifran_6_r002048_c000000_Y2019_M05,IFRAN6_SG_0018,2048,0,2019,5,162,3.759999990463257,18.950000762939453,0.9997747195258097,9.287000000000006,3,"[8,10)",162,162
train,Ifran_6,Ifran_6_r002048_c000000,Ifran_6_r002048_c000000_Y2019_M06,Ifran_6|Ifran_6_r002048_c000000,Ifran_6|Ifran_6_r002048_c000000_Y2019_M06,IFRAN6_SG_0018,2048,0,2019,6,162,3.759999990463257,18.950000762939453,0.9997747195258097,9.287000000000006,3,"[8,10)",162,162
train,Ifran_6,Ifran_6_r002048_c000000,Ifran_6_r002048_c000000_Y2020_M05,Ifran_6|Ifran_6_r002048_c000000,Ifran_6|Ifran_6_r002048_c000000_Y2020_M05,IFRAN6_SG_0018,2048,0,2020,5,509,3.9600000381469727,22.200000762939453,0.9997747195258097,8.585999999999999,3,"[8,10)",509,509
train,Ifran_6,Ifran_6_r002048_c000000,Ifran_6_r002048_c000000_Y2020_M06,Ifran_6|Ifran_6_r002048_c000000,Ifran_6|Ifran_6_r002048_c000000_Y2020_M06,IFRAN6_SG_0018,2048,0,2020,6,509,3.9600000381469727,22.200000762939453,0.9997747195258097,8.585999999999999,3,"[8,10)",509,509
train,Ifran_6,Ifran_6_r002048_c000000,Ifran_6_r002048_c000000_Y2020_M07,Ifran_6|Ifran_6_r002048_c000000,Ifran_6|Ifran_6_r002048_c000000_Y2020_M07,IFRAN6_SG_0018,2048,0,2020,7,213,4.679999828338623,22.200000762939453,0.9997747195258097,11.254,4,"[10,15)",213,213
train,Ifran_6,Ifran_6_r002048_c000000,Ifran_6_r002048_c000000_Y2020_M08,Ifran_6|Ifran_6_r002048_c000000,Ifran_6|Ifran_6_r002048_c000000_Y2020_M08,IFRAN6_SG_0018,2048,0,2020,8,213,4.679999828338623,22.200000762939453,0.9997747195258097,11.254,4,"[10,15)",213,213
train,Ifran_6,Ifran_6_r002048_c000000,Ifran_6_r002048_c000000_Y2020_M09,Ifran_6|Ifran_6_r002048_c000000,Ifran_6|Ifran_6_r002048_c000000_Y2020_M09,IFRAN6_SG_0018,2048,0,2020,9,213,4.679999828338623,22.200000762939453,0.9997747195258097,11.254,4,"[10,15)",213,213
train,Ifran_6,Ifran_6_r002048_c000000,Ifran_6_r002048_c000000_Y2022_M08,Ifran_6|Ifran_6_r002048_c000000,Ifran_6|Ifran_6_r002048_c000000_Y2022_M08,IFRAN6_SG_0018,2048,0,2022,8,748,3.930000066757202,20.11000061035156,0.9997747195258097,7.999000000000002,2,"[5,8)",748,748
train,Ifran_6,Ifran_6_r002048_c000000,Ifran_6_r002048_c000000_Y2022_M09,Ifran_6|Ifran_6_r002048_c000000,Ifran_6|Ifran_6_r002048_c000000_Y2022_M09,IFRAN6_SG_0018,2048,0,2022,9,748,3.930000066757202,20.11000061035156,0.9997747195258097,7.999000000000002,2,"[5,8)",748,748
train,Ifran_6,Ifran_6_r002048_c000000,Ifran_6_r002048_c000000_Y2024_M07,Ifran_6|Ifran_6_r002048_c000000,Ifran_6|Ifran_6_r002048_c000000_Y2024_M07,IFRAN6_SG_0018,2048,0,2024,7,151,4.360000133514404,16.809999465942383,0.9997747195258097,8.81,3,"[8,10)",151,151
train,Ifran_6,Ifran_6_r002048_c000000,Ifran_6_r002048_c000000_Y2024_M08,Ifran_6|Ifran_6_r002048_c000000,Ifran_6|Ifran_6_r002048_c000000_Y2024_M08,IFRAN6_SG_0018,2048,0,2024,8,151,4.360000133514404,16.809999465942383,0.9997747195258097,8.81,3,"[8,10)",151,151
train,Ifran_6,Ifran_6_r002048_c000000,Ifran_6_r002048_c000000_Y2024_M09,Ifran_6|Ifran_6_r002048_c000000,Ifran_6|Ifran_6_r002048_c000000_Y2024_M09,IFRAN6_SG_0018,2048,0,2024,9,151,4.360000133514404,16.809999465942383,0.9997747195258097,8.81,3,"[8,10)",151,151
train,Ifran_6,Ifran_6_r002048_c000000,Ifran_6_r002048_c000000_Y2025_M05,Ifran_6|Ifran_6_r002048_c000000,Ifran_6|Ifran_6_r002048_c000000_Y2025_M05,IFRAN6_SG_0018,2048,0,2025,5,253,4.139999866485596,16.8799991607666,0.9997747195258097,8.842,3,"[8,10)",253,253
train,Ifran_6,Ifran_6_r002048_c000000,Ifran_6_r002048_c000000_Y2025_M06,Ifran_6|Ifran_6_r002048_c000000,Ifran_6|Ifran_6_r002048_c000000_Y2025_M06,IFRAN6_SG_0018,2048,0,2025,6,253,4.139999866485596,16.8799991607666,0.9997747195258097,8.842,3,"[8,10)",253,253
train,Ifran_6,Ifran_6_r002048_c000000,Ifran_6_r002048_c000000_Y2025_M07,Ifran_6|Ifran_6_r002048_c000000,Ifran_6|Ifran_6_r002048_c000000_Y2025_M07,IFRAN6_SG_0018,2048,0,2025,7,204,3.954999923706055,16.8799991607666,0.9997747195258097,8.671000000000005,3,"[8,10)",204,204
train,Ifran_6,Ifran_6_r002048_c000000,Ifran_6_r002048_c000000_Y2025_M08,Ifran_6|Ifran_6_r002048_c000000,Ifran_6|Ifran_6_r002048_c000000_Y2025_M08,IFRAN6_SG_0018,2048,0,2025,8,204,3.954999923706055,16.8799991607666,0.9997747195258097,8.671000000000005,3,"[8,10)",204,204
train,Ifran_6,Ifran_6_r002048_c000000,Ifran_6_r002048_c000000_Y2025_M09,Ifran_6|Ifran_6_r002048_c000000,Ifran_6|Ifran_6_r002048_c000000_Y2025_M09,IFRAN6_SG_0018,2048,0,2025,9,204,3.954999923706055,16.8799991607666,0.9997747195258097,8.671000000000005,3,"[8,10)",204,204
val,Ifran_6,Ifran_6_r002048_c000512,Ifran_6_r002048_c000512_Y2019_M07,Ifran_6|Ifran_6_r002048_c000512,Ifran_6|Ifran_6_r002048_c000512_Y2019_M07,IFRAN6_SG_0019,2048,512,2019,7,294,4.429999828338623,18.299999237060547,1.0,9.43,3,"[8,10)",294,294
val,Ifran_6,Ifran_6_r002048_c000512,Ifran_6_r002048_c000512_Y2019_M08,Ifran_6|Ifran_6_r002048_c000512,Ifran_6|Ifran_6_r002048_c000512_Y2019_M08,IFRAN6_SG_0019,2048,512,2019,8,294,4.429999828338623,18.299999237060547,1.0,9.43,3,"[8,10)",294,294
val,Ifran_6,Ifran_6_r002048_c000512,Ifran_6_r002048_c000512_Y2019_M09,Ifran_6|Ifran_6_r002048_c000512,Ifran_6|Ifran_6_r002048_c000512_Y2019_M09,IFRAN6_SG_0019,2048,512,2019,9,294,4.429999828338623,18.299999237060547,1.0,9.43,3,"[8,10)",294,294
val,Ifran_6,Ifran_6_r002048_c000512,Ifran_6_r002048_c000512_Y2020_M05,Ifran_6|Ifran_6_r002048_c000512,Ifran_6|Ifran_6_r002048_c000512_Y2020_M05,IFRAN6_SG_0019,2048,512,2020,5,1734,4.639999866485596,23.59000015258789,1.0,10.051000000000002,4,"[10,15)",1734,1734
val,Ifran_6,Ifran_6_r002048_c000512,Ifran_6_r002048_c000512_Y2020_M06,Ifran_6|Ifran_6_r002048_c000512,Ifran_6|Ifran_6_r002048_c000512_Y2020_M06,IFRAN6_SG_0019,2048,512,2020,6,1734,4.639999866485596,23.59000015258789,1.0,10.051000000000002,4,"[10,15)",1734,1734
val,Ifran_6,Ifran_6_r002048_c000512,Ifran_6_r002048_c000512_Y2020_M07,Ifran_6|Ifran_6_r002048_c000512,Ifran_6|Ifran_6_r002048_c000512_Y2020_M07,IFRAN6_SG_0019,2048,512,2020,7,1440,4.690000057220459,23.59000015258789,1.0,10.111,4,"[10,15)",1440,1440
val,Ifran_6,Ifran_6_r002048_c000512,Ifran_6_r002048_c000512_Y2020_M08,Ifran_6|Ifran_6_r002048_c000512,Ifran_6|Ifran_6_r002048_c000512_Y2020_M08,IFRAN6_SG_0019,2048,512,2020,8,1440,4.690000057220459,23.59000015258789,1.0,10.111,4,"[10,15)",1440,1440
val,Ifran_6,Ifran_6_r002048_c000512,Ifran_6_r002048_c000512_Y2020_M09,Ifran_6|Ifran_6_r002048_c000512,Ifran_6|Ifran_6_r002048_c000512_Y2020_M09,IFRAN6_SG_0019,2048,512,2020,9,1440,4.690000057220459,23.59000015258789,1.0,10.111,4,"[10,15)",1440,1440
val,Ifran_6,Ifran_6_r002048_c000512,Ifran_6_r002048_c000512_Y2021_M05,Ifran_6|Ifran_6_r002048_c000512,Ifran_6|Ifran_6_r002048_c000512_Y2021_M05,IFRAN6_SG_0019,2048,512,2021,5,66,5.664999961853027,13.579999923706056,0.9998626708984376,8.21,3,"[8,10)",66,66
val,Ifran_6,Ifran_6_r002048_c000512,Ifran_6_r002048_c000512_Y2021_M06,Ifran_6|Ifran_6_r002048_c000512,Ifran_6|Ifran_6_r002048_c000512_Y2021_M06,IFRAN6_SG_0019,2048,512,2021,6,66,5.664999961853027,13.579999923706056,1.0,8.21,3,"[8,10)",66,66
val,Ifran_6,Ifran_6_r002048_c000512,Ifran_6_r002048_c000512_Y2021_M07,Ifran_6|Ifran_6_r002048_c000512,Ifran_6|Ifran_6_r002048_c000512_Y2021_M07,IFRAN6_SG_0019,2048,512,2021,7,66,5.664999961853027,13.579999923706056,1.0,8.21,3,"[8,10)",66,66
val,Ifran_6,Ifran_6_r002048_c000512,Ifran_6_r002048_c000512_Y2021_M08,Ifran_6|Ifran_6_r002048_c000512,Ifran_6|Ifran_6_r002048_c000512_Y2021_M08,IFRAN6_SG_0019,2048,512,2021,8,171,4.519999980926514,13.619999885559082,1.0,8.79,3,"[8,10)",171,171
val,Ifran_6,Ifran_6_r002048_c000512,Ifran_6_r002048_c000512_Y2021_M09,Ifran_6|Ifran_6_r002048_c000512,Ifran_6|Ifran_6_r002048_c000512_Y2021_M09,IFRAN6_SG_0019,2048,512,2021,9,171,4.519999980926514,13.619999885559082,1.0,8.79,3,"[8,10)",171,171
val,Ifran_6,Ifran_6_r002048_c000512,Ifran_6_r002048_c000512_Y2022_M05,Ifran_6|Ifran_6_r002048_c000512,Ifran_6|Ifran_6_r002048_c000512_Y2022_M05,IFRAN6_SG_0019,2048,512,2022,5,765,5.039999961853027,20.11000061035156,1.0,10.21,4,"[10,15)",765,765
val,Ifran_6,Ifran_6_r002048_c000512,Ifran_6_r002048_c000512_Y2022_M06,Ifran_6|Ifran_6_r002048_c000512,Ifran_6|Ifran_6_r002048_c000512_Y2022_M06,IFRAN6_SG_0019,2048,512,2022,6,765,5.039999961853027,20.11000061035156,1.0,10.21,4,"[10,15)",765,765
val,Ifran_6,Ifran_6_r002048_c000512,Ifran_6_r002048_c000512_Y2022_M07,Ifran_6|Ifran_6_r002048_c000512,Ifran_6|Ifran_6_r002048_c000512_Y2022_M07,IFRAN6_SG_0019,2048,512,2022,7,783,5.070000171661377,20.11000061035156,1.0,10.220000000000004,4,"[10,15)",783,783
val,Ifran_6,Ifran_6_r002048_c000512,Ifran_6_r002048_c000512_Y2022_M08,Ifran_6|Ifran_6_r002048_c000512,Ifran_6|Ifran_6_r002048_c000512_Y2022_M08,IFRAN6_SG_0019,2048,512,2022,8,678,5.210000038146973,20.11000061035156,1.0,10.42,4,"[10,15)",678,678
val,Ifran_6,Ifran_6_r002048_c000512,Ifran_6_r002048_c000512_Y2022_M09,Ifran_6|Ifran_6_r002048_c000512,Ifran_6|Ifran_6_r002048_c000512_Y2022_M09,IFRAN6_SG_0019,2048,512,2022,9,740,5.380000114440918,20.11000061035156,1.0,10.541,4,"[10,15)",740,740
val,Ifran_6,Ifran_6_r002048_c000512,Ifran_6_r002048_c000512_Y2023_M05,Ifran_6|Ifran_6_r002048_c000512,Ifran_6|Ifran_6_r002048_c000512_Y2023_M05,IFRAN6_SG_0019,2048,512,2023,5,80,8.065000534057617,16.280000686645508,1.0,11.944,4,"[10,15)",80,80
val,Ifran_6,Ifran_6_r002048_c000512,Ifran_6_r002048_c000512_Y2023_M06,Ifran_6|Ifran_6_r002048_c000512,Ifran_6|Ifran_6_r002048_c000512_Y2023_M06,IFRAN6_SG_0019,2048,512,2023,6,80,8.065000534057617,16.280000686645508,1.0,11.944,4,"[10,15)",80,80
val,Ifran_6,Ifran_6_r002048_c000512,Ifran_6_r002048_c000512_Y2023_M07,Ifran_6|Ifran_6_r002048_c000512,Ifran_6|Ifran_6_r002048_c000512_Y2023_M07,IFRAN6_SG_0019,2048,512,2023,7,62,8.380000114440918,16.280000686645508,1.0,11.976,4,"[10,15)",62,62
val,Ifran_6,Ifran_6_r002048_c000512,Ifran_6_r002048_c000512_Y2023_M08,Ifran_6|Ifran_6_r002048_c000512,Ifran_6|Ifran_6_r002048_c000512_Y2023_M08,IFRAN6_SG_0019,2048,512,2023,8,62,8.380000114440918,16.280000686645508,1.0,11.976,4,"[10,15)",62,62
val,Ifran_6,Ifran_6_r002048_c000512,Ifran_6_r002048_c000512_Y2024_M05,Ifran_6|Ifran_6_r002048_c000512,Ifran_6|Ifran_6_r002048_c000512_Y2024_M05,IFRAN6_SG_0019,2048,512,2024,5,520,4.849999904632568,20.059999465942383,1.0,9.934,3,"[8,10)",520,520
val,Ifran_6,Ifran_6_r002048_c000512,Ifran_6_r002048_c000512_Y2024_M06,Ifran_6|Ifran_6_r002048_c000512,Ifran_6|Ifran_6_r002048_c000512_Y2024_M06,IFRAN6_SG_0019,2048,512,2024,6,520,4.849999904632568,20.059999465942383,1.0,9.934,3,"[8,10)",520,520
val,Ifran_6,Ifran_6_r002048_c000512,Ifran_6_r002048_c000512_Y2024_M07,Ifran_6|Ifran_6_r002048_c000512,Ifran_6|Ifran_6_r002048_c000512_Y2024_M07,IFRAN6_SG_0019,2048,512,2024,7,887,4.809999942779541,20.059999465942383,1.0,10.2,4,"[10,15)",887,887
val,Ifran_6,Ifran_6_r002048_c000512,Ifran_6_r002048_c000512_Y2024_M08,Ifran_6|Ifran_6_r002048_c000512,Ifran_6|Ifran_6_r002048_c000512_Y2024_M08,IFRAN6_SG_0019,2048,512,2024,8,887,4.809999942779541,20.059999465942383,1.0,10.2,4,"[10,15)",887,887
val,Ifran_6,Ifran_6_r002048_c000512,Ifran_6_r002048_c000512_Y2024_M09,Ifran_6|Ifran_6_r002048_c000512,Ifran_6|Ifran_6_r002048_c000512_Y2024_M09,IFRAN6_SG_0019,2048,512,2024,9,887,4.809999942779541,20.059999465942383,1.0,10.2,4,"[10,15)",887,887
val,Ifran_6,Ifran_6_r002048_c000512,Ifran_6_r002048_c000512_Y2025_M05,Ifran_6|Ifran_6_r002048_c000512,Ifran_6|Ifran_6_r002048_c000512_Y2025_M05,IFRAN6_SG_0019,2048,512,2025,5,1138,4.755000114440918,19.11000061035156,1.0,10.27,4,"[10,15)",1138,1138
val,Ifran_6,Ifran_6_r002048_c000512,Ifran_6_r002048_c000512_Y2025_M06,Ifran_6|Ifran_6_r002048_c000512,Ifran_6|Ifran_6_r002048_c000512_Y2025_M06,IFRAN6_SG_0019,2048,512,2025,6,1138,4.755000114440918,19.11000061035156,1.0,10.27,4,"[10,15)",1138,1138
val,Ifran_6,Ifran_6_r002048_c000512,Ifran_6_r002048_c000512_Y2025_M07,Ifran_6|Ifran_6_r002048_c000512,Ifran_6|Ifran_6_r002048_c000512_Y2025_M07,IFRAN6_SG_0019,2048,512,2025,7,771,4.78000020980835,19.11000061035156,1.0,10.22,4,"[10,15)",771,771
val,Ifran_6,Ifran_6_r002048_c000512,Ifran_6_r002048_c000512_Y2025_M08,Ifran_6|Ifran_6_r002048_c000512,Ifran_6|Ifran_6_r002048_c000512_Y2025_M08,IFRAN6_SG_0019,2048,512,2025,8,771,4.78000020980835,19.11000061035156,1.0,10.22,4,"[10,15)",771,771
val,Ifran_6,Ifran_6_r002048_c000512,Ifran_6_r002048_c000512_Y2025_M09,Ifran_6|Ifran_6_r002048_c000512,Ifran_6|Ifran_6_r002048_c000512_Y2025_M09,IFRAN6_SG_0019,2048,512,2025,9,771,4.78000020980835,19.11000061035156,1.0,10.22,4,"[10,15)",771,771
test,Ifran_6,Ifran_6_r002048_c001024,Ifran_6_r002048_c001024_Y2019_M05,Ifran_6|Ifran_6_r002048_c001024,Ifran_6|Ifran_6_r002048_c001024_Y2019_M05,IFRAN6_SG_0020,2048,1024,2019,5,259,3.549999952316284,40.45000076293945,1.0,12.042000000000002,4,"[10,15)",259,259
test,Ifran_6,Ifran_6_r002048_c001024,Ifran_6_r002048_c001024_Y2019_M06,Ifran_6|Ifran_6_r002048_c001024,Ifran_6|Ifran_6_r002048_c001024_Y2019_M06,IFRAN6_SG_0020,2048,1024,2019,6,259,3.549999952316284,40.45000076293945,1.0,12.042000000000002,4,"[10,15)",259,259
test,Ifran_6,Ifran_6_r002048_c001024,Ifran_6_r002048_c001024_Y2019_M07,Ifran_6|Ifran_6_r002048_c001024,Ifran_6|Ifran_6_r002048_c001024_Y2019_M07,IFRAN6_SG_0020,2048,1024,2019,7,259,3.549999952316284,40.45000076293945,1.0,12.042000000000002,4,"[10,15)",259,259
test,Ifran_6,Ifran_6_r002048_c001024,Ifran_6_r002048_c001024_Y2019_M08,Ifran_6|Ifran_6_r002048_c001024,Ifran_6|Ifran_6_r002048_c001024_Y2019_M08,IFRAN6_SG_0020,2048,1024,2019,8,259,3.549999952316284,40.45000076293945,1.0,12.042000000000002,4,"[10,15)",259,259
test,Ifran_6,Ifran_6_r002048_c001024,Ifran_6_r002048_c001024_Y2019_M09,Ifran_6|Ifran_6_r002048_c001024,Ifran_6|Ifran_6_r002048_c001024_Y2019_M09,IFRAN6_SG_0020,2048,1024,2019,9,259,3.549999952316284,40.45000076293945,1.0,12.042000000000002,4,"[10,15)",259,259
test,Ifran_6,Ifran_6_r002048_c001024,Ifran_6_r002048_c001024_Y2020_M05,Ifran_6|Ifran_6_r002048_c001024,Ifran_6|Ifran_6_r002048_c001024_Y2020_M05,IFRAN6_SG_0020,2048,1024,2020,5,1242,4.150000095367432,41.470001220703125,1.0,12.46,4,"[10,15)",1242,1242
test,Ifran_6,Ifran_6_r002048_c001024,Ifran_6_r002048_c001024_Y2020_M06,Ifran_6|Ifran_6_r002048_c001024,Ifran_6|Ifran_6_r002048_c001024_Y2020_M06,IFRAN6_SG_0020,2048,1024,2020,6,1242,4.150000095367432,41.470001220703125,1.0,12.46,4,"[10,15)",1242,1242
test,Ifran_6,Ifran_6_r002048_c001024,Ifran_6_r002048_c001024_Y2020_M07,Ifran_6|Ifran_6_r002048_c001024,Ifran_6|Ifran_6_r002048_c001024_Y2020_M07,IFRAN6_SG_0020,2048,1024,2020,7,1242,4.150000095367432,41.470001220703125,1.0,12.46,4,"[10,15)",1242,1242
test,Ifran_6,Ifran_6_r002048_c001024,Ifran_6_r002048_c001024_Y2020_M08,Ifran_6|Ifran_6_r002048_c001024,Ifran_6|Ifran_6_r002048_c001024_Y2020_M08,IFRAN6_SG_0020,2048,1024,2020,8,1242,4.150000095367432,41.470001220703125,1.0,12.46,4,"[10,15)",1242,1242
test,Ifran_6,Ifran_6_r002048_c001024,Ifran_6_r002048_c001024_Y2020_M09,Ifran_6|Ifran_6_r002048_c001024,Ifran_6|Ifran_6_r002048_c001024_Y2020_M09,IFRAN6_SG_0020,2048,1024,2020,9,1242,4.150000095367432,41.470001220703125,1.0,12.46,4,"[10,15)",1242,1242
test,Ifran_6,Ifran_6_r002048_c001024,Ifran_6_r002048_c001024_Y2021_M05,Ifran_6|Ifran_6_r002048_c001024,Ifran_6|Ifran_6_r002048_c001024_Y2021_M05,IFRAN6_SG_0020,2048,1024,2021,5,344,4.150000095367432,38.7400016784668,0.9997100830078124,10.775999999999996,4,"[10,15)",344,344
test,Ifran_6,Ifran_6_r002048_c001024,Ifran_6_r002048_c001024_Y2021_M06,Ifran_6|Ifran_6_r002048_c001024,Ifran_6|Ifran_6_r002048_c001024_Y2021_M06,IFRAN6_SG_0020,2048,1024,2021,6,344,4.150000095367432,38.7400016784668,1.0,10.775999999999996,4,"[10,15)",344,344
test,Ifran_6,Ifran_6_r002048_c001024,Ifran_6_r002048_c001024_Y2021_M07,Ifran_6|Ifran_6_r002048_c001024,Ifran_6|Ifran_6_r002048_c001024_Y2021_M07,IFRAN6_SG_0020,2048,1024,2021,7,344,4.150000095367432,38.7400016784668,1.0,10.775999999999996,4,"[10,15)",344,344
test,Ifran_6,Ifran_6_r002048_c001024,Ifran_6_r002048_c001024_Y2021_M08,Ifran_6|Ifran_6_r002048_c001024,Ifran_6|Ifran_6_r002048_c001024_Y2021_M08,IFRAN6_SG_0020,2048,1024,2021,8,344,4.150000095367432,38.7400016784668,1.0,10.775999999999996,4,"[10,15)",344,344
test,Ifran_6,Ifran_6_r002048_c001024,Ifran_6_r002048_c001024_Y2021_M09,Ifran_6|Ifran_6_r002048_c001024,Ifran_6|Ifran_6_r002048_c001024_Y2021_M09,IFRAN6_SG_0020,2048,1024,2021,9,344,4.150000095367432,38.7400016784668,1.0,10.775999999999996,4,"[10,15)",344,344
test,Ifran_6,Ifran_6_r002048_c001024,Ifran_6_r002048_c001024_Y2022_M05,Ifran_6|Ifran_6_r002048_c001024,Ifran_6|Ifran_6_r002048_c001024_Y2022_M05,IFRAN6_SG_0020,2048,1024,2022,5,279,4.070000171661377,25.770000457763672,1.0,8.62,3,"[8,10)",279,279
test,Ifran_6,Ifran_6_r002048_c001024,Ifran_6_r002048_c001024_Y2022_M06,Ifran_6|Ifran_6_r002048_c001024,Ifran_6|Ifran_6_r002048_c001024_Y2022_M06,IFRAN6_SG_0020,2048,1024,2022,6,279,4.070000171661377,25.770000457763672,1.0,8.62,3,"[8,10)",279,279
test,Ifran_6,Ifran_6_r002048_c001024,Ifran_6_r002048_c001024_Y2022_M07,Ifran_6|Ifran_6_r002048_c001024,Ifran_6|Ifran_6_r002048_c001024_Y2022_M07,IFRAN6_SG_0020,2048,1024,2022,7,279,4.070000171661377,25.770000457763672,1.0,8.62,3,"[8,10)",279,279
test,Ifran_6,Ifran_6_r002048_c001024,Ifran_6_r002048_c001024_Y2022_M08,Ifran_6|Ifran_6_r002048_c001024,Ifran_6|Ifran_6_r002048_c001024_Y2022_M08,IFRAN6_SG_0020,2048,1024,2022,8,279,4.070000171661377,25.770000457763672,1.0,8.62,3,"[8,10)",279,279
test,Ifran_6,Ifran_6_r002048_c001024,Ifran_6_r002048_c001024_Y2022_M09,Ifran_6|Ifran_6_r002048_c001024,Ifran_6|Ifran_6_r002048_c001024_Y2022_M09,IFRAN6_SG_0020,2048,1024,2022,9,727,4.179999828338623,33.209999084472656,1.0,11.178,4,"[10,15)",727,727
test,Ifran_6,Ifran_6_r002048_c001024,Ifran_6_r002048_c001024_Y2023_M05,Ifran_6|Ifran_6_r002048_c001024,Ifran_6|Ifran_6_r002048_c001024_Y2023_M05,IFRAN6_SG_0020,2048,1024,2023,5,448,4.230000019073486,33.209999084472656,1.0,12.751,4,"[10,15)",448,448
test,Ifran_6,Ifran_6_r002048_c001024,Ifran_6_r002048_c001024_Y2023_M06,Ifran_6|Ifran_6_r002048_c001024,Ifran_6|Ifran_6_r002048_c001024_Y2023_M06,IFRAN6_SG_0020,2048,1024,2023,6,448,4.230000019073486,33.209999084472656,1.0,12.751,4,"[10,15)",448,448
test,Ifran_6,Ifran_6_r002048_c001024,Ifran_6_r002048_c001024_Y2023_M07,Ifran_6|Ifran_6_r002048_c001024,Ifran_6|Ifran_6_r002048_c001024_Y2023_M07,IFRAN6_SG_0020,2048,1024,2023,7,448,4.230000019073486,33.209999084472656,1.0,12.751,4,"[10,15)",448,448
test,Ifran_6,Ifran_6_r002048_c001024,Ifran_6_r002048_c001024_Y2023_M08,Ifran_6|Ifran_6_r002048_c001024,Ifran_6|Ifran_6_r002048_c001024_Y2023_M08,IFRAN6_SG_0020,2048,1024,2023,8,448,4.230000019073486,33.209999084472656,1.0,12.751,4,"[10,15)",448,448
test,Ifran_6,Ifran_6_r002048_c001024,Ifran_6_r002048_c001024_Y2024_M05,Ifran_6|Ifran_6_r002048_c001024,Ifran_6|Ifran_6_r002048_c001024_Y2024_M05,IFRAN6_SG_0020,2048,1024,2024,5,158,4.440000057220459,14.25,1.0,8.285000000000002,3,"[8,10)",158,158
test,Ifran_6,Ifran_6_r002048_c001024,Ifran_6_r002048_c001024_Y2024_M06,Ifran_6|Ifran_6_r002048_c001024,Ifran_6|Ifran_6_r002048_c001024_Y2024_M06,IFRAN6_SG_0020,2048,1024,2024,6,158,4.440000057220459,14.25,1.0,8.285000000000002,3,"[8,10)",158,158
test,Ifran_6,Ifran_6_r002048_c001024,Ifran_6_r002048_c001024_Y2024_M07,Ifran_6|Ifran_6_r002048_c001024,Ifran_6|Ifran_6_r002048_c001024_Y2024_M07,IFRAN6_SG_0020,2048,1024,2024,7,168,4.46999979019165,21.8700008392334,1.0,8.734000000000004,3,"[8,10)",168,168
test,Ifran_6,Ifran_6_r002048_c001024,Ifran_6_r002048_c001024_Y2024_M08,Ifran_6|Ifran_6_r002048_c001024,Ifran_6|Ifran_6_r002048_c001024_Y2024_M08,IFRAN6_SG_0020,2048,1024,2024,8,168,4.46999979019165,21.8700008392334,1.0,8.734000000000004,3,"[8,10)",168,168
test,Ifran_6,Ifran_6_r002048_c001024,Ifran_6_r002048_c001024_Y2024_M09,Ifran_6|Ifran_6_r002048_c001024,Ifran_6|Ifran_6_r002048_c001024_Y2024_M09,IFRAN6_SG_0020,2048,1024,2024,9,168,4.46999979019165,21.8700008392334,1.0,8.734000000000004,3,"[8,10)",168,168
test,Ifran_6,Ifran_6_r002048_c001024,Ifran_6_r002048_c001024_Y2025_M05,Ifran_6|Ifran_6_r002048_c001024,Ifran_6|Ifran_6_r002048_c001024_Y2025_M05,IFRAN6_SG_0020,2048,1024,2025,5,481,4.019999980926514,24.14999961853028,1.0,10.47,4,"[10,15)",481,481
test,Ifran_6,Ifran_6_r002048_c001024,Ifran_6_r002048_c001024_Y2025_M06,Ifran_6|Ifran_6_r002048_c001024,Ifran_6|Ifran_6_r002048_c001024_Y2025_M06,IFRAN6_SG_0020,2048,1024,2025,6,481,4.019999980926514,24.14999961853028,0.9986724853515624,10.47,4,"[10,15)",481,481
test,Ifran_6,Ifran_6_r002048_c001024,Ifran_6_r002048_c001024_Y2025_M07,Ifran_6|Ifran_6_r002048_c001024,Ifran_6|Ifran_6_r002048_c001024_Y2025_M07,IFRAN6_SG_0020,2048,1024,2025,7,471,3.950000047683716,24.14999961853028,1.0,10.21,4,"[10,15)",471,471
test,Ifran_6,Ifran_6_r002048_c001024,Ifran_6_r002048_c001024_Y2025_M08,Ifran_6|Ifran_6_r002048_c001024,Ifran_6|Ifran_6_r002048_c001024_Y2025_M08,IFRAN6_SG_0020,2048,1024,2025,8,471,3.950000047683716,24.14999961853028,1.0,10.21,4,"[10,15)",471,471
test,Ifran_6,Ifran_6_r002048_c001024,Ifran_6_r002048_c001024_Y2025_M09,Ifran_6|Ifran_6_r002048_c001024,Ifran_6|Ifran_6_r002048_c001024_Y2025_M09,IFRAN6_SG_0020,2048,1024,2025,9,471,3.950000047683716,24.14999961853028,1.0,10.21,4,"[10,15)",471,471
test,Ifran_6,Ifran_6_r002048_c001536,Ifran_6_r002048_c001536_Y2019_M05,Ifran_6|Ifran_6_r002048_c001536,Ifran_6|Ifran_6_r002048_c001536_Y2019_M05,IFRAN6_SG_0021,2048,1536,2019,5,641,8.5,44.06999969482422,1.0,30.196,7,"[30,40)",637,637
test,Ifran_6,Ifran_6_r002048_c001536,Ifran_6_r002048_c001536_Y2019_M06,Ifran_6|Ifran_6_r002048_c001536,Ifran_6|Ifran_6_r002048_c001536_Y2019_M06,IFRAN6_SG_0021,2048,1536,2019,6,641,8.5,44.06999969482422,1.0,30.196,7,"[30,40)",637,637
test,Ifran_6,Ifran_6_r002048_c001536,Ifran_6_r002048_c001536_Y2019_M07,Ifran_6|Ifran_6_r002048_c001536,Ifran_6|Ifran_6_r002048_c001536_Y2019_M07,IFRAN6_SG_0021,2048,1536,2019,7,648,8.479999542236328,44.06999969482422,1.0,30.145000000000003,7,"[30,40)",644,644
test,Ifran_6,Ifran_6_r002048_c001536,Ifran_6_r002048_c001536_Y2019_M08,Ifran_6|Ifran_6_r002048_c001536,Ifran_6|Ifran_6_r002048_c001536_Y2019_M08,IFRAN6_SG_0021,2048,1536,2019,8,648,8.479999542236328,44.06999969482422,1.0,30.145000000000003,7,"[30,40)",644,644
test,Ifran_6,Ifran_6_r002048_c001536,Ifran_6_r002048_c001536_Y2019_M09,Ifran_6|Ifran_6_r002048_c001536,Ifran_6|Ifran_6_r002048_c001536_Y2019_M09,IFRAN6_SG_0021,2048,1536,2019,9,648,8.479999542236328,44.06999969482422,1.0,30.145000000000003,7,"[30,40)",644,644
test,Ifran_6,Ifran_6_r002048_c001536,Ifran_6_r002048_c001536_Y2020_M05,Ifran_6|Ifran_6_r002048_c001536,Ifran_6|Ifran_6_r002048_c001536_Y2020_M05,IFRAN6_SG_0021,2048,1536,2020,5,279,11.9399995803833,44.33000183105469,1.0,33.814,7,"[30,40)",277,277
test,Ifran_6,Ifran_6_r002048_c001536,Ifran_6_r002048_c001536_Y2020_M06,Ifran_6|Ifran_6_r002048_c001536,Ifran_6|Ifran_6_r002048_c001536_Y2020_M06,IFRAN6_SG_0021,2048,1536,2020,6,279,11.9399995803833,44.33000183105469,1.0,33.814,7,"[30,40)",277,277
test,Ifran_6,Ifran_6_r002048_c001536,Ifran_6_r002048_c001536_Y2020_M07,Ifran_6|Ifran_6_r002048_c001536,Ifran_6|Ifran_6_r002048_c001536_Y2020_M07,IFRAN6_SG_0021,2048,1536,2020,7,272,12.619999885559082,44.33000183105469,1.0,33.857,7,"[30,40)",270,270
test,Ifran_6,Ifran_6_r002048_c001536,Ifran_6_r002048_c001536_Y2020_M08,Ifran_6|Ifran_6_r002048_c001536,Ifran_6|Ifran_6_r002048_c001536_Y2020_M08,IFRAN6_SG_0021,2048,1536,2020,8,272,12.619999885559082,44.33000183105469,1.0,33.857,7,"[30,40)",270,270
test,Ifran_6,Ifran_6_r002048_c001536,Ifran_6_r002048_c001536_Y2020_M09,Ifran_6|Ifran_6_r002048_c001536,Ifran_6|Ifran_6_r002048_c001536_Y2020_M09,IFRAN6_SG_0021,2048,1536,2020,9,272,12.619999885559082,44.33000183105469,1.0,33.857,7,"[30,40)",270,270
test,Ifran_6,Ifran_6_r002048_c001536,Ifran_6_r002048_c001536_Y2021_M05,Ifran_6|Ifran_6_r002048_c001536,Ifran_6|Ifran_6_r002048_c001536_Y2021_M05,IFRAN6_SG_0021,2048,1536,2021,5,57,7.0,42.93000030517578,0.999969482421875,23.935,6,"[20,30)",56,56
test,Ifran_6,Ifran_6_r002048_c001536,Ifran_6_r002048_c001536_Y2021_M06,Ifran_6|Ifran_6_r002048_c001536,Ifran_6|Ifran_6_r002048_c001536_Y2021_M06,IFRAN6_SG_0021,2048,1536,2021,6,57,7.0,42.93000030517578,1.0,23.935,6,"[20,30)",56,56
test,Ifran_6,Ifran_6_r002048_c001536,Ifran_6_r002048_c001536_Y2021_M07,Ifran_6|Ifran_6_r002048_c001536,Ifran_6|Ifran_6_r002048_c001536_Y2021_M07,IFRAN6_SG_0021,2048,1536,2021,7,57,7.0,42.93000030517578,1.0,23.935,6,"[20,30)",56,56
test,Ifran_6,Ifran_6_r002048_c001536,Ifran_6_r002048_c001536_Y2021_M08,Ifran_6|Ifran_6_r002048_c001536,Ifran_6|Ifran_6_r002048_c001536_Y2021_M08,IFRAN6_SG_0021,2048,1536,2021,8,57,7.0,42.93000030517578,1.0,23.935,6,"[20,30)",56,56
test,Ifran_6,Ifran_6_r002048_c001536,Ifran_6_r002048_c001536_Y2021_M09,Ifran_6|Ifran_6_r002048_c001536,Ifran_6|Ifran_6_r002048_c001536_Y2021_M09,IFRAN6_SG_0021,2048,1536,2021,9,57,7.0,42.93000030517578,1.0,23.935,6,"[20,30)",56,56
test,Ifran_6,Ifran_6_r002048_c001536,Ifran_6_r002048_c001536_Y2022_M05,Ifran_6|Ifran_6_r002048_c001536,Ifran_6|Ifran_6_r002048_c001536_Y2022_M05,IFRAN6_SG_0021,2048,1536,2022,5,425,11.06999969482422,44.4900016784668,1.0,31.48,7,"[30,40)",420,420
test,Ifran_6,Ifran_6_r002048_c001536,Ifran_6_r002048_c001536_Y2022_M06,Ifran_6|Ifran_6_r002048_c001536,Ifran_6|Ifran_6_r002048_c001536_Y2022_M06,IFRAN6_SG_0021,2048,1536,2022,6,425,11.06999969482422,44.4900016784668,1.0,31.48,7,"[30,40)",420,420
test,Ifran_6,Ifran_6_r002048_c001536,Ifran_6_r002048_c001536_Y2022_M07,Ifran_6|Ifran_6_r002048_c001536,Ifran_6|Ifran_6_r002048_c001536_Y2022_M07,IFRAN6_SG_0021,2048,1536,2022,7,425,11.06999969482422,44.4900016784668,1.0,31.48,7,"[30,40)",420,420
test,Ifran_6,Ifran_6_r002048_c001536,Ifran_6_r002048_c001536_Y2022_M08,Ifran_6|Ifran_6_r002048_c001536,Ifran_6|Ifran_6_r002048_c001536_Y2022_M08,IFRAN6_SG_0021,2048,1536,2022,8,425,11.06999969482422,44.4900016784668,1.0,31.48,7,"[30,40)",420,420
test,Ifran_6,Ifran_6_r002048_c001536,Ifran_6_r002048_c001536_Y2022_M09,Ifran_6|Ifran_6_r002048_c001536,Ifran_6|Ifran_6_r002048_c001536_Y2022_M09,IFRAN6_SG_0021,2048,1536,2022,9,641,10.699999809265137,44.4900016784668,1.0,31.48,7,"[30,40)",632,632
test,Ifran_6,Ifran_6_r002048_c001536,Ifran_6_r002048_c001536_Y2023_M05,Ifran_6|Ifran_6_r002048_c001536,Ifran_6|Ifran_6_r002048_c001536_Y2023_M05,IFRAN6_SG_0021,2048,1536,2023,5,216,10.139999389648438,44.43000030517578,1.0,32.114000000000004,7,"[30,40)",212,212
test,Ifran_6,Ifran_6_r002048_c001536,Ifran_6_r002048_c001536_Y2023_M06,Ifran_6|Ifran_6_r002048_c001536,Ifran_6|Ifran_6_r002048_c001536_Y2023_M06,IFRAN6_SG_0021,2048,1536,2023,6,216,10.139999389648438,44.43000030517578,1.0,32.114000000000004,7,"[30,40)",212,212
test,Ifran_6,Ifran_6_r002048_c001536,Ifran_6_r002048_c001536_Y2023_M07,Ifran_6|Ifran_6_r002048_c001536,Ifran_6|Ifran_6_r002048_c001536_Y2023_M07,IFRAN6_SG_0021,2048,1536,2023,7,216,10.139999389648438,44.43000030517578,1.0,32.114000000000004,7,"[30,40)",212,212
test,Ifran_6,Ifran_6_r002048_c001536,Ifran_6_r002048_c001536_Y2023_M08,Ifran_6|Ifran_6_r002048_c001536,Ifran_6|Ifran_6_r002048_c001536_Y2023_M08,IFRAN6_SG_0021,2048,1536,2023,8,216,10.139999389648438,44.43000030517578,1.0,32.114000000000004,7,"[30,40)",212,212
test,Ifran_6,Ifran_6_r002048_c001536,Ifran_6_r002048_c001536_Y2024_M07,Ifran_6|Ifran_6_r002048_c001536,Ifran_6|Ifran_6_r002048_c001536_Y2024_M07,IFRAN6_SG_0021,2048,1536,2024,7,36,2.950000047683716,21.90999984741211,1.0,11.715,4,"[10,15)",36,36
test,Ifran_6,Ifran_6_r002048_c001536,Ifran_6_r002048_c001536_Y2024_M08,Ifran_6|Ifran_6_r002048_c001536,Ifran_6|Ifran_6_r002048_c001536_Y2024_M08,IFRAN6_SG_0021,2048,1536,2024,8,36,2.950000047683716,21.90999984741211,1.0,11.715,4,"[10,15)",36,36
test,Ifran_6,Ifran_6_r002048_c001536,Ifran_6_r002048_c001536_Y2024_M09,Ifran_6|Ifran_6_r002048_c001536,Ifran_6|Ifran_6_r002048_c001536_Y2024_M09,IFRAN6_SG_0021,2048,1536,2024,9,36,2.950000047683716,21.90999984741211,1.0,11.715,4,"[10,15)",36,36
test,Ifran_6,Ifran_6_r002048_c001536,Ifran_6_r002048_c001536_Y2025_M05,Ifran_6|Ifran_6_r002048_c001536,Ifran_6|Ifran_6_r002048_c001536_Y2025_M05,IFRAN6_SG_0021,2048,1536,2025,5,382,14.129999160766602,44.91999816894531,1.0,35.12800000000001,7,"[30,40)",377,377
test,Ifran_6,Ifran_6_r002048_c001536,Ifran_6_r002048_c001536_Y2025_M06,Ifran_6|Ifran_6_r002048_c001536,Ifran_6|Ifran_6_r002048_c001536_Y2025_M06,IFRAN6_SG_0021,2048,1536,2025,6,382,14.129999160766602,44.91999816894531,1.0,35.12800000000001,7,"[30,40)",377,377
test,Ifran_6,Ifran_6_r002048_c001536,Ifran_6_r002048_c001536_Y2025_M07,Ifran_6|Ifran_6_r002048_c001536,Ifran_6|Ifran_6_r002048_c001536_Y2025_M07,IFRAN6_SG_0021,2048,1536,2025,7,346,18.189998626708984,44.91999816894531,1.0,35.45,7,"[30,40)",341,341
test,Ifran_6,Ifran_6_r002048_c001536,Ifran_6_r002048_c001536_Y2025_M08,Ifran_6|Ifran_6_r002048_c001536,Ifran_6|Ifran_6_r002048_c001536_Y2025_M08,IFRAN6_SG_0021,2048,1536,2025,8,346,18.189998626708984,44.91999816894531,1.0,35.45,7,"[30,40)",341,341
test,Ifran_6,Ifran_6_r002048_c001536,Ifran_6_r002048_c001536_Y2025_M09,Ifran_6|Ifran_6_r002048_c001536,Ifran_6|Ifran_6_r002048_c001536_Y2025_M09,IFRAN6_SG_0021,2048,1536,2025,9,346,18.189998626708984,44.91999816894531,1.0,35.45,7,"[30,40)",341,341
train,Ifran_6,Ifran_6_r002048_c002048,Ifran_6_r002048_c002048_Y2019_M05,Ifran_6|Ifran_6_r002048_c002048,Ifran_6|Ifran_6_r002048_c002048_Y2019_M05,IFRAN6_SG_0022,2048,2048,2019,5,444,6.889999866485596,44.7400016784668,0.9998482017137504,26.92,6,"[20,30)",443,443
train,Ifran_6,Ifran_6_r002048_c002048,Ifran_6_r002048_c002048_Y2019_M06,Ifran_6|Ifran_6_r002048_c002048,Ifran_6|Ifran_6_r002048_c002048_Y2019_M06,IFRAN6_SG_0022,2048,2048,2019,6,444,6.889999866485596,44.7400016784668,0.9998482017137504,26.92,6,"[20,30)",443,443
train,Ifran_6,Ifran_6_r002048_c002048,Ifran_6_r002048_c002048_Y2019_M07,Ifran_6|Ifran_6_r002048_c002048,Ifran_6|Ifran_6_r002048_c002048_Y2019_M07,IFRAN6_SG_0022,2048,2048,2019,7,452,6.440000057220459,44.7400016784668,0.9998482017137504,26.84,6,"[20,30)",451,451
train,Ifran_6,Ifran_6_r002048_c002048,Ifran_6_r002048_c002048_Y2019_M08,Ifran_6|Ifran_6_r002048_c002048,Ifran_6|Ifran_6_r002048_c002048_Y2019_M08,IFRAN6_SG_0022,2048,2048,2019,8,452,6.440000057220459,44.7400016784668,0.9998482017137504,26.84,6,"[20,30)",451,451
train,Ifran_6,Ifran_6_r002048_c002048,Ifran_6_r002048_c002048_Y2019_M09,Ifran_6|Ifran_6_r002048_c002048,Ifran_6|Ifran_6_r002048_c002048_Y2019_M09,IFRAN6_SG_0022,2048,2048,2019,9,452,6.440000057220459,44.7400016784668,0.9998482017137504,26.84,6,"[20,30)",451,451
train,Ifran_6,Ifran_6_r002048_c002048,Ifran_6_r002048_c002048_Y2020_M05,Ifran_6|Ifran_6_r002048_c002048,Ifran_6|Ifran_6_r002048_c002048_Y2020_M05,IFRAN6_SG_0022,2048,2048,2020,5,288,12.204999923706056,44.7400016784668,0.9998482017137504,31.926,7,"[30,40)",283,283
train,Ifran_6,Ifran_6_r002048_c002048,Ifran_6_r002048_c002048_Y2020_M06,Ifran_6|Ifran_6_r002048_c002048,Ifran_6|Ifran_6_r002048_c002048_Y2020_M06,IFRAN6_SG_0022,2048,2048,2020,6,288,12.204999923706056,44.7400016784668,0.9998482017137504,31.926,7,"[30,40)",283,283
train,Ifran_6,Ifran_6_r002048_c002048,Ifran_6_r002048_c002048_Y2020_M07,Ifran_6|Ifran_6_r002048_c002048,Ifran_6|Ifran_6_r002048_c002048_Y2020_M07,IFRAN6_SG_0022,2048,2048,2020,7,280,12.55500030517578,44.7400016784668,0.9998482017137504,32.042,7,"[30,40)",275,275
train,Ifran_6,Ifran_6_r002048_c002048,Ifran_6_r002048_c002048_Y2020_M08,Ifran_6|Ifran_6_r002048_c002048,Ifran_6|Ifran_6_r002048_c002048_Y2020_M08,IFRAN6_SG_0022,2048,2048,2020,8,280,12.55500030517578,44.7400016784668,0.9998482017137504,32.042,7,"[30,40)",275,275
train,Ifran_6,Ifran_6_r002048_c002048,Ifran_6_r002048_c002048_Y2020_M09,Ifran_6|Ifran_6_r002048_c002048,Ifran_6|Ifran_6_r002048_c002048_Y2020_M09,IFRAN6_SG_0022,2048,2048,2020,9,280,12.55500030517578,44.7400016784668,0.9998482017137504,32.042,7,"[30,40)",275,275
train,Ifran_6,Ifran_6_r002048_c002048,Ifran_6_r002048_c002048_Y2022_M05,Ifran_6|Ifran_6_r002048_c002048,Ifran_6|Ifran_6_r002048_c002048_Y2022_M05,IFRAN6_SG_0022,2048,2048,2022,5,115,10.850000381469728,40.59999847412109,0.9998482017137504,29.168000000000006,6,"[20,30)",115,115
train,Ifran_6,Ifran_6_r002048_c002048,Ifran_6_r002048_c002048_Y2022_M06,Ifran_6|Ifran_6_r002048_c002048,Ifran_6|Ifran_6_r002048_c002048_Y2022_M06,IFRAN6_SG_0022,2048,2048,2022,6,115,10.850000381469728,40.59999847412109,0.9998482017137504,29.168000000000006,6,"[20,30)",115,115
train,Ifran_6,Ifran_6_r002048_c002048,Ifran_6_r002048_c002048_Y2022_M07,Ifran_6|Ifran_6_r002048_c002048,Ifran_6|Ifran_6_r002048_c002048_Y2022_M07,IFRAN6_SG_0022,2048,2048,2022,7,115,10.850000381469728,40.59999847412109,0.9998482017137504,29.168000000000006,6,"[20,30)",115,115
train,Ifran_6,Ifran_6_r002048_c002048,Ifran_6_r002048_c002048_Y2022_M08,Ifran_6|Ifran_6_r002048_c002048,Ifran_6|Ifran_6_r002048_c002048_Y2022_M08,IFRAN6_SG_0022,2048,2048,2022,8,115,10.850000381469728,40.59999847412109,0.9998482017137504,29.168000000000006,6,"[20,30)",115,115
train,Ifran_6,Ifran_6_r002048_c002048,Ifran_6_r002048_c002048_Y2022_M09,Ifran_6|Ifran_6_r002048_c002048,Ifran_6|Ifran_6_r002048_c002048_Y2022_M09,IFRAN6_SG_0022,2048,2048,2022,9,115,10.850000381469728,40.59999847412109,0.9998482017137504,29.168000000000006,6,"[20,30)",115,115
train,Ifran_6,Ifran_6_r002048_c002048,Ifran_6_r002048_c002048_Y2024_M07,Ifran_6|Ifran_6_r002048_c002048,Ifran_6|Ifran_6_r002048_c002048_Y2024_M07,IFRAN6_SG_0022,2048,2048,2024,7,285,6.730000019073486,39.04999923706055,0.9998482017137504,20.242,6,"[20,30)",285,285
train,Ifran_6,Ifran_6_r002048_c002048,Ifran_6_r002048_c002048_Y2024_M08,Ifran_6|Ifran_6_r002048_c002048,Ifran_6|Ifran_6_r002048_c002048_Y2024_M08,IFRAN6_SG_0022,2048,2048,2024,8,285,6.730000019073486,39.04999923706055,0.9998482017137504,20.242,6,"[20,30)",285,285
train,Ifran_6,Ifran_6_r002048_c002048,Ifran_6_r002048_c002048_Y2024_M09,Ifran_6|Ifran_6_r002048_c002048,Ifran_6|Ifran_6_r002048_c002048_Y2024_M09,IFRAN6_SG_0022,2048,2048,2024,9,285,6.730000019073486,39.04999923706055,0.9998482017137504,20.242,6,"[20,30)",285,285
train,Ifran_6,Ifran_6_r002048_c002048,Ifran_6_r002048_c002048_Y2025_M05,Ifran_6|Ifran_6_r002048_c002048,Ifran_6|Ifran_6_r002048_c002048_Y2025_M05,IFRAN6_SG_0022,2048,2048,2025,5,701,6.139999866485596,43.18000030517578,0.9998482017137504,19.28,5,"[15,20)",700,700
train,Ifran_6,Ifran_6_r002048_c002048,Ifran_6_r002048_c002048_Y2025_M06,Ifran_6|Ifran_6_r002048_c002048,Ifran_6|Ifran_6_r002048_c002048_Y2025_M06,IFRAN6_SG_0022,2048,2048,2025,6,701,6.139999866485596,43.18000030517578,0.9998482017137504,19.28,5,"[15,20)",700,700
train,Ifran_6,Ifran_6_r002048_c002048,Ifran_6_r002048_c002048_Y2025_M07,Ifran_6|Ifran_6_r002048_c002048,Ifran_6|Ifran_6_r002048_c002048_Y2025_M07,IFRAN6_SG_0022,2048,2048,2025,7,416,5.650000095367432,43.18000030517578,0.9998482017137504,18.912000000000003,5,"[15,20)",415,415
train,Ifran_6,Ifran_6_r002048_c002048,Ifran_6_r002048_c002048_Y2025_M08,Ifran_6|Ifran_6_r002048_c002048,Ifran_6|Ifran_6_r002048_c002048_Y2025_M08,IFRAN6_SG_0022,2048,2048,2025,8,416,5.650000095367432,43.18000030517578,0.9998482017137504,18.912000000000003,5,"[15,20)",415,415
train,Ifran_6,Ifran_6_r002048_c002048,Ifran_6_r002048_c002048_Y2025_M09,Ifran_6|Ifran_6_r002048_c002048,Ifran_6|Ifran_6_r002048_c002048_Y2025_M09,IFRAN6_SG_0022,2048,2048,2025,9,416,5.650000095367432,43.18000030517578,0.9998482017137504,18.912000000000003,5,"[15,20)",415,415
train,Ifran_6,Ifran_6_r002048_c002560,Ifran_6_r002048_c002560_Y2019_M05,Ifran_6|Ifran_6_r002048_c002560,Ifran_6|Ifran_6_r002048_c002560_Y2019_M05,IFRAN6_SG_0023,2048,2560,2019,5,24,7.734999656677246,33.34000015258789,0.9984577055403964,24.176,6,"[20,30)",24,24
train,Ifran_6,Ifran_6_r002048_c002560,Ifran_6_r002048_c002560_Y2019_M06,Ifran_6|Ifran_6_r002048_c002560,Ifran_6|Ifran_6_r002048_c002560_Y2019_M06,IFRAN6_SG_0023,2048,2560,2019,6,24,7.734999656677246,33.34000015258789,0.9984577055403964,24.176,6,"[20,30)",24,24
train,Ifran_6,Ifran_6_r002048_c002560,Ifran_6_r002048_c002560_Y2019_M07,Ifran_6|Ifran_6_r002048_c002560,Ifran_6|Ifran_6_r002048_c002560_Y2019_M07,IFRAN6_SG_0023,2048,2560,2019,7,24,7.734999656677246,33.34000015258789,0.9984577055403964,24.176,6,"[20,30)",24,24
train,Ifran_6,Ifran_6_r002048_c002560,Ifran_6_r002048_c002560_Y2019_M08,Ifran_6|Ifran_6_r002048_c002560,Ifran_6|Ifran_6_r002048_c002560_Y2019_M08,IFRAN6_SG_0023,2048,2560,2019,8,24,7.734999656677246,33.34000015258789,0.9984577055403964,24.176,6,"[20,30)",24,24
train,Ifran_6,Ifran_6_r002048_c002560,Ifran_6_r002048_c002560_Y2019_M09,Ifran_6|Ifran_6_r002048_c002560,Ifran_6|Ifran_6_r002048_c002560_Y2019_M09,IFRAN6_SG_0023,2048,2560,2019,9,24,7.734999656677246,33.34000015258789,0.9984577055403964,24.176,6,"[20,30)",24,24
train,Ifran_6,Ifran_6_r002048_c002560,Ifran_6_r002048_c002560_Y2020_M05,Ifran_6|Ifran_6_r002048_c002560,Ifran_6|Ifran_6_r002048_c002560_Y2020_M05,IFRAN6_SG_0023,2048,2560,2020,5,55,6.139999866485596,33.16999816894531,0.9984577055403964,22.706,6,"[20,30)",55,55
train,Ifran_6,Ifran_6_r002048_c002560,Ifran_6_r002048_c002560_Y2020_M06,Ifran_6|Ifran_6_r002048_c002560,Ifran_6|Ifran_6_r002048_c002560_Y2020_M06,IFRAN6_SG_0023,2048,2560,2020,6,55,6.139999866485596,33.16999816894531,0.9984577055403964,22.706,6,"[20,30)",55,55
train,Ifran_6,Ifran_6_r002048_c002560,Ifran_6_r002048_c002560_Y2020_M07,Ifran_6|Ifran_6_r002048_c002560,Ifran_6|Ifran_6_r002048_c002560_Y2020_M07,IFRAN6_SG_0023,2048,2560,2020,7,55,6.139999866485596,33.16999816894531,0.9984577055403964,22.706,6,"[20,30)",55,55
train,Ifran_6,Ifran_6_r002048_c002560,Ifran_6_r002048_c002560_Y2020_M08,Ifran_6|Ifran_6_r002048_c002560,Ifran_6|Ifran_6_r002048_c002560_Y2020_M08,IFRAN6_SG_0023,2048,2560,2020,8,55,6.139999866485596,33.16999816894531,0.9984577055403964,22.706,6,"[20,30)",55,55
train,Ifran_6,Ifran_6_r002048_c002560,Ifran_6_r002048_c002560_Y2020_M09,Ifran_6|Ifran_6_r002048_c002560,Ifran_6|Ifran_6_r002048_c002560_Y2020_M09,IFRAN6_SG_0023,2048,2560,2020,9,55,6.139999866485596,33.16999816894531,0.9984577055403964,22.706,6,"[20,30)",55,55
train,Ifran_6,Ifran_6_r002048_c002560,Ifran_6_r002048_c002560_Y2022_M05,Ifran_6|Ifran_6_r002048_c002560,Ifran_6|Ifran_6_r002048_c002560_Y2022_M05,IFRAN6_SG_0023,2048,2560,2022,5,24,7.140000343322754,33.08000183105469,0.9984577055403964,27.398,6,"[20,30)",24,24
train,Ifran_6,Ifran_6_r002048_c002560,Ifran_6_r002048_c002560_Y2022_M06,Ifran_6|Ifran_6_r002048_c002560,Ifran_6|Ifran_6_r002048_c002560_Y2022_M06,IFRAN6_SG_0023,2048,2560,2022,6,24,7.140000343322754,33.08000183105469,0.9984577055403964,27.398,6,"[20,30)",24,24
train,Ifran_6,Ifran_6_r002048_c002560,Ifran_6_r002048_c002560_Y2022_M07,Ifran_6|Ifran_6_r002048_c002560,Ifran_6|Ifran_6_r002048_c002560_Y2022_M07,IFRAN6_SG_0023,2048,2560,2022,7,24,7.140000343322754,33.08000183105469,0.9984577055403964,27.398,6,"[20,30)",24,24
train,Ifran_6,Ifran_6_r002048_c002560,Ifran_6_r002048_c002560_Y2022_M08,Ifran_6|Ifran_6_r002048_c002560,Ifran_6|Ifran_6_r002048_c002560_Y2022_M08,IFRAN6_SG_0023,2048,2560,2022,8,24,7.140000343322754,33.08000183105469,0.9984577055403964,27.398,6,"[20,30)",24,24
train,Ifran_6,Ifran_6_r002048_c002560,Ifran_6_r002048_c002560_Y2022_M09,Ifran_6|Ifran_6_r002048_c002560,Ifran_6|Ifran_6_r002048_c002560_Y2022_M09,IFRAN6_SG_0023,2048,2560,2022,9,24,7.140000343322754,33.08000183105469,0.9984577055403964,27.398,6,"[20,30)",24,24
train,Ifran_6,Ifran_6_r002048_c002560,Ifran_6_r002048_c002560_Y2024_M07,Ifran_6|Ifran_6_r002048_c002560,Ifran_6|Ifran_6_r002048_c002560_Y2024_M07,IFRAN6_SG_0023,2048,2560,2024,7,23,8.75,25.56999969482422,0.9984577055403964,13.586000000000002,4,"[10,15)",23,23
train,Ifran_6,Ifran_6_r002048_c002560,Ifran_6_r002048_c002560_Y2024_M08,Ifran_6|Ifran_6_r002048_c002560,Ifran_6|Ifran_6_r002048_c002560_Y2024_M08,IFRAN6_SG_0023,2048,2560,2024,8,23,8.75,25.56999969482422,0.9984577055403964,13.586000000000002,4,"[10,15)",23,23
train,Ifran_6,Ifran_6_r002048_c002560,Ifran_6_r002048_c002560_Y2024_M09,Ifran_6|Ifran_6_r002048_c002560,Ifran_6|Ifran_6_r002048_c002560_Y2024_M09,IFRAN6_SG_0023,2048,2560,2024,9,23,8.75,25.56999969482422,0.9984577055403964,13.586000000000002,4,"[10,15)",23,23
train,Ifran_6,Ifran_6_r002048_c002560,Ifran_6_r002048_c002560_Y2025_M05,Ifran_6|Ifran_6_r002048_c002560,Ifran_6|Ifran_6_r002048_c002560_Y2025_M05,IFRAN6_SG_0023,2048,2560,2025,5,23,8.75,25.56999969482422,0.9984577055403964,13.586000000000002,4,"[10,15)",23,23
train,Ifran_6,Ifran_6_r002048_c002560,Ifran_6_r002048_c002560_Y2025_M06,Ifran_6|Ifran_6_r002048_c002560,Ifran_6|Ifran_6_r002048_c002560_Y2025_M06,IFRAN6_SG_0023,2048,2560,2025,6,23,8.75,25.56999969482422,0.9984577055403964,13.586000000000002,4,"[10,15)",23,23
val,Ifran_6,Ifran_6_r002560_c000000,Ifran_6_r002560_c000000_Y2019_M07,Ifran_6|Ifran_6_r002560_c000000,Ifran_6|Ifran_6_r002560_c000000_Y2019_M07,IFRAN6_SG_0024,2560,0,2019,7,51,4.820000171661377,18.3700008392334,0.999362177102158,8.19,3,"[8,10)",51,51
val,Ifran_6,Ifran_6_r002560_c000000,Ifran_6_r002560_c000000_Y2019_M08,Ifran_6|Ifran_6_r002560_c000000,Ifran_6|Ifran_6_r002560_c000000_Y2019_M08,IFRAN6_SG_0024,2560,0,2019,8,51,4.820000171661377,18.3700008392334,0.999362177102158,8.19,3,"[8,10)",51,51
val,Ifran_6,Ifran_6_r002560_c000000,Ifran_6_r002560_c000000_Y2019_M09,Ifran_6|Ifran_6_r002560_c000000,Ifran_6|Ifran_6_r002560_c000000_Y2019_M09,IFRAN6_SG_0024,2560,0,2019,9,51,4.820000171661377,18.3700008392334,0.999362177102158,8.19,3,"[8,10)",51,51
val,Ifran_6,Ifran_6_r002560_c000000,Ifran_6_r002560_c000000_Y2020_M05,Ifran_6|Ifran_6_r002560_c000000,Ifran_6|Ifran_6_r002560_c000000_Y2020_M05,IFRAN6_SG_0024,2560,0,2020,5,132,4.239999771118164,18.3700008392334,0.999362177102158,8.262,3,"[8,10)",132,132
val,Ifran_6,Ifran_6_r002560_c000000,Ifran_6_r002560_c000000_Y2020_M06,Ifran_6|Ifran_6_r002560_c000000,Ifran_6|Ifran_6_r002560_c000000_Y2020_M06,IFRAN6_SG_0024,2560,0,2020,6,132,4.239999771118164,18.3700008392334,0.999362177102158,8.262,3,"[8,10)",132,132
val,Ifran_6,Ifran_6_r002560_c000000,Ifran_6_r002560_c000000_Y2020_M07,Ifran_6|Ifran_6_r002560_c000000,Ifran_6|Ifran_6_r002560_c000000_Y2020_M07,IFRAN6_SG_0024,2560,0,2020,7,81,3.849999904632568,12.800000190734863,0.999362177102158,8.27,3,"[8,10)",81,81
val,Ifran_6,Ifran_6_r002560_c000000,Ifran_6_r002560_c000000_Y2020_M08,Ifran_6|Ifran_6_r002560_c000000,Ifran_6|Ifran_6_r002560_c000000_Y2020_M08,IFRAN6_SG_0024,2560,0,2020,8,81,3.849999904632568,12.800000190734863,0.999362177102158,8.27,3,"[8,10)",81,81
val,Ifran_6,Ifran_6_r002560_c000000,Ifran_6_r002560_c000000_Y2020_M09,Ifran_6|Ifran_6_r002560_c000000,Ifran_6|Ifran_6_r002560_c000000_Y2020_M09,IFRAN6_SG_0024,2560,0,2020,9,81,3.849999904632568,12.800000190734863,0.999362177102158,8.27,3,"[8,10)",81,81
val,Ifran_6,Ifran_6_r002560_c000000,Ifran_6_r002560_c000000_Y2022_M05,Ifran_6|Ifran_6_r002560_c000000,Ifran_6|Ifran_6_r002560_c000000_Y2022_M05,IFRAN6_SG_0024,2560,0,2022,5,98,4.725000381469727,19.25,0.999362177102158,10.173,4,"[10,15)",98,98
val,Ifran_6,Ifran_6_r002560_c000000,Ifran_6_r002560_c000000_Y2022_M06,Ifran_6|Ifran_6_r002560_c000000,Ifran_6|Ifran_6_r002560_c000000_Y2022_M06,IFRAN6_SG_0024,2560,0,2022,6,98,4.725000381469727,19.25,0.999362177102158,10.173,4,"[10,15)",98,98
val,Ifran_6,Ifran_6_r002560_c000000,Ifran_6_r002560_c000000_Y2022_M07,Ifran_6|Ifran_6_r002560_c000000,Ifran_6|Ifran_6_r002560_c000000_Y2022_M07,IFRAN6_SG_0024,2560,0,2022,7,195,4.559999942779541,19.25,0.999362177102158,8.984,3,"[8,10)",195,195
val,Ifran_6,Ifran_6_r002560_c000000,Ifran_6_r002560_c000000_Y2022_M08,Ifran_6|Ifran_6_r002560_c000000,Ifran_6|Ifran_6_r002560_c000000_Y2022_M08,IFRAN6_SG_0024,2560,0,2022,8,182,4.574999809265137,19.25,0.999362177102158,8.996,3,"[8,10)",182,182
val,Ifran_6,Ifran_6_r002560_c000000,Ifran_6_r002560_c000000_Y2022_M09,Ifran_6|Ifran_6_r002560_c000000,Ifran_6|Ifran_6_r002560_c000000_Y2022_M09,IFRAN6_SG_0024,2560,0,2022,9,185,4.590000152587891,19.25,0.999362177102158,8.984,3,"[8,10)",185,185
train,Ifran_6,Ifran_6_r002560_c000512,Ifran_6_r002560_c000512_Y2020_M05,Ifran_6|Ifran_6_r002560_c000512,Ifran_6|Ifran_6_r002560_c000512_Y2020_M05,IFRAN6_SG_0025,2560,512,2020,5,788,4.489999771118164,22.8799991607666,0.9999238636652032,9.922000000000002,3,"[8,10)",788,788
train,Ifran_6,Ifran_6_r002560_c000512,Ifran_6_r002560_c000512_Y2020_M06,Ifran_6|Ifran_6_r002560_c000512,Ifran_6|Ifran_6_r002560_c000512_Y2020_M06,IFRAN6_SG_0025,2560,512,2020,6,788,4.489999771118164,22.8799991607666,0.9999238636652032,9.922000000000002,3,"[8,10)",788,788
train,Ifran_6,Ifran_6_r002560_c000512,Ifran_6_r002560_c000512_Y2020_M07,Ifran_6|Ifran_6_r002560_c000512,Ifran_6|Ifran_6_r002560_c000512_Y2020_M07,IFRAN6_SG_0025,2560,512,2020,7,788,4.489999771118164,22.8799991607666,0.9999238636652032,9.922000000000002,3,"[8,10)",788,788
train,Ifran_6,Ifran_6_r002560_c000512,Ifran_6_r002560_c000512_Y2020_M08,Ifran_6|Ifran_6_r002560_c000512,Ifran_6|Ifran_6_r002560_c000512_Y2020_M08,IFRAN6_SG_0025,2560,512,2020,8,788,4.489999771118164,22.8799991607666,0.9999238636652032,9.922000000000002,3,"[8,10)",788,788
train,Ifran_6,Ifran_6_r002560_c000512,Ifran_6_r002560_c000512_Y2020_M09,Ifran_6|Ifran_6_r002560_c000512,Ifran_6|Ifran_6_r002560_c000512_Y2020_M09,IFRAN6_SG_0025,2560,512,2020,9,788,4.489999771118164,22.8799991607666,0.9999238636652032,9.922000000000002,3,"[8,10)",788,788
train,Ifran_6,Ifran_6_r002560_c000512,Ifran_6_r002560_c000512_Y2021_M08,Ifran_6|Ifran_6_r002560_c000512,Ifran_6|Ifran_6_r002560_c000512_Y2021_M08,IFRAN6_SG_0025,2560,512,2021,8,318,4.730000019073486,14.890000343322754,0.9999238636652032,9.8,3,"[8,10)",318,318
train,Ifran_6,Ifran_6_r002560_c000512,Ifran_6_r002560_c000512_Y2021_M09,Ifran_6|Ifran_6_r002560_c000512,Ifran_6|Ifran_6_r002560_c000512_Y2021_M09,IFRAN6_SG_0025,2560,512,2021,9,318,4.730000019073486,14.890000343322754,0.9999238636652032,9.8,3,"[8,10)",318,318
train,Ifran_6,Ifran_6_r002560_c000512,Ifran_6_r002560_c000512_Y2022_M05,Ifran_6|Ifran_6_r002560_c000512,Ifran_6|Ifran_6_r002560_c000512_Y2022_M05,IFRAN6_SG_0025,2560,512,2022,5,575,4.860000133514404,18.670000076293945,0.9999238636652032,9.916,3,"[8,10)",575,575
train,Ifran_6,Ifran_6_r002560_c000512,Ifran_6_r002560_c000512_Y2022_M06,Ifran_6|Ifran_6_r002560_c000512,Ifran_6|Ifran_6_r002560_c000512_Y2022_M06,IFRAN6_SG_0025,2560,512,2022,6,575,4.860000133514404,18.670000076293945,0.9999238636652032,9.916,3,"[8,10)",575,575
train,Ifran_6,Ifran_6_r002560_c000512,Ifran_6_r002560_c000512_Y2022_M07,Ifran_6|Ifran_6_r002560_c000512,Ifran_6|Ifran_6_r002560_c000512_Y2022_M07,IFRAN6_SG_0025,2560,512,2022,7,851,4.590000152587891,18.940000534057617,0.9999238636652032,9.32,3,"[8,10)",851,851
train,Ifran_6,Ifran_6_r002560_c000512,Ifran_6_r002560_c000512_Y2022_M08,Ifran_6|Ifran_6_r002560_c000512,Ifran_6|Ifran_6_r002560_c000512_Y2022_M08,IFRAN6_SG_0025,2560,512,2022,8,533,4.519999980926514,18.940000534057617,0.9999238636652032,8.572000000000001,3,"[8,10)",533,533
train,Ifran_6,Ifran_6_r002560_c000512,Ifran_6_r002560_c000512_Y2022_M09,Ifran_6|Ifran_6_r002560_c000512,Ifran_6|Ifran_6_r002560_c000512_Y2022_M09,IFRAN6_SG_0025,2560,512,2022,9,937,4.639999866485596,18.940000534057617,0.9999238636652032,9.106,3,"[8,10)",937,937
train,Ifran_6,Ifran_6_r002560_c000512,Ifran_6_r002560_c000512_Y2023_M05,Ifran_6|Ifran_6_r002560_c000512,Ifran_6|Ifran_6_r002560_c000512_Y2023_M05,IFRAN6_SG_0025,2560,512,2023,5,680,4.505000114440918,18.940000534057617,0.9999238636652032,8.94,3,"[8,10)",680,680
train,Ifran_6,Ifran_6_r002560_c000512,Ifran_6_r002560_c000512_Y2023_M06,Ifran_6|Ifran_6_r002560_c000512,Ifran_6|Ifran_6_r002560_c000512_Y2023_M06,IFRAN6_SG_0025,2560,512,2023,6,680,4.505000114440918,18.940000534057617,0.9999238636652032,8.94,3,"[8,10)",680,680
train,Ifran_6,Ifran_6_r002560_c000512,Ifran_6_r002560_c000512_Y2023_M07,Ifran_6|Ifran_6_r002560_c000512,Ifran_6|Ifran_6_r002560_c000512_Y2023_M07,IFRAN6_SG_0025,2560,512,2023,7,404,4.920000076293945,16.959999084472656,0.9999238636652032,9.498,3,"[8,10)",404,404
train,Ifran_6,Ifran_6_r002560_c000512,Ifran_6_r002560_c000512_Y2023_M08,Ifran_6|Ifran_6_r002560_c000512,Ifran_6|Ifran_6_r002560_c000512_Y2023_M08,IFRAN6_SG_0025,2560,512,2023,8,404,4.920000076293945,16.959999084472656,0.9999238636652032,9.498,3,"[8,10)",404,404
train,Ifran_6,Ifran_6_r002560_c000512,Ifran_6_r002560_c000512_Y2024_M07,Ifran_6|Ifran_6_r002560_c000512,Ifran_6|Ifran_6_r002560_c000512_Y2024_M07,IFRAN6_SG_0025,2560,512,2024,7,224,5.150000095367432,15.609999656677246,0.9999238636652032,9.217000000000002,3,"[8,10)",224,224
train,Ifran_6,Ifran_6_r002560_c000512,Ifran_6_r002560_c000512_Y2024_M08,Ifran_6|Ifran_6_r002560_c000512,Ifran_6|Ifran_6_r002560_c000512_Y2024_M08,IFRAN6_SG_0025,2560,512,2024,8,224,5.150000095367432,15.609999656677246,0.9999238636652032,9.217000000000002,3,"[8,10)",224,224
train,Ifran_6,Ifran_6_r002560_c000512,Ifran_6_r002560_c000512_Y2024_M09,Ifran_6|Ifran_6_r002560_c000512,Ifran_6|Ifran_6_r002560_c000512_Y2024_M09,IFRAN6_SG_0025,2560,512,2024,9,224,5.150000095367432,15.609999656677246,0.9999238636652032,9.217000000000002,3,"[8,10)",224,224
train,Ifran_6,Ifran_6_r002560_c000512,Ifran_6_r002560_c000512_Y2025_M05,Ifran_6|Ifran_6_r002560_c000512,Ifran_6|Ifran_6_r002560_c000512_Y2025_M05,IFRAN6_SG_0025,2560,512,2025,5,452,5.150000095367432,16.770000457763672,0.9999238636652032,9.86,3,"[8,10)",452,452
train,Ifran_6,Ifran_6_r002560_c000512,Ifran_6_r002560_c000512_Y2025_M06,Ifran_6|Ifran_6_r002560_c000512,Ifran_6|Ifran_6_r002560_c000512_Y2025_M06,IFRAN6_SG_0025,2560,512,2025,6,452,5.150000095367432,16.770000457763672,0.9999238636652032,9.86,3,"[8,10)",452,452
train,Ifran_6,Ifran_6_r002560_c000512,Ifran_6_r002560_c000512_Y2025_M07,Ifran_6|Ifran_6_r002560_c000512,Ifran_6|Ifran_6_r002560_c000512_Y2025_M07,IFRAN6_SG_0025,2560,512,2025,7,372,5.0,16.770000457763672,0.9999238636652032,9.742000000000004,3,"[8,10)",372,372
train,Ifran_6,Ifran_6_r002560_c000512,Ifran_6_r002560_c000512_Y2025_M08,Ifran_6|Ifran_6_r002560_c000512,Ifran_6|Ifran_6_r002560_c000512_Y2025_M08,IFRAN6_SG_0025,2560,512,2025,8,372,5.0,16.770000457763672,0.9999238636652032,9.742000000000004,3,"[8,10)",372,372
train,Ifran_6,Ifran_6_r002560_c000512,Ifran_6_r002560_c000512_Y2025_M09,Ifran_6|Ifran_6_r002560_c000512,Ifran_6|Ifran_6_r002560_c000512_Y2025_M09,IFRAN6_SG_0025,2560,512,2025,9,372,5.0,16.770000457763672,0.9999238636652032,9.742000000000004,3,"[8,10)",372,372
train,Ifran_6,Ifran_6_r002560_c001024,Ifran_6_r002560_c001024_Y2019_M05,Ifran_6|Ifran_6_r002560_c001024,Ifran_6|Ifran_6_r002560_c001024_Y2019_M05,IFRAN6_SG_0026,2560,1024,2019,5,166,4.255000114440918,17.1200008392334,0.9999085505258344,8.745,3,"[8,10)",166,166
train,Ifran_6,Ifran_6_r002560_c001024,Ifran_6_r002560_c001024_Y2019_M06,Ifran_6|Ifran_6_r002560_c001024,Ifran_6|Ifran_6_r002560_c001024_Y2019_M06,IFRAN6_SG_0026,2560,1024,2019,6,166,4.255000114440918,17.1200008392334,0.9999085505258344,8.745,3,"[8,10)",166,166
train,Ifran_6,Ifran_6_r002560_c001024,Ifran_6_r002560_c001024_Y2019_M07,Ifran_6|Ifran_6_r002560_c001024,Ifran_6|Ifran_6_r002560_c001024_Y2019_M07,IFRAN6_SG_0026,2560,1024,2019,7,166,4.255000114440918,17.1200008392334,0.9999085505258344,8.745,3,"[8,10)",166,166
train,Ifran_6,Ifran_6_r002560_c001024,Ifran_6_r002560_c001024_Y2019_M08,Ifran_6|Ifran_6_r002560_c001024,Ifran_6|Ifran_6_r002560_c001024_Y2019_M08,IFRAN6_SG_0026,2560,1024,2019,8,166,4.255000114440918,17.1200008392334,0.9999085505258344,8.745,3,"[8,10)",166,166
train,Ifran_6,Ifran_6_r002560_c001024,Ifran_6_r002560_c001024_Y2019_M09,Ifran_6|Ifran_6_r002560_c001024,Ifran_6|Ifran_6_r002560_c001024_Y2019_M09,IFRAN6_SG_0026,2560,1024,2019,9,166,4.255000114440918,17.1200008392334,0.9999085505258344,8.745,3,"[8,10)",166,166
train,Ifran_6,Ifran_6_r002560_c001024,Ifran_6_r002560_c001024_Y2020_M05,Ifran_6|Ifran_6_r002560_c001024,Ifran_6|Ifran_6_r002560_c001024_Y2020_M05,IFRAN6_SG_0026,2560,1024,2020,5,951,4.300000190734863,42.09000015258789,0.9999085505258344,12.180000000000003,4,"[10,15)",949,949
train,Ifran_6,Ifran_6_r002560_c001024,Ifran_6_r002560_c001024_Y2020_M06,Ifran_6|Ifran_6_r002560_c001024,Ifran_6|Ifran_6_r002560_c001024_Y2020_M06,IFRAN6_SG_0026,2560,1024,2020,6,951,4.300000190734863,42.09000015258789,0.9999085505258344,12.180000000000003,4,"[10,15)",949,949
train,Ifran_6,Ifran_6_r002560_c001024,Ifran_6_r002560_c001024_Y2020_M07,Ifran_6|Ifran_6_r002560_c001024,Ifran_6|Ifran_6_r002560_c001024_Y2020_M07,IFRAN6_SG_0026,2560,1024,2020,7,951,4.300000190734863,42.09000015258789,0.9999085505258344,12.180000000000003,4,"[10,15)",949,949
train,Ifran_6,Ifran_6_r002560_c001024,Ifran_6_r002560_c001024_Y2020_M08,Ifran_6|Ifran_6_r002560_c001024,Ifran_6|Ifran_6_r002560_c001024_Y2020_M08,IFRAN6_SG_0026,2560,1024,2020,8,951,4.300000190734863,42.09000015258789,0.9999085505258344,12.180000000000003,4,"[10,15)",949,949
train,Ifran_6,Ifran_6_r002560_c001024,Ifran_6_r002560_c001024_Y2020_M09,Ifran_6|Ifran_6_r002560_c001024,Ifran_6|Ifran_6_r002560_c001024_Y2020_M09,IFRAN6_SG_0026,2560,1024,2020,9,951,4.300000190734863,42.09000015258789,0.9999085505258344,12.180000000000003,4,"[10,15)",949,949
train,Ifran_6,Ifran_6_r002560_c001024,Ifran_6_r002560_c001024_Y2021_M05,Ifran_6|Ifran_6_r002560_c001024,Ifran_6|Ifran_6_r002560_c001024_Y2021_M05,IFRAN6_SG_0026,2560,1024,2021,5,44,6.899999618530273,39.70000076293945,0.9999085505258344,33.688,7,"[30,40)",44,44
train,Ifran_6,Ifran_6_r002560_c001024,Ifran_6_r002560_c001024_Y2021_M06,Ifran_6|Ifran_6_r002560_c001024,Ifran_6|Ifran_6_r002560_c001024_Y2021_M06,IFRAN6_SG_0026,2560,1024,2021,6,44,6.899999618530273,39.70000076293945,0.9999085505258344,33.688,7,"[30,40)",44,44
train,Ifran_6,Ifran_6_r002560_c001024,Ifran_6_r002560_c001024_Y2021_M07,Ifran_6|Ifran_6_r002560_c001024,Ifran_6|Ifran_6_r002560_c001024_Y2021_M07,IFRAN6_SG_0026,2560,1024,2021,7,44,6.899999618530273,39.70000076293945,0.9999085505258344,33.688,7,"[30,40)",44,44
train,Ifran_6,Ifran_6_r002560_c001024,Ifran_6_r002560_c001024_Y2021_M08,Ifran_6|Ifran_6_r002560_c001024,Ifran_6|Ifran_6_r002560_c001024_Y2021_M08,IFRAN6_SG_0026,2560,1024,2021,8,84,5.664999961853027,39.70000076293945,0.9999085505258344,27.107000000000003,6,"[20,30)",84,84
train,Ifran_6,Ifran_6_r002560_c001024,Ifran_6_r002560_c001024_Y2021_M09,Ifran_6|Ifran_6_r002560_c001024,Ifran_6|Ifran_6_r002560_c001024_Y2021_M09,IFRAN6_SG_0026,2560,1024,2021,9,84,5.664999961853027,39.70000076293945,0.9999085505258344,27.107000000000003,6,"[20,30)",84,84
train,Ifran_6,Ifran_6_r002560_c001024,Ifran_6_r002560_c001024_Y2022_M05,Ifran_6|Ifran_6_r002560_c001024,Ifran_6|Ifran_6_r002560_c001024_Y2022_M05,IFRAN6_SG_0026,2560,1024,2022,5,414,5.125,36.11000061035156,0.9999085505258344,17.07199999999999,5,"[15,20)",414,414
train,Ifran_6,Ifran_6_r002560_c001024,Ifran_6_r002560_c001024_Y2022_M06,Ifran_6|Ifran_6_r002560_c001024,Ifran_6|Ifran_6_r002560_c001024_Y2022_M06,IFRAN6_SG_0026,2560,1024,2022,6,414,5.125,36.11000061035156,0.9999085505258344,17.07199999999999,5,"[15,20)",414,414
train,Ifran_6,Ifran_6_r002560_c001024,Ifran_6_r002560_c001024_Y2022_M07,Ifran_6|Ifran_6_r002560_c001024,Ifran_6|Ifran_6_r002560_c001024_Y2022_M07,IFRAN6_SG_0026,2560,1024,2022,7,427,5.179999828338623,36.11000061035156,0.9999085505258344,16.272000000000013,5,"[15,20)",427,427
train,Ifran_6,Ifran_6_r002560_c001024,Ifran_6_r002560_c001024_Y2022_M08,Ifran_6|Ifran_6_r002560_c001024,Ifran_6|Ifran_6_r002560_c001024_Y2022_M08,IFRAN6_SG_0026,2560,1024,2022,8,387,5.179999828338623,36.11000061035156,0.9999085505258344,17.33,5,"[15,20)",387,387
train,Ifran_6,Ifran_6_r002560_c001024,Ifran_6_r002560_c001024_Y2022_M09,Ifran_6|Ifran_6_r002560_c001024,Ifran_6|Ifran_6_r002560_c001024_Y2022_M09,IFRAN6_SG_0026,2560,1024,2022,9,602,4.364999771118164,36.11000061035156,0.9999085505258344,12.674999999999995,4,"[10,15)",602,602
train,Ifran_6,Ifran_6_r002560_c001024,Ifran_6_r002560_c001024_Y2024_M07,Ifran_6|Ifran_6_r002560_c001024,Ifran_6|Ifran_6_r002560_c001024_Y2024_M07,IFRAN6_SG_0026,2560,1024,2024,7,218,3.930000066757202,21.96999931335449,0.9999085505258344,9.783,3,"[8,10)",218,218
train,Ifran_6,Ifran_6_r002560_c001024,Ifran_6_r002560_c001024_Y2024_M08,Ifran_6|Ifran_6_r002560_c001024,Ifran_6|Ifran_6_r002560_c001024_Y2024_M08,IFRAN6_SG_0026,2560,1024,2024,8,218,3.930000066757202,21.96999931335449,0.9999085505258344,9.783,3,"[8,10)",218,218
train,Ifran_6,Ifran_6_r002560_c001024,Ifran_6_r002560_c001024_Y2024_M09,Ifran_6|Ifran_6_r002560_c001024,Ifran_6|Ifran_6_r002560_c001024_Y2024_M09,IFRAN6_SG_0026,2560,1024,2024,9,218,3.930000066757202,21.96999931335449,0.9999085505258344,9.783,3,"[8,10)",218,218
train,Ifran_6,Ifran_6_r002560_c001024,Ifran_6_r002560_c001024_Y2025_M05,Ifran_6|Ifran_6_r002560_c001024,Ifran_6|Ifran_6_r002560_c001024_Y2025_M05,IFRAN6_SG_0026,2560,1024,2025,5,540,3.990000009536743,41.70000076293945,0.9999085505258344,11.292000000000002,4,"[10,15)",540,540
train,Ifran_6,Ifran_6_r002560_c001024,Ifran_6_r002560_c001024_Y2025_M06,Ifran_6|Ifran_6_r002560_c001024,Ifran_6|Ifran_6_r002560_c001024_Y2025_M06,IFRAN6_SG_0026,2560,1024,2025,6,540,3.990000009536743,41.70000076293945,0.9999085505258344,11.292000000000002,4,"[10,15)",540,540
train,Ifran_6,Ifran_6_r002560_c001024,Ifran_6_r002560_c001024_Y2025_M07,Ifran_6|Ifran_6_r002560_c001024,Ifran_6|Ifran_6_r002560_c001024_Y2025_M07,IFRAN6_SG_0026,2560,1024,2025,7,322,4.03000020980835,41.70000076293945,0.9999085505258344,13.446000000000002,4,"[10,15)",322,322
train,Ifran_6,Ifran_6_r002560_c001024,Ifran_6_r002560_c001024_Y2025_M08,Ifran_6|Ifran_6_r002560_c001024,Ifran_6|Ifran_6_r002560_c001024_Y2025_M08,IFRAN6_SG_0026,2560,1024,2025,8,322,4.03000020980835,41.70000076293945,0.9999085505258344,13.446000000000002,4,"[10,15)",322,322
train,Ifran_6,Ifran_6_r002560_c001024,Ifran_6_r002560_c001024_Y2025_M09,Ifran_6|Ifran_6_r002560_c001024,Ifran_6|Ifran_6_r002560_c001024_Y2025_M09,IFRAN6_SG_0026,2560,1024,2025,9,322,4.03000020980835,41.70000076293945,0.9999085505258344,13.446000000000002,4,"[10,15)",322,322
train,Ifran_6,Ifran_6_r002560_c001536,Ifran_6_r002560_c001536_Y2019_M05,Ifran_6|Ifran_6_r002560_c001536,Ifran_6|Ifran_6_r002560_c001536_Y2019_M05,IFRAN6_SG_0027,2560,1536,2019,5,285,4.440000057220459,32.439998626708984,0.9995605591361848,15.215999999999994,5,"[15,20)",285,285
train,Ifran_6,Ifran_6_r002560_c001536,Ifran_6_r002560_c001536_Y2019_M06,Ifran_6|Ifran_6_r002560_c001536,Ifran_6|Ifran_6_r002560_c001536_Y2019_M06,IFRAN6_SG_0027,2560,1536,2019,6,285,4.440000057220459,32.439998626708984,0.9995605591361848,15.215999999999994,5,"[15,20)",285,285
train,Ifran_6,Ifran_6_r002560_c001536,Ifran_6_r002560_c001536_Y2019_M07,Ifran_6|Ifran_6_r002560_c001536,Ifran_6|Ifran_6_r002560_c001536_Y2019_M07,IFRAN6_SG_0027,2560,1536,2019,7,285,4.440000057220459,32.439998626708984,0.9995605591361848,15.215999999999994,5,"[15,20)",285,285
train,Ifran_6,Ifran_6_r002560_c001536,Ifran_6_r002560_c001536_Y2019_M08,Ifran_6|Ifran_6_r002560_c001536,Ifran_6|Ifran_6_r002560_c001536_Y2019_M08,IFRAN6_SG_0027,2560,1536,2019,8,285,4.440000057220459,32.439998626708984,0.9995605591361848,15.215999999999994,5,"[15,20)",285,285
train,Ifran_6,Ifran_6_r002560_c001536,Ifran_6_r002560_c001536_Y2019_M09,Ifran_6|Ifran_6_r002560_c001536,Ifran_6|Ifran_6_r002560_c001536_Y2019_M09,IFRAN6_SG_0027,2560,1536,2019,9,285,4.440000057220459,32.439998626708984,0.9995605591361848,15.215999999999994,5,"[15,20)",285,285
train,Ifran_6,Ifran_6_r002560_c001536,Ifran_6_r002560_c001536_Y2020_M05,Ifran_6|Ifran_6_r002560_c001536,Ifran_6|Ifran_6_r002560_c001536_Y2020_M05,IFRAN6_SG_0027,2560,1536,2020,5,164,5.769999980926514,38.7599983215332,0.9995605591361848,19.198,5,"[15,20)",164,164
train,Ifran_6,Ifran_6_r002560_c001536,Ifran_6_r002560_c001536_Y2020_M06,Ifran_6|Ifran_6_r002560_c001536,Ifran_6|Ifran_6_r002560_c001536_Y2020_M06,IFRAN6_SG_0027,2560,1536,2020,6,164,5.769999980926514,38.7599983215332,0.9995605591361848,19.198,5,"[15,20)",164,164
train,Ifran_6,Ifran_6_r002560_c001536,Ifran_6_r002560_c001536_Y2020_M07,Ifran_6|Ifran_6_r002560_c001536,Ifran_6|Ifran_6_r002560_c001536_Y2020_M07,IFRAN6_SG_0027,2560,1536,2020,7,164,5.769999980926514,38.7599983215332,0.9995605591361848,19.198,5,"[15,20)",164,164
train,Ifran_6,Ifran_6_r002560_c001536,Ifran_6_r002560_c001536_Y2020_M08,Ifran_6|Ifran_6_r002560_c001536,Ifran_6|Ifran_6_r002560_c001536_Y2020_M08,IFRAN6_SG_0027,2560,1536,2020,8,164,5.769999980926514,38.7599983215332,0.9995605591361848,19.198,5,"[15,20)",164,164
train,Ifran_6,Ifran_6_r002560_c001536,Ifran_6_r002560_c001536_Y2020_M09,Ifran_6|Ifran_6_r002560_c001536,Ifran_6|Ifran_6_r002560_c001536_Y2020_M09,IFRAN6_SG_0027,2560,1536,2020,9,164,5.769999980926514,38.7599983215332,0.9995605591361848,19.198,5,"[15,20)",164,164
train,Ifran_6,Ifran_6_r002560_c001536,Ifran_6_r002560_c001536_Y2021_M05,Ifran_6|Ifran_6_r002560_c001536,Ifran_6|Ifran_6_r002560_c001536_Y2021_M05,IFRAN6_SG_0027,2560,1536,2021,5,76,5.159999847412109,41.290000915527344,0.9995605591361848,25.415,6,"[20,30)",76,76
train,Ifran_6,Ifran_6_r002560_c001536,Ifran_6_r002560_c001536_Y2021_M06,Ifran_6|Ifran_6_r002560_c001536,Ifran_6|Ifran_6_r002560_c001536_Y2021_M06,IFRAN6_SG_0027,2560,1536,2021,6,76,5.159999847412109,41.290000915527344,0.9995605591361848,25.415,6,"[20,30)",76,76
train,Ifran_6,Ifran_6_r002560_c001536,Ifran_6_r002560_c001536_Y2021_M07,Ifran_6|Ifran_6_r002560_c001536,Ifran_6|Ifran_6_r002560_c001536_Y2021_M07,IFRAN6_SG_0027,2560,1536,2021,7,76,5.159999847412109,41.290000915527344,0.9995605591361848,25.415,6,"[20,30)",76,76
train,Ifran_6,Ifran_6_r002560_c001536,Ifran_6_r002560_c001536_Y2021_M08,Ifran_6|Ifran_6_r002560_c001536,Ifran_6|Ifran_6_r002560_c001536_Y2021_M08,IFRAN6_SG_0027,2560,1536,2021,8,76,5.159999847412109,41.290000915527344,0.9995605591361848,25.415,6,"[20,30)",76,76
train,Ifran_6,Ifran_6_r002560_c001536,Ifran_6_r002560_c001536_Y2021_M09,Ifran_6|Ifran_6_r002560_c001536,Ifran_6|Ifran_6_r002560_c001536_Y2021_M09,IFRAN6_SG_0027,2560,1536,2021,9,76,5.159999847412109,41.290000915527344,0.9995605591361848,25.415,6,"[20,30)",76,76
train,Ifran_6,Ifran_6_r002560_c001536,Ifran_6_r002560_c001536_Y2022_M05,Ifran_6|Ifran_6_r002560_c001536,Ifran_6|Ifran_6_r002560_c001536_Y2022_M05,IFRAN6_SG_0027,2560,1536,2022,5,54,8.645000457763672,37.65999984741211,0.9995605591361848,29.533,6,"[20,30)",54,54
train,Ifran_6,Ifran_6_r002560_c001536,Ifran_6_r002560_c001536_Y2022_M06,Ifran_6|Ifran_6_r002560_c001536,Ifran_6|Ifran_6_r002560_c001536_Y2022_M06,IFRAN6_SG_0027,2560,1536,2022,6,54,8.645000457763672,37.65999984741211,0.9995605591361848,29.533,6,"[20,30)",54,54
train,Ifran_6,Ifran_6_r002560_c001536,Ifran_6_r002560_c001536_Y2022_M07,Ifran_6|Ifran_6_r002560_c001536,Ifran_6|Ifran_6_r002560_c001536_Y2022_M07,IFRAN6_SG_0027,2560,1536,2022,7,54,8.645000457763672,37.65999984741211,0.9995605591361848,29.533,6,"[20,30)",54,54
train,Ifran_6,Ifran_6_r002560_c001536,Ifran_6_r002560_c001536_Y2022_M08,Ifran_6|Ifran_6_r002560_c001536,Ifran_6|Ifran_6_r002560_c001536_Y2022_M08,IFRAN6_SG_0027,2560,1536,2022,8,54,8.645000457763672,37.65999984741211,0.9995605591361848,29.533,6,"[20,30)",54,54
train,Ifran_6,Ifran_6_r002560_c001536,Ifran_6_r002560_c001536_Y2022_M09,Ifran_6|Ifran_6_r002560_c001536,Ifran_6|Ifran_6_r002560_c001536_Y2022_M09,IFRAN6_SG_0027,2560,1536,2022,9,54,8.645000457763672,37.65999984741211,0.9995605591361848,29.533,6,"[20,30)",54,54
train,Ifran_6,Ifran_6_r002560_c001536,Ifran_6_r002560_c001536_Y2024_M07,Ifran_6|Ifran_6_r002560_c001536,Ifran_6|Ifran_6_r002560_c001536_Y2024_M07,IFRAN6_SG_0027,2560,1536,2024,7,81,4.019999980926514,18.5,0.9995605591361848,9.74,3,"[8,10)",81,81
train,Ifran_6,Ifran_6_r002560_c001536,Ifran_6_r002560_c001536_Y2024_M08,Ifran_6|Ifran_6_r002560_c001536,Ifran_6|Ifran_6_r002560_c001536_Y2024_M08,IFRAN6_SG_0027,2560,1536,2024,8,81,4.019999980926514,18.5,0.9995605591361848,9.74,3,"[8,10)",81,81
train,Ifran_6,Ifran_6_r002560_c001536,Ifran_6_r002560_c001536_Y2024_M09,Ifran_6|Ifran_6_r002560_c001536,Ifran_6|Ifran_6_r002560_c001536_Y2024_M09,IFRAN6_SG_0027,2560,1536,2024,9,81,4.019999980926514,18.5,0.9995605591361848,9.74,3,"[8,10)",81,81
train,Ifran_6,Ifran_6_r002560_c001536,Ifran_6_r002560_c001536_Y2025_M05,Ifran_6|Ifran_6_r002560_c001536,Ifran_6|Ifran_6_r002560_c001536_Y2025_M05,IFRAN6_SG_0027,2560,1536,2025,5,219,4.46999979019165,32.779998779296875,0.9995605591361848,13.528000000000006,4,"[10,15)",219,219
train,Ifran_6,Ifran_6_r002560_c001536,Ifran_6_r002560_c001536_Y2025_M06,Ifran_6|Ifran_6_r002560_c001536,Ifran_6|Ifran_6_r002560_c001536_Y2025_M06,IFRAN6_SG_0027,2560,1536,2025,6,219,4.46999979019165,32.779998779296875,0.9995605591361848,13.528000000000006,4,"[10,15)",219,219
train,Ifran_6,Ifran_6_r002560_c001536,Ifran_6_r002560_c001536_Y2025_M07,Ifran_6|Ifran_6_r002560_c001536,Ifran_6|Ifran_6_r002560_c001536_Y2025_M07,IFRAN6_SG_0027,2560,1536,2025,7,138,4.619999885559082,32.779998779296875,0.9995605591361848,17.041,5,"[15,20)",138,138
train,Ifran_6,Ifran_6_r002560_c001536,Ifran_6_r002560_c001536_Y2025_M08,Ifran_6|Ifran_6_r002560_c001536,Ifran_6|Ifran_6_r002560_c001536_Y2025_M08,IFRAN6_SG_0027,2560,1536,2025,8,138,4.619999885559082,32.779998779296875,0.9995605591361848,17.041,5,"[15,20)",138,138
train,Ifran_6,Ifran_6_r002560_c001536,Ifran_6_r002560_c001536_Y2025_M09,Ifran_6|Ifran_6_r002560_c001536,Ifran_6|Ifran_6_r002560_c001536_Y2025_M09,IFRAN6_SG_0027,2560,1536,2025,9,138,4.619999885559082,32.779998779296875,0.9995605591361848,17.041,5,"[15,20)",138,138
